ekran	durum	tur	oran	zemin	on	yol	metin
ana-oynatici	edilgen	yazi	1.05	#B026FF	#71717A	Border#Root > Panel > ContentPresenter#PART_ContentPresenter > TextBlock @Button#BtnNoticeInstall	Download
ana-kucult	edilgen	yazi	1.05	#B026FF	#71717A	Border#Root > Panel > ContentPresenter#PART_ContentPresenter > TextBlock @Button#BtnRetryAgain	Try Again
ana-kucult	edilgen	yazi	1.05	#B026FF	#71717A	Border#Root > Panel > ContentPresenter#PART_ContentPresenter > TextBlock @Button#BtnTrimConfirm	Trim and Save
ana-kucult	edilgen	yazi	1.05	#B026FF	#71717A	Border#Root > Panel > ContentPresenter#PART_ContentPresenter > TextBlock @Button#BtnNoticeInstall	Download
ana-donustur	edilgen	yazi	1.05	#B026FF	#71717A	Border#Root > Panel > ContentPresenter#PART_ContentPresenter > TextBlock @Button#BtnNoticeInstall	Download
ana-kaydedici	edilgen	yazi	1.05	#B026FF	#71717A	Border#Root > Panel > ContentPresenter#PART_ContentPresenter > TextBlock @Button#BtnStart	Start
ana-kaydedici	edilgen	yazi	1.05	#B026FF	#71717A	Border#Root > Panel > ContentPresenter#PART_ContentPresenter > TextBlock @Button#BtnStop	Stop
ana-kaydedici	edilgen	yazi	1.05	#B026FF	#71717A	Border#Root > Panel > ContentPresenter#PART_ContentPresenter > TextBlock @Button#BtnToShrink	Send to Shrink
ana-kaydedici	edilgen	yazi	1.05	#B026FF	#71717A	Border#Root > Panel > ContentPresenter#PART_ContentPresenter > TextBlock @Button#BtnDrawRegion	Draw with mouse
ana-kaydedici	edilgen	yazi	1.05	#B026FF	#71717A	Border#Root > Panel > ContentPresenter#PART_ContentPresenter > TextBlock @Button#BtnNoticeInstall	Download
ana-gelismis	edilgen	yazi	1.05	#B026FF	#71717A	Border#Root > Panel > ContentPresenter#PART_ContentPresenter > TextBlock @Button#BtnNoticeInstall	Download
ana-ayarlar	edilgen	yazi	1.05	#B026FF	#71717A	Border#Root > Panel > ContentPresenter#PART_ContentPresenter > TextBlock @Button#BtnNoticeInstall	Download
RecorderMini	pressed	simge	1.19	#00F3FF	#FFFFFF	Border#Root > Panel > ContentPresenter#PART_ContentPresenter > Path @Button#BtnStop	Path
RecorderMini	pointerover	simge	1.28	#00F3FF	#FFFFFF	Border#Root > Panel > ContentPresenter#PART_ContentPresenter > Path @Button#BtnStop	Path
RecorderMini	dinlenik	simge	1.38	#00F3FF	#FFFFFF	Border#Root > Panel > ContentPresenter#PART_ContentPresenter > Path @Button#BtnStop	Path
RecorderMini	focus-visible	simge	1.38	#00F3FF	#FFFFFF	Border#Root > Panel > ContentPresenter#PART_ContentPresenter > Path @Button#BtnStop	Path
RecorderMini	edilgen	simge	1.38	#00F3FF	#FFFFFF	Border#Root > Panel > ContentPresenter#PART_ContentPresenter > Path @Button#BtnStop	Path
ana-kucult	pointerover	yazi	1.48	#0D656B	#B026FF	Border#Root > Panel > ContentPresenter#PART_ContentPresenter > TextBlock @Button#BtnZoomIn	+
acilir-liste	edilgen	yazi	1.74	#0D565C	#71717A	ComboBoxItem > Border#ItemBorder > ContentPresenter#PART_ContentPresenter > TextBlock	Seçili seçenek
kucultme-isi	edilgen	yazi	2.27	#666669	#66FFFFFF	WrapPanel > Button#BtnOvershootStop > ContentPresenter#PART_ContentPresenter > AccessText @Button#BtnOvershootStop	Bu Haliyle Bırak
kucultme-isi	edilgen	yazi	2.27	#666669	#66FFFFFF	StackPanel#QueueControls > Button#BtnPause > ContentPresenter#PART_ContentPresenter > AccessText @Button#BtnPause	Sırayı Duraklat
kucultme-isi	edilgen	yazi	2.27	#666669	#66FFFFFF	Grid#CountdownRow > Button#BtnCountdownCancel > ContentPresenter#PART_ContentPresenter > AccessText @Button#BtnCountdownCancel	Vazgeç
kucultme-isi	edilgen	yazi	2.27	#666669	#66FFFFFF	WrapPanel > Button#BtnOpenInApp > ContentPresenter#PART_ContentPresenter > AccessText @Button#BtnOpenInApp	Uygulamada Aç
kucultme-isi	edilgen	yazi	2.27	#666669	#66FFFFFF	WrapPanel > Button#BtnReveal > ContentPresenter#PART_ContentPresenter > AccessText @Button#BtnReveal	Klasörde Göster
kucultme-isi	edilgen	yazi	2.27	#666669	#66FFFFFF	WrapPanel > Button#BtnShare > ContentPresenter#PART_ContentPresenter > AccessText @Button#BtnShare	Dosyayı Paylaş
kucultme-isi	edilgen	yazi	2.27	#666669	#66FFFFFF	WrapPanel > Button#BtnShareCancel > ContentPresenter#PART_ContentPresenter > AccessText @Button#BtnShareCancel	Yüklemeyi İptal Et
kucultme-isi	edilgen	yazi	2.27	#666669	#66FFFFFF	WrapPanel > Button#BtnClose > ContentPresenter#PART_ContentPresenter > AccessText @Button#BtnClose	İptal
kucultme-isi	edilgen	yazi	2.27	#666669	#66FFFFFF	Grid#ShareLinkRow > Button#BtnShareCopy > ContentPresenter#PART_ContentPresenter > AccessText @Button#BtnShareCopy	Kopyala
ana-oynatici	pressed	yazi	2.48	#7B64FF	#000000	Border#Root > Panel > ContentPresenter#PART_ContentPresenter > TextBlock @Button#BtnNoticeInstall	Download
ana-kucult	pressed	yazi	2.48	#7B64FF	#000000	Border#Root > Panel > ContentPresenter#PART_ContentPresenter > TextBlock @Button#BtnRetryAgain	Try Again
ana-kucult	pressed	yazi	2.48	#7B64FF	#000000	Border#Root > Panel > ContentPresenter#PART_ContentPresenter > TextBlock @Button#BtnTrimConfirm	Trim and Save
ana-kucult	pressed	yazi	2.48	#7B64FF	#000000	Border#Root > Panel > ContentPresenter#PART_ContentPresenter > TextBlock @Button#BtnNoticeInstall	Download
ana-donustur	pressed	yazi	2.48	#7B64FF	#000000	Border#Root > Panel > ContentPresenter#PART_ContentPresenter > TextBlock @Button#BtnNoticeInstall	Download
ana-kaydedici	pressed	yazi	2.48	#7B64FF	#000000	Border#Root > Panel > ContentPresenter#PART_ContentPresenter > TextBlock @Button#BtnStart	Start
ana-kaydedici	pressed	yazi	2.48	#7B64FF	#000000	Border#Root > Panel > ContentPresenter#PART_ContentPresenter > TextBlock @Button#BtnStop	Stop
ana-kaydedici	pressed	yazi	2.48	#7B64FF	#000000	Border#Root > Panel > ContentPresenter#PART_ContentPresenter > TextBlock @Button#BtnToShrink	Send to Shrink
ana-kaydedici	pressed	yazi	2.48	#7B64FF	#000000	Border#Root > Panel > ContentPresenter#PART_ContentPresenter > TextBlock @Button#BtnDrawRegion	Draw with mouse
ana-kaydedici	pressed	yazi	2.48	#7B64FF	#000000	Border#Root > Panel > ContentPresenter#PART_ContentPresenter > TextBlock @Button#BtnNoticeInstall	Download
ana-gelismis	pressed	yazi	2.48	#7B64FF	#000000	Border#Root > Panel > ContentPresenter#PART_ContentPresenter > TextBlock @Button#BtnNoticeInstall	Download
ana-ayarlar	pressed	yazi	2.48	#7B64FF	#000000	Border#Root > Panel > ContentPresenter#PART_ContentPresenter > TextBlock @Button#BtnNoticeInstall	Download
ana-kaydedici	edilgen	yazi	2.88	#292D2D	#71717A	RadioButton#RadAdvanced > Grid > ContentPresenter#PART_ContentPresenter > TextBlock @RadioButton#RadAdvanced	Advanced
ana-kaydedici	edilgen	yazi	3.15	#242626	#71717A	RadioButton#RadSimple > Grid > ContentPresenter#PART_ContentPresenter > TextBlock @RadioButton#RadSimple	Simple
kucultme-isi	pressed	yazi	3.33	#8D8D8E	#FFFFFF	WrapPanel > Button#BtnOvershootStop > ContentPresenter#PART_ContentPresenter > AccessText @Button#BtnOvershootStop	Bu Haliyle Bırak
kucultme-isi	pressed	yazi	3.33	#8D8D8E	#FFFFFF	StackPanel#QueueControls > Button#BtnPause > ContentPresenter#PART_ContentPresenter > AccessText @Button#BtnPause	Sırayı Duraklat
kucultme-isi	pressed	yazi	3.33	#8D8D8E	#FFFFFF	Grid#CountdownRow > Button#BtnCountdownCancel > ContentPresenter#PART_ContentPresenter > AccessText @Button#BtnCountdownCancel	Vazgeç
kucultme-isi	pressed	yazi	3.33	#8D8D8E	#FFFFFF	WrapPanel > Button#BtnOpenInApp > ContentPresenter#PART_ContentPresenter > AccessText @Button#BtnOpenInApp	Uygulamada Aç
kucultme-isi	pressed	yazi	3.33	#8D8D8E	#FFFFFF	WrapPanel > Button#BtnReveal > ContentPresenter#PART_ContentPresenter > AccessText @Button#BtnReveal	Klasörde Göster
kucultme-isi	pressed	yazi	3.33	#8D8D8E	#FFFFFF	WrapPanel > Button#BtnShare > ContentPresenter#PART_ContentPresenter > AccessText @Button#BtnShare	Dosyayı Paylaş
kucultme-isi	pressed	yazi	3.33	#8D8D8E	#FFFFFF	WrapPanel > Button#BtnShareCancel > ContentPresenter#PART_ContentPresenter > AccessText @Button#BtnShareCancel	Yüklemeyi İptal Et
kucultme-isi	pressed	yazi	3.33	#8D8D8E	#FFFFFF	WrapPanel > Button#BtnClose > ContentPresenter#PART_ContentPresenter > AccessText @Button#BtnClose	İptal
kucultme-isi	pressed	yazi	3.33	#8D8D8E	#FFFFFF	Grid#ShareLinkRow > Button#BtnShareCopy > ContentPresenter#PART_ContentPresenter > AccessText @Button#BtnShareCopy	Kopyala
ana-kucult	edilgen	yazi	3.51	#2C122E	#71717A	RadioButton#RbTrimBoth > Grid > ContentPresenter#PART_ContentPresenter > TextBlock @RadioButton#RbTrimBoth	From Both
ana-oynatici	pointerover	yazi	3.56	#9645FF	#000000	Border#Root > Panel > ContentPresenter#PART_ContentPresenter > TextBlock @Button#BtnNoticeInstall	Download
ana-kucult	pointerover	yazi	3.56	#9645FF	#000000	Border#Root > Panel > ContentPresenter#PART_ContentPresenter > TextBlock @Button#BtnRetryAgain	Try Again
ana-kucult	pointerover	yazi	3.56	#9645FF	#000000	Border#Root > Panel > ContentPresenter#PART_ContentPresenter > TextBlock @Button#BtnTrimConfirm	Trim and Save
ana-kucult	pointerover	yazi	3.56	#9645FF	#000000	Border#Root > Panel > ContentPresenter#PART_ContentPresenter > TextBlock @Button#BtnNoticeInstall	Download
ana-donustur	pointerover	yazi	3.56	#9645FF	#000000	Border#Root > Panel > ContentPresenter#PART_ContentPresenter > TextBlock @Button#BtnNoticeInstall	Download
ana-kaydedici	pointerover	yazi	3.56	#9645FF	#000000	Border#Root > Panel > ContentPresenter#PART_ContentPresenter > TextBlock @Button#BtnStart	Start
ana-kaydedici	pointerover	yazi	3.56	#9645FF	#000000	Border#Root > Panel > ContentPresenter#PART_ContentPresenter > TextBlock @Button#BtnStop	Stop
ana-kaydedici	pointerover	yazi	3.56	#9645FF	#000000	Border#Root > Panel > ContentPresenter#PART_ContentPresenter > TextBlock @Button#BtnToShrink	Send to Shrink
ana-kaydedici	pointerover	yazi	3.56	#9645FF	#000000	Border#Root > Panel > ContentPresenter#PART_ContentPresenter > TextBlock @Button#BtnDrawRegion	Draw with mouse
ana-kaydedici	pointerover	yazi	3.56	#9645FF	#000000	Border#Root > Panel > ContentPresenter#PART_ContentPresenter > TextBlock @Button#BtnNoticeInstall	Download
ana-gelismis	pointerover	yazi	3.56	#9645FF	#000000	Border#Root > Panel > ContentPresenter#PART_ContentPresenter > TextBlock @Button#BtnNoticeInstall	Download
ana-ayarlar	pointerover	yazi	3.56	#9645FF	#000000	Border#Root > Panel > ContentPresenter#PART_ContentPresenter > TextBlock @Button#BtnNoticeInstall	Download
ana-kucult	edilgen	yazi	3.57	#2A112C	#71717A	Border#Root > Panel > ContentPresenter#PART_ContentPresenter > TextBlock @Button#BtnRetryStop	Leave It as Is
ana-kucult	edilgen	yazi	3.61	#29102B	#71717A	RadioButton#RbTrimEnd > Grid > ContentPresenter#PART_ContentPresenter > TextBlock @RadioButton#RbTrimEnd	From the End
ana-kucult	edilgen	yazi	3.61	#29102B	#71717A	RadioButton#RbTrimStart > Grid > ContentPresenter#PART_ContentPresenter > TextBlock @RadioButton#RbTrimStart	From the Start
ana-donustur	edilgen	yazi	3.72	#15171A	#71717A	Border#Root > Panel > ContentPresenter#PART_ContentPresenter > TextBlock @Button#BtnConvertReveal	Show in Folder
ana-kaydedici	edilgen	yazi	3.72	#15171A	#71717A	Border#Root > Panel > ContentPresenter#PART_ContentPresenter > TextBlock @Button#BtnRecShare	Share the File
ana-kaydedici	edilgen	yazi	3.72	#15171A	#71717A	Border#Root > Panel > ContentPresenter#PART_ContentPresenter > TextBlock @Button#BtnRecShareCancel	Cancel the Upload
ana-ayarlar	edilgen	yazi	3.72	#121719	#71717A	CheckBox#ChkAdvancedDefaultOpen > Grid > ContentPresenter#PART_ContentPresenter > TextBlock @CheckBox#ChkAdvancedDefaultOpen	Show Advanced Options Expanded by Defaul…
ana-kaydedici	edilgen	yazi	3.73	#15161A	#71717A	Border#Root > Panel > ContentPresenter#PART_ContentPresenter > TextBlock @Button#BtnTrimIdle	Trim Idle Parts
ana-kucult	edilgen	simge	3.75	#141619	#71717A	Border#Root > Panel > ContentPresenter#PART_ContentPresenter > Path#GlyphRestart @Button#Restart	GlyphRestart
ana-kucult	pointerover	yazi	3.75	#2A112C	#B026FF	Border#Root > Panel > ContentPresenter#PART_ContentPresenter > TextBlock @Button#BtnRetryStop	Leave It as Is
ana-kaydedici	edilgen	yazi	3.75	#121618	#71717A	Border#Root > Panel > ContentPresenter#PART_ContentPresenter > TextBlock @Button#BtnReplay	Start Buffer
ana-kaydedici	edilgen	yazi	3.75	#121618	#71717A	Border#Root > Panel > ContentPresenter#PART_ContentPresenter > TextBlock @Button#BtnPause	Pause
ana-kaydedici	edilgen	yazi	3.75	#141619	#71717A	Border#Root > Panel > ContentPresenter#PART_ContentPresenter > TextBlock @Button#BtnToMp4	Save as MP4
ana-ayarlar	edilgen	yazi	3.76	#141619	#71717A	Border#Root > Panel > ContentPresenter#PART_ContentPresenter > TextBlock @Button#BtnResetOutputName	Default
ana-kucult	edilgen	simge	3.77	#131618	#71717A	Border#Root > Panel > ContentPresenter#PART_ContentPresenter > Path#GlyphPlayPause @Button#PlayPause	GlyphPlayPause
ana-kaydedici	edilgen	yazi	3.78	#121518	#71717A	Border#Root > Panel > ContentPresenter#PART_ContentPresenter > TextBlock @Button#BtnCountdownCancel	Cancel
ana-kaydedici	edilgen	yazi	3.78	#141518	#71717A	Border#Root > Panel > ContentPresenter#PART_ContentPresenter > TextBlock @Button#BtnWindowRefresh	Refresh
ana-kaydedici	edilgen	yazi	3.78	#141518	#71717A	Border#Root > Panel > ContentPresenter#PART_ContentPresenter > TextBlock @Button#BtnBrowse	Browse…
ana-kucult	edilgen	yazi	3.79	#141518	#71717A	Border#Root > Panel > ContentPresenter#PART_ContentPresenter > TextBlock @Button#BtnShareCopy	Copy
ana-donustur	edilgen	yazi	3.79	#141418	#71717A	Border#Root > Panel > ContentPresenter#PART_ContentPresenter > TextBlock @ScrollViewer#PageConvert	Browse Source
ana-kaydedici	edilgen	yazi	3.79	#141518	#71717A	Border#Root > Panel > ContentPresenter#PART_ContentPresenter > TextBlock @Button#BtnAudioRefresh	Refresh the List
ana-gelismis	edilgen	simge	3.79	#141518	#71717A	Border#Root > Panel > ContentPresenter#PART_ContentPresenter > Path#GlyphPerformance @Button#BtnPerformanceExpand	GlyphPerformance
ana-kaydedici	edilgen	yazi	3.80	#121517	#71717A	Border#Root > Panel > ContentPresenter#PART_ContentPresenter > TextBlock @Button#BtnReplaySave	Save Last 30 s
ana-kaydedici	edilgen	yazi	3.80	#121517	#71717A	Border#Root > Panel > ContentPresenter#PART_ContentPresenter > TextBlock @Button#BtnResume	Resume
ana-oynatici	edilgen	yazi	3.81	#0A1613	#71717A	Panel > StackPanel > ContentPresenter#PART_ContentPresenter > TextBlock @TabControl#Tabs	Convert
ana-kucult	edilgen	yazi	3.81	#141418	#71717A	Border#Root > Panel > ContentPresenter#PART_ContentPresenter > TextBlock @Button#BtnShare	Share the File
ana-kucult	edilgen	yazi	3.81	#0A1613	#71717A	Panel > StackPanel > ContentPresenter#PART_ContentPresenter > TextBlock @TabControl#Tabs	Convert
ana-donustur	edilgen	yazi	3.81	#0A1613	#71717A	Panel > StackPanel > ContentPresenter#PART_ContentPresenter > TextBlock @TabControl#Tabs	Convert
ana-kaydedici	edilgen	yazi	3.81	#121417	#71717A	Border#Root > Panel > ContentPresenter#PART_ContentPresenter > TextBlock @Button#BtnSnapshot	Snapshot
ana-kaydedici	edilgen	yazi	3.81	#131417	#71717A	CheckBox#ChkCursor > Grid > ContentPresenter#PART_ContentPresenter > TextBlock @CheckBox#ChkCursor	Show the mouse cursor
ana-kaydedici	edilgen	yazi	3.81	#131417	#71717A	CheckBox#ChkOpenFolder > Grid > ContentPresenter#PART_ContentPresenter > TextBlock @CheckBox#ChkOpenFolder	Open the folder when recording ends
ana-kaydedici	edilgen	yazi	3.81	#131417	#71717A	CheckBox#ChkNoiseSuppression > Grid > ContentPresenter#PART_ContentPresenter > TextBlock @CheckBox#ChkNoiseSuppression	Noise Suppression
ana-kaydedici	edilgen	yazi	3.81	#0A1613	#71717A	Panel > StackPanel > ContentPresenter#PART_ContentPresenter > TextBlock @TabControl#Tabs	Convert
ana-gelismis	edilgen	yazi	3.81	#0A1613	#71717A	Panel > StackPanel > ContentPresenter#PART_ContentPresenter > TextBlock @TabControl#Tabs	Convert
ana-ayarlar	edilgen	yazi	3.81	#121417	#71717A	Border#Root > Panel > ContentPresenter#PART_ContentPresenter > TextBlock @Button#BtnBrowseFfmpegPath	Browse…
ana-ayarlar	edilgen	yazi	3.81	#131417	#71717A	CheckBox#ChkShellMenuOpen > Grid > ContentPresenter#PART_ContentPresenter > TextBlock @CheckBox#ChkShellMenuOpen	Open this video with VidShrink
ana-ayarlar	edilgen	yazi	3.81	#131417	#71717A	CheckBox#ChkShellMenuShrink > Grid > ContentPresenter#PART_ContentPresenter > TextBlock @CheckBox#ChkShellMenuShrink	Shrink with VidShrink
ana-ayarlar	edilgen	yazi	3.81	#131417	#71717A	CheckBox > Grid > ContentPresenter#PART_ContentPresenter > TextBlock @PlayerAdvancedPanel#PlayerAdvancedPanel	Deinterlace
ana-ayarlar	edilgen	yazi	3.81	#0A1613	#71717A	Panel > StackPanel > ContentPresenter#PART_ContentPresenter > TextBlock @TabControl#Tabs	Convert
ana-kucult	edilgen	yazi	3.82	#131417	#71717A	Border#Root > Panel > ContentPresenter#PART_ContentPresenter > TextBlock @Button#BtnBrowseEmpty	Browse
ana-kucult	edilgen	yazi	3.82	#121417	#71717A	Border#Root > Panel > ContentPresenter#PART_ContentPresenter > TextBlock @Button#Chip100	100
ana-kaydedici	edilgen	yazi	3.82	#131417	#71717A	RadioButton#RadManual > Grid > ContentPresenter#PART_ContentPresenter > TextBlock @RadioButton#RadManual	I will pick the settings myself
ana-kaydedici	edilgen	yazi	3.82	#131417	#71717A	CheckBox#ChkShowKeys > Grid > ContentPresenter#PART_ContentPresenter > TextBlock @CheckBox#ChkShowKeys	Show Pressed Keys
ana-kucult	edilgen	simge	3.83	#131317	#71717A	Border#Root > Panel > ContentPresenter#PART_ContentPresenter > Path#GlyphPlanReasons @Button#BtnPlanReasons	GlyphPlanReasons
ana-kucult	edilgen	yazi	3.84	#121316	#71717A	Border#Root > Panel > ContentPresenter#PART_ContentPresenter > TextBlock @Button#Chip25	25
ana-kaydedici	edilgen	yazi	3.84	#131316	#71717A	Border#Root > Panel > ContentPresenter#PART_ContentPresenter > TextBlock @Button#BtnAutoMeasure	Measure Again
ana-gelismis	edilgen	yazi	3.84	#121316	#71717A	Border#Root > Panel > ContentPresenter#PART_ContentPresenter > TextBlock @ScrollViewer#PageAdvanced	Apply Pasted JSON
ana-ayarlar	edilgen	yazi	3.84	#121316	#71717A	Border#Root > Panel > ContentPresenter#PART_ContentPresenter > TextBlock @Button#BtnBrowseOutputFolder	Browse…
ana-kucult	edilgen	yazi	3.85	#121316	#71717A	Border#Root > Panel > ContentPresenter#PART_ContentPresenter > TextBlock @Button#ChipHalf	Half
ana-kucult	edilgen	yazi	3.85	#121316	#71717A	Border#Root > Panel > ContentPresenter#PART_ContentPresenter > TextBlock @Button#Chip8	8
ana-kucult	edilgen	yazi	3.85	#111316	#71717A	Border#Root > Panel > ContentPresenter#PART_ContentPresenter > TextBlock @Button#ChipWhatsApp	16
ana-kucult	edilgen	yazi	3.85	#121316	#71717A	RadioButton#RbCodecCompatible > Grid > ContentPresenter#PART_ContentPresenter > TextBlock @RadioButton#RbCodecCompatible	H.264 (Compatible)
ana-kucult	edilgen	yazi	3.85	#121316	#71717A	RadioButton#RbCodecSmallest > Grid > ContentPresenter#PART_ContentPresenter > TextBlock @RadioButton#RbCodecSmallest	AV1 (Smallest)
ana-kucult	edilgen	yazi	3.85	#121316	#71717A	RadioButton#RbFillCeiling > Grid > ContentPresenter#PART_ContentPresenter > TextBlock @RadioButton#RbFillCeiling	Stay at Quality Ceiling
ana-kucult	edilgen	yazi	3.85	#121316	#71717A	RadioButton#RbHdrSdr > Grid > ContentPresenter#PART_ContentPresenter > TextBlock @RadioButton#RbHdrSdr	Convert to SDR
ana-kucult	edilgen	yazi	3.85	#121316	#71717A	CheckBox#ChkAdvKeepTracks > Grid > ContentPresenter#PART_ContentPresenter > TextBlock @CheckBox#ChkAdvKeepTracks	Keep All Tracks (MKV)
ana-kucult	edilgen	yazi	3.85	#121316	#71717A	CheckBox#ChkFps > Grid > ContentPresenter#PART_ContentPresenter > TextBlock @CheckBox#ChkFps	May Lower Frame Rate
ana-kucult	edilgen	yazi	3.85	#121316	#71717A	RadioButton#RbFixed480 > Grid > ContentPresenter#PART_ContentPresenter > TextBlock @RadioButton#RbFixed480	480p
ana-kucult	edilgen	yazi	3.85	#121316	#71717A	RadioButton#RbAdvModeTwoPass > Grid > ContentPresenter#PART_ContentPresenter > TextBlock @RadioButton#RbAdvModeTwoPass	Two-pass
ana-kucult	edilgen	yazi	3.85	#121316	#71717A	RadioButton#RbAdvPathHardware > Grid > ContentPresenter#PART_ContentPresenter > TextBlock @RadioButton#RbAdvPathHardware	Hardware
ana-kucult	edilgen	yazi	3.85	#121316	#71717A	CheckBox#ChkFltDetelecine > Grid > ContentPresenter#PART_ContentPresenter > TextBlock @CheckBox#ChkFltDetelecine	Detelecine
ana-kucult	edilgen	yazi	3.85	#121316	#71717A	CheckBox#ChkFltDeblock > Grid > ContentPresenter#PART_ContentPresenter > TextBlock @CheckBox#ChkFltDeblock	Deblock
ana-kucult	edilgen	yazi	3.85	#121316	#71717A	CheckBox#ChkFltDeband > Grid > ContentPresenter#PART_ContentPresenter > TextBlock @CheckBox#ChkFltDeband	Deband
ana-kucult	edilgen	yazi	3.85	#121316	#71717A	CheckBox#ChkFltGray > Grid > ContentPresenter#PART_ContentPresenter > TextBlock @CheckBox#ChkFltGray	Grayscale
ana-kucult	edilgen	yazi	3.85	#121316	#71717A	CheckBox#ChkFltAutoCrop > Grid > ContentPresenter#PART_ContentPresenter > TextBlock @CheckBox#ChkFltAutoCrop	Crop Black Bars
ana-kaydedici	edilgen	yazi	3.85	#121316	#71717A	Border#Root > Panel > ContentPresenter#PART_ContentPresenter > TextBlock @Button#BtnRecShareCopy	Copy
ana-kaydedici	edilgen	yazi	3.85	#121316	#71717A	CheckBox#ChkMagnifier > Grid > ContentPresenter#PART_ContentPresenter > TextBlock @CheckBox#ChkMagnifier	Cursor Magnifier
ana-gelismis	edilgen	yazi	3.85	#121316	#71717A	Border#Root > Panel > ContentPresenter#PART_ContentPresenter > TextBlock @Button#BtnRevert	Back to automatic
ana-ayarlar	edilgen	yazi	3.85	#111316	#71717A	RadioButton#RbFfmpegManual > Grid > ContentPresenter#PART_ContentPresenter > TextBlock @RadioButton#RbFfmpegManual	Manual
ana-kucult	edilgen	yazi	3.86	#121316	#71717A	Border#Root > Panel > ContentPresenter#PART_ContentPresenter > TextBlock @Button#ChipAddPreset	+
ana-kucult	edilgen	yazi	3.86	#111216	#71717A	CheckBox#ChkAudioLoudnorm > Grid > ContentPresenter#PART_ContentPresenter > TextBlock @CheckBox#ChkAudioLoudnorm	Normalize Loudness (EBU R128)
ana-kucult	edilgen	yazi	3.86	#111216	#71717A	RadioButton#RbFixed720 > Grid > ContentPresenter#PART_ContentPresenter > TextBlock @RadioButton#RbFixed720	720p
ana-kucult	edilgen	yazi	3.86	#111216	#71717A	RadioButton#RbFltDenoiseHq > Grid > ContentPresenter#PART_ContentPresenter > TextBlock @RadioButton#RbFltDenoiseHq	hqdn3d
ana-kucult	edilgen	yazi	3.86	#111216	#71717A	RadioButton#RbFltStrStrong > Grid > ContentPresenter#PART_ContentPresenter > TextBlock @RadioButton#RbFltStrStrong	Strong
ana-kaydedici	edilgen	yazi	3.86	#121216	#71717A	Border#Root > Panel > ContentPresenter#PART_ContentPresenter > TextBlock @Button#BtnReveal	Show in Folder
ana-kaydedici	edilgen	yazi	3.86	#111316	#71717A	Border#Root > Panel > ContentPresenter#PART_ContentPresenter > TextBlock @Button#BtnToPlayer	Open in Player
ana-gelismis	edilgen	simge	3.86	#121216	#71717A	Border#Root > Panel > ContentPresenter#PART_ContentPresenter > Path#GlyphAiDetails @Button#BtnAiDetails	GlyphAiDetails
ana-gelismis	edilgen	yazi	3.86	#121216	#71717A	Border#Root > Panel > ContentPresenter#PART_ContentPresenter > TextBlock @Button#BtnPerformanceRun	Run the Check
ana-ayarlar	edilgen	yazi	3.86	#111216	#71717A	RadioButton#RbOutputFixed > Grid > ContentPresenter#PART_ContentPresenter > TextBlock @RadioButton#RbOutputFixed	Fixed Folder
ana-ayarlar	edilgen	yazi	3.86	#121216	#71717A	RadioButton#RbFfmpegAuto > Grid > ContentPresenter#PART_ContentPresenter > TextBlock @RadioButton#RbFfmpegAuto	Automatic
ana-oynatici	edilgen	yazi	3.87	#121216	#71717A	Border#Root > Panel > ContentPresenter#PART_ContentPresenter > TextBlock @Button#BtnAppliedDismiss	×
ana-oynatici	edilgen	yazi	3.87	#121216	#71717A	Border#Root > Panel > ContentPresenter#PART_ContentPresenter > TextBlock @Button#BtnNoticeDismiss	×
ana-kucult	edilgen	yazi	3.87	#111215	#71717A	Border#Root > Panel > ContentPresenter#PART_ContentPresenter > TextBlock @ScrollViewer#PageShrink	Browse
ana-kucult	edilgen	yazi	3.87	#121216	#71717A	Grid > ContentControl#SelectionBox > ContentPresenter#PART_ContentPresenter > TextBlock @ContentControl#SelectionBox	Automatic
ana-kucult	edilgen	yazi	3.87	#121216	#71717A	Border#Root > Panel > ContentPresenter#PART_ContentPresenter > TextBlock @Button#BtnAppliedDismiss	×
ana-kucult	edilgen	yazi	3.87	#121216	#71717A	Border#Root > Panel > ContentPresenter#PART_ContentPresenter > TextBlock @Button#BtnNoticeDismiss	×
ana-donustur	edilgen	yazi	3.87	#121216	#71717A	Grid > ContentControl#SelectionBox > ContentPresenter#PART_ContentPresenter > TextBlock @ContentControl#SelectionBox	MP4
ana-donustur	edilgen	yazi	3.87	#121216	#71717A	ScrollViewer#PART_ScrollViewer > Grid > ScrollContentPresenter#PART_ContentPresenter > TextPresenter#PART_TextPresenter @ScrollViewer#PART_ScrollViewer	1280x720
ana-donustur	edilgen	yazi	3.87	#121216	#71717A	Border#Root > Panel > ContentPresenter#PART_ContentPresenter > TextBlock @Button#BtnAppliedDismiss	×
ana-donustur	edilgen	yazi	3.87	#121216	#71717A	Border#Root > Panel > ContentPresenter#PART_ContentPresenter > TextBlock @Button#BtnNoticeDismiss	×
ana-kaydedici	edilgen	yazi	3.87	#121216	#71717A	Grid > ContentControl#SelectionBox > ContentPresenter#PART_ContentPresenter > TextBlock @ContentControl#SelectionBox	Whole Screen
ana-kaydedici	edilgen	yazi	3.87	#121216	#71717A	ScrollViewer#PART_ScrollViewer > Grid > ScrollContentPresenter#PART_ContentPresenter > TextPresenter#PART_TextPresenter @ScrollViewer#PART_ScrollViewer	0
ana-kaydedici	edilgen	yazi	3.87	#121216	#71717A	Border#Root > Panel > ContentPresenter#PART_ContentPresenter > TextBlock @Button#BtnAppliedDismiss	×
ana-kaydedici	edilgen	yazi	3.87	#121216	#71717A	Border#Root > Panel > ContentPresenter#PART_ContentPresenter > TextBlock @Button#BtnNoticeDismiss	×
ana-gelismis	edilgen	yazi	3.87	#121216	#71717A	Border#Root > Panel > ContentPresenter#PART_ContentPresenter > TextBlock @Button#BtnAppliedDismiss	×
ana-gelismis	edilgen	yazi	3.87	#121216	#71717A	Border#Root > Panel > ContentPresenter#PART_ContentPresenter > TextBlock @Button#BtnNoticeDismiss	×
ana-ayarlar	edilgen	yazi	3.87	#121216	#71717A	Grid > ContentControl#SelectionBox > ContentPresenter#PART_ContentPresenter > TextBlock @ContentControl#SelectionBox	English
ana-ayarlar	edilgen	yazi	3.87	#111216	#71717A	Border#Root > Panel > ContentPresenter#PART_ContentPresenter > TextBlock @Button#BtnOpenSubtitlesKey	Get a Key
ana-ayarlar	edilgen	yazi	3.87	#111216	#71717A	Border#Root > Panel > ContentPresenter#PART_ContentPresenter > TextBlock @Button#BtnOpenSubtitlesSignIn	Sign in
ana-ayarlar	edilgen	yazi	3.87	#121216	#71717A	Border#Root > Panel > ContentPresenter#PART_ContentPresenter > TextBlock @Button#BtnAppliedDismiss	×
ana-ayarlar	edilgen	yazi	3.87	#121216	#71717A	Border#Root > Panel > ContentPresenter#PART_ContentPresenter > TextBlock @Button#BtnNoticeDismiss	×
kucultme-isi	edilgen	yazi	3.87	#121216	#71717A	Grid > ContentControl#SelectionBox > ContentPresenter#PART_ContentPresenter > TextBlock @ContentControl#SelectionBox	Hiçbir Şey Yapma
acilir-liste	edilgen	yazi	3.87	#121216	#71717A	ComboBoxItem > Border#ItemBorder > ContentPresenter#PART_ContentPresenter > TextBlock	Örnek seçenek
ana-kucult	edilgen	yazi	3.88	#111215	#71717A	CheckBox#ChkWhatsAppCompatible > Grid > ContentPresenter#PART_ContentPresenter > TextBlock @CheckBox#ChkWhatsAppCompatible	WhatsApp Compatible (H.264)
ana-kucult	edilgen	yazi	3.88	#111215	#71717A	RadioButton#RbFltColor601 > Grid > ContentPresenter#PART_ContentPresenter > TextBlock @RadioButton#RbFltColor601	BT.601
ana-kucult	edilgen	simge	3.89	#111115	#71717A	CheckBox#ChkFps > Grid > Panel > Path#CheckMark @CheckBox#ChkFps	CheckMark
ana-kucult	edilgen	yazi	3.89	#111115	#71717A	RadioButton#RbFltDeintOn > Grid > ContentPresenter#PART_ContentPresenter > TextBlock @RadioButton#RbFltDeintOn	On
ana-kaydedici	edilgen	yazi	3.89	#111115	#71717A	CheckBox#ChkShowClicks > Grid > ContentPresenter#PART_ContentPresenter > TextBlock @CheckBox#ChkShowClicks	Show clicks with a ring
ana-ayarlar	edilgen	yazi	3.89	#111115	#71717A	CheckBox#ChkFollowRecording > Grid > ContentPresenter#PART_ContentPresenter > TextBlock @CheckBox#ChkFollowRecording	Follow the Recording in Every Tab
ana-kucult	edilgen	yazi	3.90	#101114	#71717A	Border#Root > Panel > ContentPresenter#PART_ContentPresenter > TextBlock @Button#BtnShareCancel	Cancel the Upload
ana-kucult	edilgen	yazi	3.91	#101114	#71717A	Border#Root > Panel > ContentPresenter#PART_ContentPresenter > TextBlock @Button#ChipArchive	Archive
ana-kucult	edilgen	yazi	3.91	#101114	#71717A	Border#Root > Panel > ContentPresenter#PART_ContentPresenter > TextBlock @Button#Chip134	134
ana-kucult	edilgen	yazi	3.91	#101114	#71717A	Border#Root > Panel > ContentPresenter#PART_ContentPresenter > TextBlock @Button#Chip180	180
ana-kucult	edilgen	yazi	3.91	#101114	#71717A	Border#Root > Panel > ContentPresenter#PART_ContentPresenter > TextBlock @Button#BtnPresetUndo	Undo
ana-kucult	edilgen	simge	3.91	#101114	#71717A	Panel > ContentPresenter#PART_ContentPresenter > Grid > Path#GlyphQuality @Button#BtnQualityToggle	GlyphQuality
ana-kucult	edilgen	yazi	3.91	#101114	#71717A	RadioButton#RbCodecAuto > Grid > ContentPresenter#PART_ContentPresenter > TextBlock @RadioButton#RbCodecAuto	Automatic
ana-kucult	edilgen	yazi	3.91	#101114	#71717A	RadioButton#RbFillTarget > Grid > ContentPresenter#PART_ContentPresenter > TextBlock @RadioButton#RbFillTarget	Fill Target
ana-kucult	edilgen	yazi	3.91	#101114	#71717A	RadioButton#RbHdrPreserve > Grid > ContentPresenter#PART_ContentPresenter > TextBlock @RadioButton#RbHdrPreserve	Preserve HDR
ana-kucult	edilgen	simge	3.91	#101114	#71717A	Panel > ContentPresenter#PART_ContentPresenter > Grid > Path#GlyphAudio @Button#BtnAudioToggle	GlyphAudio
ana-kucult	edilgen	yazi	3.91	#101114	#71717A	Border#Root > Panel > ContentPresenter#PART_ContentPresenter > TextBlock @Button#BtnAddSubtitle	Add Subtitle File
ana-kucult	edilgen	simge	3.91	#101114	#71717A	Panel > ContentPresenter#PART_ContentPresenter > Grid > Path#GlyphFrame @Button#BtnFrameToggle	GlyphFrame
ana-kucult	edilgen	simge	3.91	#101114	#71717A	CheckBox#ChkResolution > Grid > Panel > Path#CheckMark @CheckBox#ChkResolution	CheckMark
ana-kucult	edilgen	yazi	3.91	#101114	#71717A	CheckBox#ChkResolution > Grid > ContentPresenter#PART_ContentPresenter > TextBlock @CheckBox#ChkResolution	May Lower Resolution
ana-kucult	edilgen	yazi	3.91	#101114	#71717A	RadioButton#RbFixedSource > Grid > ContentPresenter#PART_ContentPresenter > TextBlock @RadioButton#RbFixedSource	Source
ana-kucult	edilgen	yazi	3.91	#101114	#71717A	RadioButton#RbFixed1080 > Grid > ContentPresenter#PART_ContentPresenter > TextBlock @RadioButton#RbFixed1080	1080p
ana-kucult	edilgen	simge	3.91	#101114	#71717A	Panel > ContentPresenter#PART_ContentPresenter > Grid > Path#GlyphAdvanced @Button#BtnAdvancedToggle	GlyphAdvanced
ana-kucult	edilgen	yazi	3.91	#101114	#71717A	RadioButton#RbAdvModeAuto > Grid > ContentPresenter#PART_ContentPresenter > TextBlock @RadioButton#RbAdvModeAuto	Automatic
ana-kucult	edilgen	yazi	3.91	#101114	#71717A	RadioButton#RbAdvModeCrf > Grid > ContentPresenter#PART_ContentPresenter > TextBlock @RadioButton#RbAdvModeCrf	CRF
ana-kucult	edilgen	yazi	3.91	#101114	#71717A	RadioButton#RbAdvPathAuto > Grid > ContentPresenter#PART_ContentPresenter > TextBlock @RadioButton#RbAdvPathAuto	Automatic
ana-kucult	edilgen	yazi	3.91	#101114	#71717A	RadioButton#RbAdvPathSoftware > Grid > ContentPresenter#PART_ContentPresenter > TextBlock @RadioButton#RbAdvPathSoftware	Software
ana-kucult	edilgen	yazi	3.91	#101114	#71717A	RadioButton#RbFltDeintAuto > Grid > ContentPresenter#PART_ContentPresenter > TextBlock @RadioButton#RbFltDeintAuto	Automatic
ana-kucult	edilgen	yazi	3.91	#101114	#71717A	RadioButton#RbFltDeintOff > Grid > ContentPresenter#PART_ContentPresenter > TextBlock @RadioButton#RbFltDeintOff	Off
ana-kucult	edilgen	yazi	3.91	#101114	#71717A	RadioButton#RbFltDenoiseOff > Grid > ContentPresenter#PART_ContentPresenter > TextBlock @RadioButton#RbFltDenoiseOff	Off
ana-kucult	edilgen	yazi	3.91	#101114	#71717A	RadioButton#RbFltDenoiseNlm > Grid > ContentPresenter#PART_ContentPresenter > TextBlock @RadioButton#RbFltDenoiseNlm	NLMeans
ana-kucult	edilgen	yazi	3.91	#101114	#71717A	RadioButton#RbFltStrLight > Grid > ContentPresenter#PART_ContentPresenter > TextBlock @RadioButton#RbFltStrLight	Light
ana-kucult	edilgen	yazi	3.91	#101114	#71717A	RadioButton#RbFltStrMedium > Grid > ContentPresenter#PART_ContentPresenter > TextBlock @RadioButton#RbFltStrMedium	Medium
ana-kucult	edilgen	yazi	3.91	#101114	#71717A	RadioButton#RbFltColorKeep > Grid > ContentPresenter#PART_ContentPresenter > TextBlock @RadioButton#RbFltColorKeep	Keep
ana-kucult	edilgen	yazi	3.91	#101114	#71717A	RadioButton#RbFltColor709 > Grid > ContentPresenter#PART_ContentPresenter > TextBlock @RadioButton#RbFltColor709	BT.709
ana-kucult	edilgen	yazi	3.91	#101114	#71717A	Border#Root > Panel > ContentPresenter#PART_ContentPresenter > TextBlock @Button#BtnReveal	Show in Folder
ana-donustur	pointerover	yazi	3.91	#15171A	#B026FF	Border#Root > Panel > ContentPresenter#PART_ContentPresenter > TextBlock @Button#BtnConvertReveal	Show in Folder
ana-kaydedici	pointerover	yazi	3.91	#15171A	#B026FF	Border#Root > Panel > ContentPresenter#PART_ContentPresenter > TextBlock @Button#BtnRecShare	Share the File
ana-kaydedici	pointerover	yazi	3.91	#15171A	#B026FF	Border#Root > Panel > ContentPresenter#PART_ContentPresenter > TextBlock @Button#BtnRecShareCancel	Cancel the Upload
ana-kaydedici	edilgen	yazi	3.91	#101114	#71717A	RadioButton#RadAuto > Grid > ContentPresenter#PART_ContentPresenter > TextBlock @RadioButton#RadAuto	Let the program pick the settings
ana-kaydedici	edilgen	simge	3.91	#101114	#71717A	CheckBox#ChkCursor > Grid > Panel > Path#CheckMark @CheckBox#ChkCursor	CheckMark
ana-kaydedici	edilgen	yazi	3.91	#101114	#71717A	CheckBox#ChkClickSound > Grid > ContentPresenter#PART_ContentPresenter > TextBlock @CheckBox#ChkClickSound	Click Sound
ana-kaydedici	edilgen	yazi	3.91	#101114	#71717A	CheckBox#ChkLivePreview > Grid > ContentPresenter#PART_ContentPresenter > TextBlock @CheckBox#ChkLivePreview	Live Preview
ana-kaydedici	edilgen	yazi	3.91	#101114	#71717A	CheckBox#ChkNoiseGate > Grid > ContentPresenter#PART_ContentPresenter > TextBlock @CheckBox#ChkNoiseGate	Noise Gate
ana-gelismis	edilgen	yazi	3.91	#101114	#71717A	Border#Root > Panel > ContentPresenter#PART_ContentPresenter > TextBlock @Button#BtnHideAdvanced	Close
ana-gelismis	edilgen	yazi	3.91	#101114	#71717A	Border#Root > Panel > ContentPresenter#PART_ContentPresenter > TextBlock @ScrollViewer#PageAdvanced	Copy Prompt
ana-ayarlar	edilgen	yazi	3.91	#101114	#71717A	RadioButton#RbOutputBesideSource > Grid > ContentPresenter#PART_ContentPresenter > TextBlock @RadioButton#RbOutputBesideSource	Next to the Source File
ana-ayarlar	edilgen	yazi	3.91	#101114	#71717A	Border#Root > Panel > ContentPresenter#PART_ContentPresenter > TextBlock @Button#BtnOpenSubtitlesSignOut	Sign Out
ana-ayarlar	edilgen	simge	3.91	#101114	#71717A	CheckBox#ChkShellMenuShrink > Grid > Panel > Path#CheckMark @CheckBox#ChkShellMenuShrink	CheckMark
ana-ayarlar	edilgen	yazi	3.91	#101114	#71717A	RadioButton > Grid > ContentPresenter#PART_ContentPresenter > TextBlock @ScrollViewer#PageSettings	storage.to
ana-ayarlar	edilgen	yazi	3.91	#101114	#71717A	CheckBox#ChkAutoUpdate > Grid > ContentPresenter#PART_ContentPresenter > TextBlock @CheckBox#ChkAutoUpdate	Update Automatically
ana-ayarlar	edilgen	simge	3.91	#101114	#71717A	Panel > ContentPresenter#PART_ContentPresenter > Grid > Path#Glyph @Button#BtnToggle	Glyph
ana-ayarlar	edilgen	yazi	3.91	#101114	#71717A	Border#Root > Panel > ContentPresenter#PART_ContentPresenter > TextBlock @PlayerAdvancedPanel#PlayerAdvancedPanel	-
ana-ayarlar	edilgen	yazi	3.91	#101114	#71717A	Border#Root > Panel > ContentPresenter#PART_ContentPresenter > TextBlock @Button#BtnReset	Reset Everything
ana-ayarlar	edilgen	yazi	3.91	#101114	#71717A	Border#Root > Panel > ContentPresenter#PART_ContentPresenter > TextBlock @Button#BtnOpenLog	Open the Log
ana-ayarlar	edilgen	simge	3.91	#101114	#71717A	Panel > ContentPresenter#PART_ContentPresenter > Grid > Path#AboutGlyph @Button#BtnAboutToggle	AboutGlyph
ana-ayarlar	edilgen	yazi	3.91	#101114	#71717A	Border#Root > Panel > ContentPresenter#PART_ContentPresenter > TextBlock @Button#BtnResetSettings	Reset All Settings
ana-ayarlar	edilgen	yazi	3.91	#101114	#71717A	Border#Root > Panel > ContentPresenter#PART_ContentPresenter > TextBlock @Button#BtnConfirmResetSettings	Reset Settings
ana-ayarlar	edilgen	yazi	3.91	#101114	#71717A	Border#Root > Panel > ContentPresenter#PART_ContentPresenter > TextBlock @Button#BtnCancelResetSettings	Cancel
kucultme-isi	dinlenik	yazi	3.91	#111114	#71717A	Border#JobShell > StackPanel > Grid#RowFacts > TextBlock	Aşama
kucultme-isi	dinlenik	yazi	3.91	#111114	#71717A	StackPanel > StackPanel#QueueControls > StackPanel > TextBlock	Bitince
kucultme-isi	dinlenik	yazi	3.91	#111114	#71717A	ContentPresenter#PART_ContentPresenter > Border#JobShell > StackPanel > TextBlock#TxtTarget	Örnek 0.9
kucultme-isi	dinlenik	yazi	3.91	#111114	#71717A	Border#JobShell > StackPanel > StackPanel#OvershootPanel > TextBlock#TxtOvershootMeaning	Örnek 0.9
kucultme-isi	dinlenik	yazi	3.91	#111114	#71717A	Border#JobShell > StackPanel > StackPanel#PendingPanel > TextBlock#TxtPending	Örnek 0.9
kucultme-isi	dinlenik	yazi	3.91	#111114	#71717A	ContentPresenter#PART_ContentPresenter > Border#JobShell > StackPanel > TextBlock#TxtShareStatus	Örnek 0.9
ana-kaydedici	pointerover	yazi	3.92	#15161A	#B026FF	Border#Root > Panel > ContentPresenter#PART_ContentPresenter > TextBlock @Button#BtnTrimIdle	Trim Idle Parts
ana-kucult	pointerover	simge	3.94	#141619	#B026FF	Border#Root > Panel > ContentPresenter#PART_ContentPresenter > Path#GlyphRestart @Button#Restart	GlyphRestart
ana-kaydedici	pointerover	yazi	3.94	#121618	#B026FF	Border#Root > Panel > ContentPresenter#PART_ContentPresenter > TextBlock @Button#BtnReplay	Start Buffer
ana-kaydedici	pointerover	yazi	3.95	#121618	#B026FF	Border#Root > Panel > ContentPresenter#PART_ContentPresenter > TextBlock @Button#BtnPause	Pause
ana-kaydedici	pointerover	yazi	3.95	#141619	#B026FF	Border#Root > Panel > ContentPresenter#PART_ContentPresenter > TextBlock @Button#BtnToMp4	Save as MP4
ana-ayarlar	pointerover	yazi	3.95	#141619	#B026FF	Border#Root > Panel > ContentPresenter#PART_ContentPresenter > TextBlock @Button#BtnResetOutputName	Default
ana-kucult	pointerover	simge	3.96	#131618	#B026FF	Border#Root > Panel > ContentPresenter#PART_ContentPresenter > Path#GlyphPlayPause @Button#PlayPause	GlyphPlayPause
ana-kaydedici	pointerover	yazi	3.97	#141518	#B026FF	Border#Root > Panel > ContentPresenter#PART_ContentPresenter > TextBlock @Button#BtnBrowse	Browse…
ana-kucult	pointerover	yazi	3.98	#141518	#B026FF	Border#Root > Panel > ContentPresenter#PART_ContentPresenter > TextBlock @Button#BtnShareCopy	Copy
ana-donustur	pointerover	yazi	3.98	#141418	#B026FF	Border#Root > Panel > ContentPresenter#PART_ContentPresenter > TextBlock @ScrollViewer#PageConvert	Browse Source
ana-kaydedici	pointerover	yazi	3.98	#121518	#B026FF	Border#Root > Panel > ContentPresenter#PART_ContentPresenter > TextBlock @Button#BtnCountdownCancel	Cancel
ana-kaydedici	pointerover	yazi	3.98	#141518	#B026FF	Border#Root > Panel > ContentPresenter#PART_ContentPresenter > TextBlock @Button#BtnWindowRefresh	Refresh
ana-kaydedici	pointerover	yazi	3.98	#141518	#B026FF	Border#Root > Panel > ContentPresenter#PART_ContentPresenter > TextBlock @Button#BtnAudioRefresh	Refresh the List
ana-gelismis	pointerover	simge	3.98	#141518	#B026FF	Border#Root > Panel > ContentPresenter#PART_ContentPresenter > Path#GlyphPerformance @Button#BtnPerformanceExpand	GlyphPerformance
ana-kucult	pointerover	yazi	4.00	#141418	#B026FF	Border#Root > Panel > ContentPresenter#PART_ContentPresenter > TextBlock @Button#BtnShare	Share the File
ana-kaydedici	pointerover	yazi	4.00	#121517	#B026FF	Border#Root > Panel > ContentPresenter#PART_ContentPresenter > TextBlock @Button#BtnReplaySave	Save Last 30 s
ana-kaydedici	pointerover	yazi	4.00	#121517	#B026FF	Border#Root > Panel > ContentPresenter#PART_ContentPresenter > TextBlock @Button#BtnResume	Resume
ana-kucult	pointerover	yazi	4.01	#131417	#B026FF	Border#Root > Panel > ContentPresenter#PART_ContentPresenter > TextBlock @Button#BtnBrowseEmpty	Browse
ana-kucult	pointerover	yazi	4.01	#121417	#B026FF	Border#Root > Panel > ContentPresenter#PART_ContentPresenter > TextBlock @Button#Chip100	100
ana-kaydedici	pointerover	yazi	4.01	#121417	#B026FF	Border#Root > Panel > ContentPresenter#PART_ContentPresenter > TextBlock @Button#BtnSnapshot	Snapshot
ana-ayarlar	pointerover	yazi	4.01	#121417	#B026FF	Border#Root > Panel > ContentPresenter#PART_ContentPresenter > TextBlock @Button#BtnBrowseFfmpegPath	Browse…
ana-kucult	pointerover	yazi	4.03	#121316	#B026FF	Border#Root > Panel > ContentPresenter#PART_ContentPresenter > TextBlock @Button#Chip25	25
ana-kucult	pointerover	simge	4.03	#131317	#B026FF	Border#Root > Panel > ContentPresenter#PART_ContentPresenter > Path#GlyphPlanReasons @Button#BtnPlanReasons	GlyphPlanReasons
ana-kucult	pointerover	yazi	4.04	#111316	#B026FF	Border#Root > Panel > ContentPresenter#PART_ContentPresenter > TextBlock @Button#ChipWhatsApp	16
ana-kaydedici	pointerover	yazi	4.04	#121316	#B026FF	Border#Root > Panel > ContentPresenter#PART_ContentPresenter > TextBlock @Button#BtnRecShareCopy	Copy
ana-kaydedici	pointerover	yazi	4.04	#131316	#B026FF	Border#Root > Panel > ContentPresenter#PART_ContentPresenter > TextBlock @Button#BtnAutoMeasure	Measure Again
ana-gelismis	pointerover	yazi	4.04	#121316	#B026FF	Border#Root > Panel > ContentPresenter#PART_ContentPresenter > TextBlock @ScrollViewer#PageAdvanced	Apply Pasted JSON
ana-ayarlar	pointerover	yazi	4.04	#121316	#B026FF	Border#Root > Panel > ContentPresenter#PART_ContentPresenter > TextBlock @Button#BtnBrowseOutputFolder	Browse…
ana-kucult	pointerover	yazi	4.05	#121316	#B026FF	Border#Root > Panel > ContentPresenter#PART_ContentPresenter > TextBlock @Button#ChipHalf	Half
ana-kucult	pointerover	yazi	4.05	#121316	#B026FF	Border#Root > Panel > ContentPresenter#PART_ContentPresenter > TextBlock @Button#Chip8	8
ana-kucult	pointerover	yazi	4.05	#121316	#B026FF	Border#Root > Panel > ContentPresenter#PART_ContentPresenter > TextBlock @Button#ChipAddPreset	+
ana-kaydedici	pointerover	yazi	4.05	#111316	#B026FF	Border#Root > Panel > ContentPresenter#PART_ContentPresenter > TextBlock @Button#BtnToPlayer	Open in Player
ana-gelismis	pointerover	simge	4.05	#121216	#B026FF	Border#Root > Panel > ContentPresenter#PART_ContentPresenter > Path#GlyphAiDetails @Button#BtnAiDetails	GlyphAiDetails
ana-gelismis	pointerover	yazi	4.05	#121316	#B026FF	Border#Root > Panel > ContentPresenter#PART_ContentPresenter > TextBlock @Button#BtnRevert	Back to automatic
ana-gelismis	pointerover	yazi	4.05	#121216	#B026FF	Border#Root > Panel > ContentPresenter#PART_ContentPresenter > TextBlock @Button#BtnPerformanceRun	Run the Check
ana-oynatici	dinlenik	yazi	4.06	#121216	#B026FF	StackPanel > Grid > WrapPanel#UpdateNoticeText > TextBlock#TxtNoticeVersion @TabControl#Tabs	Örnek 0.9
ana-oynatici	pointerover	yazi	4.06	#121216	#B026FF	Border#Root > Panel > ContentPresenter#PART_ContentPresenter > TextBlock @Button#BtnAppliedDismiss	×
ana-oynatici	pointerover	yazi	4.06	#121216	#B026FF	Border#Root > Panel > ContentPresenter#PART_ContentPresenter > TextBlock @Button#BtnNoticeDismiss	×
ana-kucult	dinlenik	yazi	4.06	#121216	#B026FF	StackPanel > Grid > WrapPanel#UpdateNoticeText > TextBlock#TxtNoticeVersion @TabControl#Tabs	Örnek 0.9
ana-kucult	pointerover	yazi	4.06	#121216	#B026FF	Border#Root > Panel > ContentPresenter#PART_ContentPresenter > TextBlock @Button#BtnAppliedDismiss	×
ana-kucult	pointerover	yazi	4.06	#121216	#B026FF	Border#Root > Panel > ContentPresenter#PART_ContentPresenter > TextBlock @Button#BtnNoticeDismiss	×
ana-donustur	dinlenik	yazi	4.06	#121216	#B026FF	StackPanel > Grid > WrapPanel#UpdateNoticeText > TextBlock#TxtNoticeVersion @TabControl#Tabs	Örnek 0.9
ana-donustur	pointerover	yazi	4.06	#121216	#B026FF	Border#Root > Panel > ContentPresenter#PART_ContentPresenter > TextBlock @Button#BtnAppliedDismiss	×
ana-donustur	pointerover	yazi	4.06	#121216	#B026FF	Border#Root > Panel > ContentPresenter#PART_ContentPresenter > TextBlock @Button#BtnNoticeDismiss	×
ana-kaydedici	dinlenik	yazi	4.06	#121216	#B026FF	StackPanel > Grid > WrapPanel#UpdateNoticeText > TextBlock#TxtNoticeVersion @TabControl#Tabs	Örnek 0.9
ana-kaydedici	pointerover	yazi	4.06	#121216	#B026FF	Border#Root > Panel > ContentPresenter#PART_ContentPresenter > TextBlock @Button#BtnReveal	Show in Folder
ana-kaydedici	pointerover	yazi	4.06	#121216	#B026FF	Border#Root > Panel > ContentPresenter#PART_ContentPresenter > TextBlock @Button#BtnAppliedDismiss	×
ana-kaydedici	pointerover	yazi	4.06	#121216	#B026FF	Border#Root > Panel > ContentPresenter#PART_ContentPresenter > TextBlock @Button#BtnNoticeDismiss	×
ana-gelismis	dinlenik	yazi	4.06	#121216	#B026FF	StackPanel > Grid > WrapPanel#UpdateNoticeText > TextBlock#TxtNoticeVersion @TabControl#Tabs	Örnek 0.9
ana-gelismis	pointerover	yazi	4.06	#121216	#B026FF	Border#Root > Panel > ContentPresenter#PART_ContentPresenter > TextBlock @Button#BtnAppliedDismiss	×
ana-gelismis	pointerover	yazi	4.06	#121216	#B026FF	Border#Root > Panel > ContentPresenter#PART_ContentPresenter > TextBlock @Button#BtnNoticeDismiss	×
ana-ayarlar	dinlenik	yazi	4.06	#121216	#B026FF	StackPanel > Grid > WrapPanel#UpdateNoticeText > TextBlock#TxtNoticeVersion @TabControl#Tabs	Örnek 0.9
ana-ayarlar	pointerover	yazi	4.06	#111216	#B026FF	Border#Root > Panel > ContentPresenter#PART_ContentPresenter > TextBlock @Button#BtnOpenSubtitlesKey	Get a Key
ana-ayarlar	pointerover	yazi	4.06	#111216	#B026FF	Border#Root > Panel > ContentPresenter#PART_ContentPresenter > TextBlock @Button#BtnOpenSubtitlesSignIn	Sign in
ana-ayarlar	pointerover	yazi	4.06	#121216	#B026FF	Border#Root > Panel > ContentPresenter#PART_ContentPresenter > TextBlock @Button#BtnAppliedDismiss	×
ana-ayarlar	pointerover	yazi	4.06	#121216	#B026FF	Border#Root > Panel > ContentPresenter#PART_ContentPresenter > TextBlock @Button#BtnNoticeDismiss	×
ana-kucult	pointerover	yazi	4.07	#111215	#B026FF	Border#Root > Panel > ContentPresenter#PART_ContentPresenter > TextBlock @ScrollViewer#PageShrink	Browse
ana-kucult	pointerover	yazi	4.10	#101114	#B026FF	Border#Root > Panel > ContentPresenter#PART_ContentPresenter > TextBlock @Button#ChipArchive	Archive
ana-kucult	pointerover	yazi	4.10	#101114	#B026FF	Border#Root > Panel > ContentPresenter#PART_ContentPresenter > TextBlock @Button#Chip134	134
ana-kucult	pointerover	yazi	4.10	#101114	#B026FF	Border#Root > Panel > ContentPresenter#PART_ContentPresenter > TextBlock @Button#Chip180	180
ana-kucult	pointerover	yazi	4.10	#101114	#B026FF	Border#Root > Panel > ContentPresenter#PART_ContentPresenter > TextBlock @Button#BtnPresetUndo	Undo
ana-kucult	pointerover	simge	4.10	#101114	#B026FF	Panel > ContentPresenter#PART_ContentPresenter > Grid > Path#GlyphQuality @Button#BtnQualityToggle	GlyphQuality
ana-kucult	pointerover	simge	4.10	#101114	#B026FF	Panel > ContentPresenter#PART_ContentPresenter > Grid > Path#GlyphAudio @Button#BtnAudioToggle	GlyphAudio
ana-kucult	pointerover	yazi	4.10	#101114	#B026FF	Border#Root > Panel > ContentPresenter#PART_ContentPresenter > TextBlock @Button#BtnAddSubtitle	Add Subtitle File
ana-kucult	pointerover	simge	4.10	#101114	#B026FF	Panel > ContentPresenter#PART_ContentPresenter > Grid > Path#GlyphFrame @Button#BtnFrameToggle	GlyphFrame
ana-kucult	pointerover	simge	4.10	#101114	#B026FF	Panel > ContentPresenter#PART_ContentPresenter > Grid > Path#GlyphAdvanced @Button#BtnAdvancedToggle	GlyphAdvanced
ana-kucult	pointerover	yazi	4.10	#101114	#B026FF	Border#Root > Panel > ContentPresenter#PART_ContentPresenter > TextBlock @Button#BtnReveal	Show in Folder
ana-kucult	pointerover	yazi	4.10	#101114	#B026FF	Border#Root > Panel > ContentPresenter#PART_ContentPresenter > TextBlock @Button#BtnShareCancel	Cancel the Upload
ana-gelismis	pointerover	yazi	4.10	#101114	#B026FF	Border#Root > Panel > ContentPresenter#PART_ContentPresenter > TextBlock @ScrollViewer#PageAdvanced	Copy Prompt
ana-ayarlar	pointerover	yazi	4.10	#101114	#B026FF	Border#Root > Panel > ContentPresenter#PART_ContentPresenter > TextBlock @Button#BtnOpenSubtitlesSignOut	Sign Out
ana-ayarlar	pointerover	simge	4.10	#101114	#B026FF	Panel > ContentPresenter#PART_ContentPresenter > Grid > Path#Glyph @Button#BtnToggle	Glyph
ana-ayarlar	pointerover	yazi	4.10	#101114	#B026FF	Border#Root > Panel > ContentPresenter#PART_ContentPresenter > TextBlock @PlayerAdvancedPanel#PlayerAdvancedPanel	-
ana-ayarlar	pointerover	yazi	4.10	#101114	#B026FF	Border#Root > Panel > ContentPresenter#PART_ContentPresenter > TextBlock @Button#BtnReset	Reset Everything
ana-ayarlar	pointerover	yazi	4.10	#101114	#B026FF	Border#Root > Panel > ContentPresenter#PART_ContentPresenter > TextBlock @Button#BtnOpenLog	Open the Log
ana-ayarlar	pointerover	simge	4.10	#101114	#B026FF	Panel > ContentPresenter#PART_ContentPresenter > Grid > Path#AboutGlyph @Button#BtnAboutToggle	AboutGlyph
ana-ayarlar	pointerover	yazi	4.10	#101114	#B026FF	Border#Root > Panel > ContentPresenter#PART_ContentPresenter > TextBlock @Button#BtnResetSettings	Reset All Settings
ana-ayarlar	pointerover	yazi	4.10	#101114	#B026FF	Border#Root > Panel > ContentPresenter#PART_ContentPresenter > TextBlock @Button#BtnConfirmResetSettings	Reset Settings
ana-ayarlar	pointerover	yazi	4.10	#101114	#B026FF	Border#Root > Panel > ContentPresenter#PART_ContentPresenter > TextBlock @Button#BtnCancelResetSettings	Cancel
ana-gelismis	pointerover	yazi	4.11	#101114	#B026FF	Border#Root > Panel > ContentPresenter#PART_ContentPresenter > TextBlock @Button#BtnHideAdvanced	Close
ana-kucult	edilgen	yazi	4.14	#08080A	#71717A	Border#Root > Panel > ContentPresenter#PART_ContentPresenter > TextBlock @Button#BtnZoomIn	+
ana-oynatici	edilgen	simge	4.20	#020706	#71717A	Border#TabOutline > Panel > StackPanel > Path#TabIcon @TabItem#TabPlayer	TabIcon
ana-oynatici	edilgen	yazi	4.20	#020706	#71717A	Panel > StackPanel > ContentPresenter#PART_ContentPresenter > TextBlock @TabItem#TabPlayer	Player
ana-oynatici	edilgen	simge	4.20	#020706	#71717A	Border#TabOutline > Panel > StackPanel > Path#TabIcon @TabItem#TabShrink	TabIcon
ana-oynatici	edilgen	yazi	4.20	#020706	#71717A	Panel > StackPanel > ContentPresenter#PART_ContentPresenter > TextBlock @TabItem#TabShrink	Shrink
ana-oynatici	edilgen	simge	4.20	#020706	#71717A	Border#TabOutline > Panel > StackPanel > Path#TabIcon @TabControl#Tabs	TabIcon
ana-oynatici	edilgen	simge	4.20	#020706	#71717A	Border#TabOutline > Panel > StackPanel > Path#TabIcon @TabItem#TabRecorder	TabIcon
ana-oynatici	edilgen	yazi	4.20	#020706	#71717A	Panel > StackPanel > ContentPresenter#PART_ContentPresenter > TextBlock @TabItem#TabRecorder	Recorder
ana-oynatici	edilgen	simge	4.20	#020706	#71717A	Border#TabOutline > Panel > StackPanel > Path#TabIcon @TabItem#TabAdvanced	TabIcon
ana-oynatici	edilgen	yazi	4.20	#020706	#71717A	Panel > StackPanel > ContentPresenter#PART_ContentPresenter > TextBlock @TabItem#TabAdvanced	Advanced
ana-oynatici	edilgen	simge	4.20	#020706	#71717A	Border#TabOutline > Panel > StackPanel > Path#TabIcon @TabItem#TabSettings	TabIcon
ana-oynatici	edilgen	yazi	4.20	#020706	#71717A	Panel > StackPanel > ContentPresenter#PART_ContentPresenter > TextBlock @TabItem#TabSettings	Settings
ana-oynatici	edilgen	yazi	4.20	#020706	#71717A	Panel > ContentPresenter#PART_ContentPresenter > StackPanel > TextBlock#TxtUpdateBadge @Button#BtnUpdateBadge	Örnek 0.9
ana-oynatici	edilgen	yazi	4.20	#020706	#71717A	Border#Root > Panel > ContentPresenter#PART_ContentPresenter > TextBlock	Türkçe
ana-oynatici	edilgen	simge	4.20	#020706	#71717A	Panel > ContentPresenter#PART_ContentPresenter > StackPanel > Path @Button#BtnSponsor	Path
ana-oynatici	edilgen	yazi	4.20	#020706	#71717A	Panel > ContentPresenter#PART_ContentPresenter > StackPanel > TextBlock#TxtSponsor @Button#BtnSponsor	Buy Me a Coffee
ana-oynatici	edilgen	simge	4.20	#020706	#71717A	Panel > ContentPresenter#PART_ContentPresenter > StackPanel > Path @Button#BtnGitHub	Path
ana-oynatici	edilgen	yazi	4.20	#020706	#71717A	Panel > ContentPresenter#PART_ContentPresenter > StackPanel > TextBlock#TxtGitHub @Button#BtnGitHub	Teknesyum
ana-kucult	edilgen	simge	4.20	#020706	#71717A	Border#TabOutline > Panel > StackPanel > Path#TabIcon @TabItem#TabPlayer	TabIcon
ana-kucult	edilgen	yazi	4.20	#020706	#71717A	Panel > StackPanel > ContentPresenter#PART_ContentPresenter > TextBlock @TabItem#TabPlayer	Player
ana-kucult	edilgen	simge	4.20	#020706	#71717A	Border#TabOutline > Panel > StackPanel > Path#TabIcon @TabItem#TabShrink	TabIcon
ana-kucult	edilgen	yazi	4.20	#020706	#71717A	Panel > StackPanel > ContentPresenter#PART_ContentPresenter > TextBlock @TabItem#TabShrink	Shrink
ana-kucult	edilgen	simge	4.20	#020706	#71717A	Border#TabOutline > Panel > StackPanel > Path#TabIcon @TabControl#Tabs	TabIcon
ana-kucult	edilgen	simge	4.20	#020706	#71717A	Border#TabOutline > Panel > StackPanel > Path#TabIcon @TabItem#TabRecorder	TabIcon
ana-kucult	edilgen	yazi	4.20	#020706	#71717A	Panel > StackPanel > ContentPresenter#PART_ContentPresenter > TextBlock @TabItem#TabRecorder	Recorder
ana-kucult	edilgen	simge	4.20	#020706	#71717A	Border#TabOutline > Panel > StackPanel > Path#TabIcon @TabItem#TabAdvanced	TabIcon
ana-kucult	edilgen	yazi	4.20	#020706	#71717A	Panel > StackPanel > ContentPresenter#PART_ContentPresenter > TextBlock @TabItem#TabAdvanced	Advanced
ana-kucult	edilgen	simge	4.20	#020706	#71717A	Border#TabOutline > Panel > StackPanel > Path#TabIcon @TabItem#TabSettings	TabIcon
ana-kucult	edilgen	yazi	4.20	#020706	#71717A	Panel > StackPanel > ContentPresenter#PART_ContentPresenter > TextBlock @TabItem#TabSettings	Settings
ana-kucult	edilgen	yazi	4.20	#020706	#71717A	Panel > ContentPresenter#PART_ContentPresenter > StackPanel > TextBlock#TxtUpdateBadge @Button#BtnUpdateBadge	Örnek 0.9
ana-kucult	edilgen	yazi	4.20	#020706	#71717A	Border#Root > Panel > ContentPresenter#PART_ContentPresenter > TextBlock	Türkçe
ana-kucult	edilgen	simge	4.20	#020706	#71717A	Panel > ContentPresenter#PART_ContentPresenter > StackPanel > Path @Button#BtnSponsor	Path
ana-kucult	edilgen	yazi	4.20	#020706	#71717A	Panel > ContentPresenter#PART_ContentPresenter > StackPanel > TextBlock#TxtSponsor @Button#BtnSponsor	Buy Me a Coffee
ana-kucult	edilgen	simge	4.20	#020706	#71717A	Panel > ContentPresenter#PART_ContentPresenter > StackPanel > Path @Button#BtnGitHub	Path
ana-kucult	edilgen	yazi	4.20	#020706	#71717A	Panel > ContentPresenter#PART_ContentPresenter > StackPanel > TextBlock#TxtGitHub @Button#BtnGitHub	Teknesyum
ana-donustur	edilgen	simge	4.20	#020706	#71717A	Border#TabOutline > Panel > StackPanel > Path#TabIcon @TabItem#TabPlayer	TabIcon
ana-donustur	edilgen	yazi	4.20	#020706	#71717A	Panel > StackPanel > ContentPresenter#PART_ContentPresenter > TextBlock @TabItem#TabPlayer	Player
ana-donustur	edilgen	simge	4.20	#020706	#71717A	Border#TabOutline > Panel > StackPanel > Path#TabIcon @TabItem#TabShrink	TabIcon
ana-donustur	edilgen	yazi	4.20	#020706	#71717A	Panel > StackPanel > ContentPresenter#PART_ContentPresenter > TextBlock @TabItem#TabShrink	Shrink
ana-donustur	edilgen	simge	4.20	#020706	#71717A	Border#TabOutline > Panel > StackPanel > Path#TabIcon @TabControl#Tabs	TabIcon
ana-donustur	edilgen	simge	4.20	#020706	#71717A	Border#TabOutline > Panel > StackPanel > Path#TabIcon @TabItem#TabRecorder	TabIcon
ana-donustur	edilgen	yazi	4.20	#020706	#71717A	Panel > StackPanel > ContentPresenter#PART_ContentPresenter > TextBlock @TabItem#TabRecorder	Recorder
ana-donustur	edilgen	simge	4.20	#020706	#71717A	Border#TabOutline > Panel > StackPanel > Path#TabIcon @TabItem#TabAdvanced	TabIcon
ana-donustur	edilgen	yazi	4.20	#020706	#71717A	Panel > StackPanel > ContentPresenter#PART_ContentPresenter > TextBlock @TabItem#TabAdvanced	Advanced
ana-donustur	edilgen	simge	4.20	#020706	#71717A	Border#TabOutline > Panel > StackPanel > Path#TabIcon @TabItem#TabSettings	TabIcon
ana-donustur	edilgen	yazi	4.20	#020706	#71717A	Panel > StackPanel > ContentPresenter#PART_ContentPresenter > TextBlock @TabItem#TabSettings	Settings
ana-donustur	edilgen	yazi	4.20	#020706	#71717A	Panel > ContentPresenter#PART_ContentPresenter > StackPanel > TextBlock#TxtUpdateBadge @Button#BtnUpdateBadge	Örnek 0.9
ana-donustur	edilgen	yazi	4.20	#020706	#71717A	Border#Root > Panel > ContentPresenter#PART_ContentPresenter > TextBlock	Türkçe
ana-donustur	edilgen	simge	4.20	#020706	#71717A	Panel > ContentPresenter#PART_ContentPresenter > StackPanel > Path @Button#BtnSponsor	Path
ana-donustur	edilgen	yazi	4.20	#020706	#71717A	Panel > ContentPresenter#PART_ContentPresenter > StackPanel > TextBlock#TxtSponsor @Button#BtnSponsor	Buy Me a Coffee
ana-donustur	edilgen	simge	4.20	#020706	#71717A	Panel > ContentPresenter#PART_ContentPresenter > StackPanel > Path @Button#BtnGitHub	Path
ana-donustur	edilgen	yazi	4.20	#020706	#71717A	Panel > ContentPresenter#PART_ContentPresenter > StackPanel > TextBlock#TxtGitHub @Button#BtnGitHub	Teknesyum
ana-kaydedici	edilgen	simge	4.20	#020706	#71717A	Border#TabOutline > Panel > StackPanel > Path#TabIcon @TabItem#TabPlayer	TabIcon
ana-kaydedici	edilgen	yazi	4.20	#020706	#71717A	Panel > StackPanel > ContentPresenter#PART_ContentPresenter > TextBlock @TabItem#TabPlayer	Player
ana-kaydedici	edilgen	simge	4.20	#020706	#71717A	Border#TabOutline > Panel > StackPanel > Path#TabIcon @TabItem#TabShrink	TabIcon
ana-kaydedici	edilgen	yazi	4.20	#020706	#71717A	Panel > StackPanel > ContentPresenter#PART_ContentPresenter > TextBlock @TabItem#TabShrink	Shrink
ana-kaydedici	edilgen	simge	4.20	#020706	#71717A	Border#TabOutline > Panel > StackPanel > Path#TabIcon @TabControl#Tabs	TabIcon
ana-kaydedici	edilgen	simge	4.20	#020706	#71717A	Border#TabOutline > Panel > StackPanel > Path#TabIcon @TabItem#TabRecorder	TabIcon
ana-kaydedici	edilgen	yazi	4.20	#020706	#71717A	Panel > StackPanel > ContentPresenter#PART_ContentPresenter > TextBlock @TabItem#TabRecorder	Recorder
ana-kaydedici	edilgen	simge	4.20	#020706	#71717A	Border#TabOutline > Panel > StackPanel > Path#TabIcon @TabItem#TabAdvanced	TabIcon
ana-kaydedici	edilgen	yazi	4.20	#020706	#71717A	Panel > StackPanel > ContentPresenter#PART_ContentPresenter > TextBlock @TabItem#TabAdvanced	Advanced
ana-kaydedici	edilgen	simge	4.20	#020706	#71717A	Border#TabOutline > Panel > StackPanel > Path#TabIcon @TabItem#TabSettings	TabIcon
ana-kaydedici	edilgen	yazi	4.20	#020706	#71717A	Panel > StackPanel > ContentPresenter#PART_ContentPresenter > TextBlock @TabItem#TabSettings	Settings
ana-kaydedici	edilgen	yazi	4.20	#020706	#71717A	Panel > ContentPresenter#PART_ContentPresenter > StackPanel > TextBlock#TxtUpdateBadge @Button#BtnUpdateBadge	Örnek 0.9
ana-kaydedici	edilgen	yazi	4.20	#020706	#71717A	Border#Root > Panel > ContentPresenter#PART_ContentPresenter > TextBlock	Türkçe
ana-kaydedici	edilgen	simge	4.20	#020706	#71717A	Panel > ContentPresenter#PART_ContentPresenter > StackPanel > Path @Button#BtnSponsor	Path
ana-kaydedici	edilgen	yazi	4.20	#020706	#71717A	Panel > ContentPresenter#PART_ContentPresenter > StackPanel > TextBlock#TxtSponsor @Button#BtnSponsor	Buy Me a Coffee
ana-kaydedici	edilgen	simge	4.20	#020706	#71717A	Panel > ContentPresenter#PART_ContentPresenter > StackPanel > Path @Button#BtnGitHub	Path
ana-kaydedici	edilgen	yazi	4.20	#020706	#71717A	Panel > ContentPresenter#PART_ContentPresenter > StackPanel > TextBlock#TxtGitHub @Button#BtnGitHub	Teknesyum
ana-gelismis	edilgen	simge	4.20	#020706	#71717A	Border#TabOutline > Panel > StackPanel > Path#TabIcon @TabItem#TabPlayer	TabIcon
ana-gelismis	edilgen	yazi	4.20	#020706	#71717A	Panel > StackPanel > ContentPresenter#PART_ContentPresenter > TextBlock @TabItem#TabPlayer	Player
ana-gelismis	edilgen	simge	4.20	#020706	#71717A	Border#TabOutline > Panel > StackPanel > Path#TabIcon @TabItem#TabShrink	TabIcon
ana-gelismis	edilgen	yazi	4.20	#020706	#71717A	Panel > StackPanel > ContentPresenter#PART_ContentPresenter > TextBlock @TabItem#TabShrink	Shrink
ana-gelismis	edilgen	simge	4.20	#020706	#71717A	Border#TabOutline > Panel > StackPanel > Path#TabIcon @TabControl#Tabs	TabIcon
ana-gelismis	edilgen	simge	4.20	#020706	#71717A	Border#TabOutline > Panel > StackPanel > Path#TabIcon @TabItem#TabRecorder	TabIcon
ana-gelismis	edilgen	yazi	4.20	#020706	#71717A	Panel > StackPanel > ContentPresenter#PART_ContentPresenter > TextBlock @TabItem#TabRecorder	Recorder
ana-gelismis	edilgen	simge	4.20	#020706	#71717A	Border#TabOutline > Panel > StackPanel > Path#TabIcon @TabItem#TabAdvanced	TabIcon
ana-gelismis	edilgen	yazi	4.20	#020706	#71717A	Panel > StackPanel > ContentPresenter#PART_ContentPresenter > TextBlock @TabItem#TabAdvanced	Advanced
ana-gelismis	edilgen	simge	4.20	#020706	#71717A	Border#TabOutline > Panel > StackPanel > Path#TabIcon @TabItem#TabSettings	TabIcon
ana-gelismis	edilgen	yazi	4.20	#020706	#71717A	Panel > StackPanel > ContentPresenter#PART_ContentPresenter > TextBlock @TabItem#TabSettings	Settings
ana-gelismis	edilgen	yazi	4.20	#020706	#71717A	Panel > ContentPresenter#PART_ContentPresenter > StackPanel > TextBlock#TxtUpdateBadge @Button#BtnUpdateBadge	Örnek 0.9
ana-gelismis	edilgen	yazi	4.20	#020706	#71717A	Border#Root > Panel > ContentPresenter#PART_ContentPresenter > TextBlock	Türkçe
ana-gelismis	edilgen	simge	4.20	#020706	#71717A	Panel > ContentPresenter#PART_ContentPresenter > StackPanel > Path @Button#BtnSponsor	Path
ana-gelismis	edilgen	yazi	4.20	#020706	#71717A	Panel > ContentPresenter#PART_ContentPresenter > StackPanel > TextBlock#TxtSponsor @Button#BtnSponsor	Buy Me a Coffee
ana-gelismis	edilgen	simge	4.20	#020706	#71717A	Panel > ContentPresenter#PART_ContentPresenter > StackPanel > Path @Button#BtnGitHub	Path
ana-gelismis	edilgen	yazi	4.20	#020706	#71717A	Panel > ContentPresenter#PART_ContentPresenter > StackPanel > TextBlock#TxtGitHub @Button#BtnGitHub	Teknesyum
ana-ayarlar	edilgen	simge	4.20	#020706	#71717A	Border#TabOutline > Panel > StackPanel > Path#TabIcon @TabItem#TabPlayer	TabIcon
ana-ayarlar	edilgen	yazi	4.20	#020706	#71717A	Panel > StackPanel > ContentPresenter#PART_ContentPresenter > TextBlock @TabItem#TabPlayer	Player
ana-ayarlar	edilgen	simge	4.20	#020706	#71717A	Border#TabOutline > Panel > StackPanel > Path#TabIcon @TabItem#TabShrink	TabIcon
ana-ayarlar	edilgen	yazi	4.20	#020706	#71717A	Panel > StackPanel > ContentPresenter#PART_ContentPresenter > TextBlock @TabItem#TabShrink	Shrink
ana-ayarlar	edilgen	simge	4.20	#020706	#71717A	Border#TabOutline > Panel > StackPanel > Path#TabIcon @TabControl#Tabs	TabIcon
ana-ayarlar	edilgen	simge	4.20	#020706	#71717A	Border#TabOutline > Panel > StackPanel > Path#TabIcon @TabItem#TabRecorder	TabIcon
ana-ayarlar	edilgen	yazi	4.20	#020706	#71717A	Panel > StackPanel > ContentPresenter#PART_ContentPresenter > TextBlock @TabItem#TabRecorder	Recorder
ana-ayarlar	edilgen	simge	4.20	#020706	#71717A	Border#TabOutline > Panel > StackPanel > Path#TabIcon @TabItem#TabAdvanced	TabIcon
ana-ayarlar	edilgen	yazi	4.20	#020706	#71717A	Panel > StackPanel > ContentPresenter#PART_ContentPresenter > TextBlock @TabItem#TabAdvanced	Advanced
ana-ayarlar	edilgen	simge	4.20	#020706	#71717A	Border#TabOutline > Panel > StackPanel > Path#TabIcon @TabItem#TabSettings	TabIcon
ana-ayarlar	edilgen	yazi	4.20	#020706	#71717A	Panel > StackPanel > ContentPresenter#PART_ContentPresenter > TextBlock @TabItem#TabSettings	Settings
ana-ayarlar	edilgen	yazi	4.20	#020706	#71717A	Panel > ContentPresenter#PART_ContentPresenter > StackPanel > TextBlock#TxtUpdateBadge @Button#BtnUpdateBadge	Örnek 0.9
ana-ayarlar	edilgen	yazi	4.20	#020706	#71717A	Border#Root > Panel > ContentPresenter#PART_ContentPresenter > TextBlock	Türkçe
ana-ayarlar	edilgen	simge	4.20	#020706	#71717A	Panel > ContentPresenter#PART_ContentPresenter > StackPanel > Path @Button#BtnSponsor	Path
ana-ayarlar	edilgen	yazi	4.20	#020706	#71717A	Panel > ContentPresenter#PART_ContentPresenter > StackPanel > TextBlock#TxtSponsor @Button#BtnSponsor	Buy Me a Coffee
ana-ayarlar	edilgen	simge	4.20	#020706	#71717A	Panel > ContentPresenter#PART_ContentPresenter > StackPanel > Path @Button#BtnGitHub	Path
ana-ayarlar	edilgen	yazi	4.20	#020706	#71717A	Panel > ContentPresenter#PART_ContentPresenter > StackPanel > TextBlock#TxtGitHub @Button#BtnGitHub	Teknesyum
ana-oynatici	edilgen	simge	4.21	#050507	#71717A	Border#Root > Panel > ContentPresenter#PART_ContentPresenter > Path#GlyphSeritVolume @Button#BtnSeritMute	GlyphSeritVolume
ana-oynatici	edilgen	simge	4.21	#050507	#71717A	Panel > ContentPresenter#PART_ContentPresenter > StackPanel > Path @Button#BtnSeritBack	Path
ana-oynatici	edilgen	yazi	4.21	#050507	#71717A	Panel > ContentPresenter#PART_ContentPresenter > StackPanel > TextBlock#TxtSeritBack @Button#BtnSeritBack	−10
ana-oynatici	edilgen	simge	4.21	#050507	#71717A	Border#Root > Panel > ContentPresenter#PART_ContentPresenter > Path#GlyphSeritPlay @Button#BtnSeritPlay	GlyphSeritPlay
ana-oynatici	edilgen	yazi	4.21	#050507	#71717A	Panel > ContentPresenter#PART_ContentPresenter > StackPanel > TextBlock#TxtSeritForward @Button#BtnSeritForward	+10
ana-oynatici	edilgen	simge	4.21	#050507	#71717A	Panel > ContentPresenter#PART_ContentPresenter > StackPanel > Path @Button#BtnSeritForward	Path
ana-oynatici	edilgen	simge	4.21	#050507	#71717A	Border#Root > Panel > ContentPresenter#PART_ContentPresenter > Path @Button#BtnSeritSpeedReset	Path
ana-oynatici	edilgen	simge	4.21	#050507	#71717A	Border#Root > Panel > ContentPresenter#PART_ContentPresenter > Path @Button#BtnSeritFullScreen	Path
ana-oynatici	dinlenik	simge	4.41	#020706	#B026FF	Panel > ContentPresenter#PART_ContentPresenter > StackPanel > Path @Button#BtnSponsor	Path
ana-oynatici	dinlenik	yazi	4.41	#020706	#B026FF	Panel > ContentPresenter#PART_ContentPresenter > StackPanel > TextBlock#TxtSponsor @Button#BtnSponsor	Buy Me a Coffee
ana-oynatici	pointerover	yazi	4.41	#020706	#B026FF	Border#Root > Panel > ContentPresenter#PART_ContentPresenter > TextBlock	Türkçe
ana-oynatici	pointerover	simge	4.41	#020706	#B026FF	Panel > ContentPresenter#PART_ContentPresenter > StackPanel > Path @Button#BtnSponsor	Path
ana-oynatici	pointerover	yazi	4.41	#020706	#B026FF	Panel > ContentPresenter#PART_ContentPresenter > StackPanel > TextBlock#TxtSponsor @Button#BtnSponsor	Buy Me a Coffee
ana-oynatici	pressed	simge	4.41	#020706	#B026FF	Panel > ContentPresenter#PART_ContentPresenter > StackPanel > Path @Button#BtnSponsor	Path
ana-oynatici	pressed	yazi	4.41	#020706	#B026FF	Panel > ContentPresenter#PART_ContentPresenter > StackPanel > TextBlock#TxtSponsor @Button#BtnSponsor	Buy Me a Coffee
ana-oynatici	focus-visible	simge	4.41	#020706	#B026FF	Panel > ContentPresenter#PART_ContentPresenter > StackPanel > Path @Button#BtnSponsor	Path
ana-oynatici	focus-visible	yazi	4.41	#020706	#B026FF	Panel > ContentPresenter#PART_ContentPresenter > StackPanel > TextBlock#TxtSponsor @Button#BtnSponsor	Buy Me a Coffee
ana-kucult	dinlenik	simge	4.41	#020706	#B026FF	Panel > ContentPresenter#PART_ContentPresenter > StackPanel > Path @Button#BtnSponsor	Path
ana-kucult	dinlenik	yazi	4.41	#020706	#B026FF	Panel > ContentPresenter#PART_ContentPresenter > StackPanel > TextBlock#TxtSponsor @Button#BtnSponsor	Buy Me a Coffee
ana-kucult	pointerover	yazi	4.41	#020706	#B026FF	Border#Root > Panel > ContentPresenter#PART_ContentPresenter > TextBlock	Türkçe
ana-kucult	pointerover	simge	4.41	#020706	#B026FF	Panel > ContentPresenter#PART_ContentPresenter > StackPanel > Path @Button#BtnSponsor	Path
ana-kucult	pointerover	yazi	4.41	#020706	#B026FF	Panel > ContentPresenter#PART_ContentPresenter > StackPanel > TextBlock#TxtSponsor @Button#BtnSponsor	Buy Me a Coffee
ana-kucult	pressed	simge	4.41	#020706	#B026FF	Panel > ContentPresenter#PART_ContentPresenter > StackPanel > Path @Button#BtnSponsor	Path
ana-kucult	pressed	yazi	4.41	#020706	#B026FF	Panel > ContentPresenter#PART_ContentPresenter > StackPanel > TextBlock#TxtSponsor @Button#BtnSponsor	Buy Me a Coffee
ana-kucult	focus-visible	simge	4.41	#020706	#B026FF	Panel > ContentPresenter#PART_ContentPresenter > StackPanel > Path @Button#BtnSponsor	Path
ana-kucult	focus-visible	yazi	4.41	#020706	#B026FF	Panel > ContentPresenter#PART_ContentPresenter > StackPanel > TextBlock#TxtSponsor @Button#BtnSponsor	Buy Me a Coffee
ana-donustur	dinlenik	simge	4.41	#020706	#B026FF	Panel > ContentPresenter#PART_ContentPresenter > StackPanel > Path @Button#BtnSponsor	Path
ana-donustur	dinlenik	yazi	4.41	#020706	#B026FF	Panel > ContentPresenter#PART_ContentPresenter > StackPanel > TextBlock#TxtSponsor @Button#BtnSponsor	Buy Me a Coffee
ana-donustur	pointerover	yazi	4.41	#020706	#B026FF	Border#Root > Panel > ContentPresenter#PART_ContentPresenter > TextBlock	Türkçe
ana-donustur	pointerover	simge	4.41	#020706	#B026FF	Panel > ContentPresenter#PART_ContentPresenter > StackPanel > Path @Button#BtnSponsor	Path
ana-donustur	pointerover	yazi	4.41	#020706	#B026FF	Panel > ContentPresenter#PART_ContentPresenter > StackPanel > TextBlock#TxtSponsor @Button#BtnSponsor	Buy Me a Coffee
ana-donustur	pressed	simge	4.41	#020706	#B026FF	Panel > ContentPresenter#PART_ContentPresenter > StackPanel > Path @Button#BtnSponsor	Path
ana-donustur	pressed	yazi	4.41	#020706	#B026FF	Panel > ContentPresenter#PART_ContentPresenter > StackPanel > TextBlock#TxtSponsor @Button#BtnSponsor	Buy Me a Coffee
ana-donustur	focus-visible	simge	4.41	#020706	#B026FF	Panel > ContentPresenter#PART_ContentPresenter > StackPanel > Path @Button#BtnSponsor	Path
ana-donustur	focus-visible	yazi	4.41	#020706	#B026FF	Panel > ContentPresenter#PART_ContentPresenter > StackPanel > TextBlock#TxtSponsor @Button#BtnSponsor	Buy Me a Coffee
ana-kaydedici	dinlenik	simge	4.41	#020706	#B026FF	Panel > ContentPresenter#PART_ContentPresenter > StackPanel > Path @Button#BtnSponsor	Path
ana-kaydedici	dinlenik	yazi	4.41	#020706	#B026FF	Panel > ContentPresenter#PART_ContentPresenter > StackPanel > TextBlock#TxtSponsor @Button#BtnSponsor	Buy Me a Coffee
ana-kaydedici	pointerover	yazi	4.41	#020706	#B026FF	Border#Root > Panel > ContentPresenter#PART_ContentPresenter > TextBlock	Türkçe
ana-kaydedici	pointerover	simge	4.41	#020706	#B026FF	Panel > ContentPresenter#PART_ContentPresenter > StackPanel > Path @Button#BtnSponsor	Path
ana-kaydedici	pointerover	yazi	4.41	#020706	#B026FF	Panel > ContentPresenter#PART_ContentPresenter > StackPanel > TextBlock#TxtSponsor @Button#BtnSponsor	Buy Me a Coffee
ana-kaydedici	pressed	simge	4.41	#020706	#B026FF	Panel > ContentPresenter#PART_ContentPresenter > StackPanel > Path @Button#BtnSponsor	Path
ana-kaydedici	pressed	yazi	4.41	#020706	#B026FF	Panel > ContentPresenter#PART_ContentPresenter > StackPanel > TextBlock#TxtSponsor @Button#BtnSponsor	Buy Me a Coffee
ana-kaydedici	focus-visible	simge	4.41	#020706	#B026FF	Panel > ContentPresenter#PART_ContentPresenter > StackPanel > Path @Button#BtnSponsor	Path
ana-kaydedici	focus-visible	yazi	4.41	#020706	#B026FF	Panel > ContentPresenter#PART_ContentPresenter > StackPanel > TextBlock#TxtSponsor @Button#BtnSponsor	Buy Me a Coffee
ana-gelismis	dinlenik	simge	4.41	#020706	#B026FF	Panel > ContentPresenter#PART_ContentPresenter > StackPanel > Path @Button#BtnSponsor	Path
ana-gelismis	dinlenik	yazi	4.41	#020706	#B026FF	Panel > ContentPresenter#PART_ContentPresenter > StackPanel > TextBlock#TxtSponsor @Button#BtnSponsor	Buy Me a Coffee
ana-gelismis	pointerover	yazi	4.41	#020706	#B026FF	Border#Root > Panel > ContentPresenter#PART_ContentPresenter > TextBlock	Türkçe
ana-gelismis	pointerover	simge	4.41	#020706	#B026FF	Panel > ContentPresenter#PART_ContentPresenter > StackPanel > Path @Button#BtnSponsor	Path
ana-gelismis	pointerover	yazi	4.41	#020706	#B026FF	Panel > ContentPresenter#PART_ContentPresenter > StackPanel > TextBlock#TxtSponsor @Button#BtnSponsor	Buy Me a Coffee
ana-gelismis	pressed	simge	4.41	#020706	#B026FF	Panel > ContentPresenter#PART_ContentPresenter > StackPanel > Path @Button#BtnSponsor	Path
ana-gelismis	pressed	yazi	4.41	#020706	#B026FF	Panel > ContentPresenter#PART_ContentPresenter > StackPanel > TextBlock#TxtSponsor @Button#BtnSponsor	Buy Me a Coffee
ana-gelismis	focus-visible	simge	4.41	#020706	#B026FF	Panel > ContentPresenter#PART_ContentPresenter > StackPanel > Path @Button#BtnSponsor	Path
ana-gelismis	focus-visible	yazi	4.41	#020706	#B026FF	Panel > ContentPresenter#PART_ContentPresenter > StackPanel > TextBlock#TxtSponsor @Button#BtnSponsor	Buy Me a Coffee
ana-ayarlar	dinlenik	simge	4.41	#020706	#B026FF	Panel > ContentPresenter#PART_ContentPresenter > StackPanel > Path @Button#BtnSponsor	Path
ana-ayarlar	dinlenik	yazi	4.41	#020706	#B026FF	Panel > ContentPresenter#PART_ContentPresenter > StackPanel > TextBlock#TxtSponsor @Button#BtnSponsor	Buy Me a Coffee
ana-ayarlar	pointerover	yazi	4.41	#020706	#B026FF	Border#Root > Panel > ContentPresenter#PART_ContentPresenter > TextBlock	Türkçe
ana-ayarlar	pointerover	simge	4.41	#020706	#B026FF	Panel > ContentPresenter#PART_ContentPresenter > StackPanel > Path @Button#BtnSponsor	Path
ana-ayarlar	pointerover	yazi	4.41	#020706	#B026FF	Panel > ContentPresenter#PART_ContentPresenter > StackPanel > TextBlock#TxtSponsor @Button#BtnSponsor	Buy Me a Coffee
ana-ayarlar	pressed	simge	4.41	#020706	#B026FF	Panel > ContentPresenter#PART_ContentPresenter > StackPanel > Path @Button#BtnSponsor	Path
ana-ayarlar	pressed	yazi	4.41	#020706	#B026FF	Panel > ContentPresenter#PART_ContentPresenter > StackPanel > TextBlock#TxtSponsor @Button#BtnSponsor	Buy Me a Coffee
ana-ayarlar	focus-visible	simge	4.41	#020706	#B026FF	Panel > ContentPresenter#PART_ContentPresenter > StackPanel > Path @Button#BtnSponsor	Path
ana-ayarlar	focus-visible	yazi	4.41	#020706	#B026FF	Panel > ContentPresenter#PART_ContentPresenter > StackPanel > TextBlock#TxtSponsor @Button#BtnSponsor	Buy Me a Coffee
ana-oynatici	pointerover	simge	4.43	#050507	#B026FF	Border#Root > Panel > ContentPresenter#PART_ContentPresenter > Path#GlyphSeritVolume @Button#BtnSeritMute	GlyphSeritVolume
ana-oynatici	pointerover	simge	4.43	#050507	#B026FF	Panel > ContentPresenter#PART_ContentPresenter > StackPanel > Path @Button#BtnSeritBack	Path
ana-oynatici	pointerover	yazi	4.43	#050507	#B026FF	Panel > ContentPresenter#PART_ContentPresenter > StackPanel > TextBlock#TxtSeritBack @Button#BtnSeritBack	−10
ana-oynatici	pointerover	simge	4.43	#050507	#B026FF	Border#Root > Panel > ContentPresenter#PART_ContentPresenter > Path#GlyphSeritPlay @Button#BtnSeritPlay	GlyphSeritPlay
ana-oynatici	pointerover	yazi	4.43	#050507	#B026FF	Panel > ContentPresenter#PART_ContentPresenter > StackPanel > TextBlock#TxtSeritForward @Button#BtnSeritForward	+10
ana-oynatici	pointerover	simge	4.43	#050507	#B026FF	Panel > ContentPresenter#PART_ContentPresenter > StackPanel > Path @Button#BtnSeritForward	Path
ana-oynatici	pointerover	simge	4.43	#050507	#B026FF	Border#Root > Panel > ContentPresenter#PART_ContentPresenter > Path @Button#BtnSeritSpeedReset	Path
ana-oynatici	pointerover	simge	4.43	#050507	#B026FF	Border#Root > Panel > ContentPresenter#PART_ContentPresenter > Path @Button#BtnSeritFullScreen	Path
ana-oynatici	dinlenik	yazi	4.57	#B026FF	#000000	Border#Root > Panel > ContentPresenter#PART_ContentPresenter > TextBlock @Button#BtnNoticeInstall	Download
ana-oynatici	focus-visible	yazi	4.57	#B026FF	#000000	Border#Root > Panel > ContentPresenter#PART_ContentPresenter > TextBlock @Button#BtnNoticeInstall	Download
ana-oynatici	pointerover	simge	4.57	#B026FF	#000000	Border#Root > Panel > ContentPresenter#PART_ContentPresenter > Path @Button#BtnMinimize	Path
ana-oynatici	pointerover	simge	4.57	#B026FF	#000000	Border#Root > Panel > ContentPresenter#PART_ContentPresenter > Path#MaximizeGlyph @Button#BtnMaximize	MaximizeGlyph
ana-kucult	dinlenik	yazi	4.57	#B026FF	#000000	Border#Root > Panel > ContentPresenter#PART_ContentPresenter > TextBlock @Button#BtnRetryAgain	Try Again
ana-kucult	dinlenik	yazi	4.57	#B026FF	#000000	Border#Root > Panel > ContentPresenter#PART_ContentPresenter > TextBlock @Button#BtnTrimConfirm	Trim and Save
ana-kucult	dinlenik	yazi	4.57	#B026FF	#000000	Border#Root > Panel > ContentPresenter#PART_ContentPresenter > TextBlock @Button#BtnNoticeInstall	Download
ana-kucult	focus-visible	yazi	4.57	#B026FF	#000000	Border#Root > Panel > ContentPresenter#PART_ContentPresenter > TextBlock @Button#BtnRetryAgain	Try Again
ana-kucult	focus-visible	yazi	4.57	#B026FF	#000000	Border#Root > Panel > ContentPresenter#PART_ContentPresenter > TextBlock @Button#BtnTrimConfirm	Trim and Save
ana-kucult	focus-visible	yazi	4.57	#B026FF	#000000	Border#Root > Panel > ContentPresenter#PART_ContentPresenter > TextBlock @Button#BtnNoticeInstall	Download
ana-kucult	pointerover	simge	4.57	#B026FF	#000000	Border#Root > Panel > ContentPresenter#PART_ContentPresenter > Path @Button#BtnMinimize	Path
ana-kucult	pointerover	simge	4.57	#B026FF	#000000	Border#Root > Panel > ContentPresenter#PART_ContentPresenter > Path#MaximizeGlyph @Button#BtnMaximize	MaximizeGlyph
ana-donustur	dinlenik	yazi	4.57	#B026FF	#000000	Border#Root > Panel > ContentPresenter#PART_ContentPresenter > TextBlock @Button#BtnNoticeInstall	Download
ana-donustur	focus-visible	yazi	4.57	#B026FF	#000000	Border#Root > Panel > ContentPresenter#PART_ContentPresenter > TextBlock @Button#BtnNoticeInstall	Download
ana-donustur	pointerover	simge	4.57	#B026FF	#000000	Border#Root > Panel > ContentPresenter#PART_ContentPresenter > Path @Button#BtnMinimize	Path
ana-donustur	pointerover	simge	4.57	#B026FF	#000000	Border#Root > Panel > ContentPresenter#PART_ContentPresenter > Path#MaximizeGlyph @Button#BtnMaximize	MaximizeGlyph
ana-kaydedici	dinlenik	yazi	4.57	#B026FF	#000000	Border#Root > Panel > ContentPresenter#PART_ContentPresenter > TextBlock @Button#BtnStart	Start
ana-kaydedici	dinlenik	yazi	4.57	#B026FF	#000000	Border#Root > Panel > ContentPresenter#PART_ContentPresenter > TextBlock @Button#BtnStop	Stop
ana-kaydedici	dinlenik	yazi	4.57	#B026FF	#000000	Border#Root > Panel > ContentPresenter#PART_ContentPresenter > TextBlock @Button#BtnToShrink	Send to Shrink
ana-kaydedici	dinlenik	yazi	4.57	#B026FF	#000000	Border#Root > Panel > ContentPresenter#PART_ContentPresenter > TextBlock @Button#BtnDrawRegion	Draw with mouse
ana-kaydedici	dinlenik	yazi	4.57	#B026FF	#000000	Border#Root > Panel > ContentPresenter#PART_ContentPresenter > TextBlock @Button#BtnNoticeInstall	Download
ana-kaydedici	focus-visible	yazi	4.57	#B026FF	#000000	Border#Root > Panel > ContentPresenter#PART_ContentPresenter > TextBlock @Button#BtnStart	Start
ana-kaydedici	focus-visible	yazi	4.57	#B026FF	#000000	Border#Root > Panel > ContentPresenter#PART_ContentPresenter > TextBlock @Button#BtnStop	Stop
ana-kaydedici	focus-visible	yazi	4.57	#B026FF	#000000	Border#Root > Panel > ContentPresenter#PART_ContentPresenter > TextBlock @Button#BtnToShrink	Send to Shrink
ana-kaydedici	focus-visible	yazi	4.57	#B026FF	#000000	Border#Root > Panel > ContentPresenter#PART_ContentPresenter > TextBlock @Button#BtnDrawRegion	Draw with mouse
ana-kaydedici	focus-visible	yazi	4.57	#B026FF	#000000	Border#Root > Panel > ContentPresenter#PART_ContentPresenter > TextBlock @Button#BtnNoticeInstall	Download
ana-kaydedici	pointerover	simge	4.57	#B026FF	#000000	Border#Root > Panel > ContentPresenter#PART_ContentPresenter > Path @Button#BtnMinimize	Path
ana-kaydedici	pointerover	simge	4.57	#B026FF	#000000	Border#Root > Panel > ContentPresenter#PART_ContentPresenter > Path#MaximizeGlyph @Button#BtnMaximize	MaximizeGlyph
ana-gelismis	dinlenik	yazi	4.57	#B026FF	#000000	Border#Root > Panel > ContentPresenter#PART_ContentPresenter > TextBlock @Button#BtnNoticeInstall	Download
ana-gelismis	focus-visible	yazi	4.57	#B026FF	#000000	Border#Root > Panel > ContentPresenter#PART_ContentPresenter > TextBlock @Button#BtnNoticeInstall	Download
ana-gelismis	pointerover	simge	4.57	#B026FF	#000000	Border#Root > Panel > ContentPresenter#PART_ContentPresenter > Path @Button#BtnMinimize	Path
ana-gelismis	pointerover	simge	4.57	#B026FF	#000000	Border#Root > Panel > ContentPresenter#PART_ContentPresenter > Path#MaximizeGlyph @Button#BtnMaximize	MaximizeGlyph
ana-ayarlar	dinlenik	yazi	4.57	#B026FF	#000000	Border#Root > Panel > ContentPresenter#PART_ContentPresenter > TextBlock @Button#BtnNoticeInstall	Download
ana-ayarlar	focus-visible	yazi	4.57	#B026FF	#000000	Border#Root > Panel > ContentPresenter#PART_ContentPresenter > TextBlock @Button#BtnNoticeInstall	Download
ana-ayarlar	pointerover	simge	4.57	#B026FF	#000000	Border#Root > Panel > ContentPresenter#PART_ContentPresenter > Path @Button#BtnMinimize	Path
ana-ayarlar	pointerover	simge	4.57	#B026FF	#000000	Border#Root > Panel > ContentPresenter#PART_ContentPresenter > Path#MaximizeGlyph @Button#BtnMaximize	MaximizeGlyph
ana-kucult	pointerover	simge	5.13	#0B6269	#00F3FF	Border#Root > Panel > ContentPresenter#PART_ContentPresenter > Path @Button#BtnPanelFullScreen	Path
ana-oynatici	dinlenik	yazi	5.14	#050507	#FF0033	Border#Stage > Panel#Surface > Border > TextBlock#TxtStall @PlayerView#Player	Örnek 0.9
ana-kucult	pointerover	simge	5.14	#0B6269	#00F3FF	Border#Root > Panel > ContentPresenter#PART_ContentPresenter > Path @Button#BtnPanelMaximize	Path
ana-kaydedici	dinlenik	yazi	5.47	#111916	#FF00EA	RecorderView > ContentPresenter#PART_ContentPresenter > StackPanel > TextBlock#TxtError @ScrollViewer#PageRecorder	Örnek 0.9
ana-donustur	pointerover	yazi	5.48	#15181A	#FF00EA	Panel > Border#Badge > ContentPresenter#PART_ContentPresenter > TextBlock @ScrollViewer#PageConvert	?
ana-donustur	pointerover	yazi	5.59	#121618	#FF00EA	Panel > Border#Badge > ContentPresenter#PART_ContentPresenter > TextBlock @ScrollViewer#PageConvert	?
ana-donustur	pointerover	yazi	5.61	#141518	#FF00EA	Panel > Border#Badge > ContentPresenter#PART_ContentPresenter > TextBlock @ScrollViewer#PageConvert	?
ana-donustur	pointerover	yazi	5.63	#141418	#FF00EA	Panel > Border#Badge > ContentPresenter#PART_ContentPresenter > TextBlock @ScrollViewer#PageConvert	?
ana-oynatici	pointerover	yazi	5.65	#0A1613	#FF00EA	Panel > StackPanel > ContentPresenter#PART_ContentPresenter > TextBlock @TabControl#Tabs	Convert
ana-kucult	pointerover	yazi	5.65	#0A1613	#FF00EA	Panel > StackPanel > ContentPresenter#PART_ContentPresenter > TextBlock @TabControl#Tabs	Convert
ana-donustur	pointerover	yazi	5.65	#0A1613	#FF00EA	Panel > StackPanel > ContentPresenter#PART_ContentPresenter > TextBlock @TabControl#Tabs	Convert
ana-kaydedici	pointerover	yazi	5.65	#0A1613	#FF00EA	Panel > StackPanel > ContentPresenter#PART_ContentPresenter > TextBlock @TabControl#Tabs	Convert
ana-gelismis	pointerover	yazi	5.65	#0A1613	#FF00EA	Panel > StackPanel > ContentPresenter#PART_ContentPresenter > TextBlock @TabControl#Tabs	Convert
ana-ayarlar	pointerover	yazi	5.65	#0A1613	#FF00EA	Panel > StackPanel > ContentPresenter#PART_ContentPresenter > TextBlock @TabControl#Tabs	Convert
ana-donustur	pointerover	yazi	5.66	#131417	#FF00EA	Panel > Border#Badge > ContentPresenter#PART_ContentPresenter > TextBlock @ScrollViewer#PageConvert	?
ana-ayarlar	dinlenik	yazi	5.66	#131417	#FF00EA	Border#GeneralSettingsPanel > StackPanel > StackPanel > TextBlock#TxtFfmpegPathError @ScrollViewer#PageSettings	Örnek 0.9
ana-donustur	pointerover	yazi	5.67	#121417	#FF00EA	Panel > Border#Badge > ContentPresenter#PART_ContentPresenter > TextBlock @ScrollViewer#PageConvert	?
kucultme-isi	dinlenik	yazi	5.68	#666669	#FFFFFF	StackPanel#QueueControls > Button#BtnPause > ContentPresenter#PART_ContentPresenter > AccessText @Button#BtnPause	Sırayı Duraklat
kucultme-isi	dinlenik	yazi	5.68	#666669	#FFFFFF	WrapPanel > Button#BtnClose > ContentPresenter#PART_ContentPresenter > AccessText @Button#BtnClose	İptal
kucultme-isi	dinlenik	yazi	5.68	#666669	#FFFFFF	WrapPanel > Button#BtnOvershootStop > ContentPresenter#PART_ContentPresenter > AccessText @Button#BtnOvershootStop	Bu Haliyle Bırak
kucultme-isi	dinlenik	yazi	5.68	#666669	#FFFFFF	Grid#CountdownRow > Button#BtnCountdownCancel > ContentPresenter#PART_ContentPresenter > AccessText @Button#BtnCountdownCancel	Vazgeç
kucultme-isi	dinlenik	yazi	5.68	#666669	#FFFFFF	WrapPanel > Button#BtnOpenInApp > ContentPresenter#PART_ContentPresenter > AccessText @Button#BtnOpenInApp	Uygulamada Aç
kucultme-isi	dinlenik	yazi	5.68	#666669	#FFFFFF	WrapPanel > Button#BtnReveal > ContentPresenter#PART_ContentPresenter > AccessText @Button#BtnReveal	Klasörde Göster
kucultme-isi	dinlenik	yazi	5.68	#666669	#FFFFFF	WrapPanel > Button#BtnShare > ContentPresenter#PART_ContentPresenter > AccessText @Button#BtnShare	Dosyayı Paylaş
kucultme-isi	dinlenik	yazi	5.68	#666669	#FFFFFF	WrapPanel > Button#BtnShareCancel > ContentPresenter#PART_ContentPresenter > AccessText @Button#BtnShareCancel	Yüklemeyi İptal Et
kucultme-isi	dinlenik	yazi	5.68	#666669	#FFFFFF	Grid#ShareLinkRow > Button#BtnShareCopy > ContentPresenter#PART_ContentPresenter > AccessText @Button#BtnShareCopy	Kopyala
kucultme-isi	focus-visible	yazi	5.68	#666669	#FFFFFF	WrapPanel > Button#BtnOvershootStop > ContentPresenter#PART_ContentPresenter > AccessText @Button#BtnOvershootStop	Bu Haliyle Bırak
kucultme-isi	focus-visible	yazi	5.68	#666669	#FFFFFF	StackPanel#QueueControls > Button#BtnPause > ContentPresenter#PART_ContentPresenter > AccessText @Button#BtnPause	Sırayı Duraklat
kucultme-isi	focus-visible	yazi	5.68	#666669	#FFFFFF	Grid#CountdownRow > Button#BtnCountdownCancel > ContentPresenter#PART_ContentPresenter > AccessText @Button#BtnCountdownCancel	Vazgeç
kucultme-isi	focus-visible	yazi	5.68	#666669	#FFFFFF	WrapPanel > Button#BtnOpenInApp > ContentPresenter#PART_ContentPresenter > AccessText @Button#BtnOpenInApp	Uygulamada Aç
kucultme-isi	focus-visible	yazi	5.68	#666669	#FFFFFF	WrapPanel > Button#BtnReveal > ContentPresenter#PART_ContentPresenter > AccessText @Button#BtnReveal	Klasörde Göster
kucultme-isi	focus-visible	yazi	5.68	#666669	#FFFFFF	WrapPanel > Button#BtnShare > ContentPresenter#PART_ContentPresenter > AccessText @Button#BtnShare	Dosyayı Paylaş
kucultme-isi	focus-visible	yazi	5.68	#666669	#FFFFFF	WrapPanel > Button#BtnShareCancel > ContentPresenter#PART_ContentPresenter > AccessText @Button#BtnShareCancel	Yüklemeyi İptal Et
kucultme-isi	focus-visible	yazi	5.68	#666669	#FFFFFF	WrapPanel > Button#BtnClose > ContentPresenter#PART_ContentPresenter > AccessText @Button#BtnClose	İptal
kucultme-isi	focus-visible	yazi	5.68	#666669	#FFFFFF	Grid#ShareLinkRow > Button#BtnShareCopy > ContentPresenter#PART_ContentPresenter > AccessText @Button#BtnShareCopy	Kopyala
ana-donustur	pointerover	yazi	5.69	#121316	#FF00EA	Panel > Border#Badge > ContentPresenter#PART_ContentPresenter > TextBlock @ScrollViewer#PageConvert	?
ana-donustur	pointerover	yazi	5.69	#121317	#FF00EA	Panel > Border#Badge > ContentPresenter#PART_ContentPresenter > TextBlock @ScrollViewer#PageConvert	?
ana-donustur	pointerover	yazi	5.69	#111316	#FF00EA	Panel > Border#Badge > ContentPresenter#PART_ContentPresenter > TextBlock @ScrollViewer#PageConvert	?
ana-kucult	dinlenik	yazi	5.71	#121316	#FF00EA	StackPanel > StackPanel#SecAdvanced > StackPanel#AdvancedBody > TextBlock#TxtAdvancedError @ScrollViewer#PageShrink	Örnek 0.9
ana-kucult	pointerover	yazi	5.73	#121216	#FF00EA	Panel > Border#Badge > ContentPresenter#PART_ContentPresenter > TextBlock @ScrollViewer#PageShrink	?
ana-kucult	pointerover	yazi	5.74	#111215	#FF00EA	Panel > Border#Badge > ContentPresenter#PART_ContentPresenter > TextBlock @ScrollViewer#PageShrink	?
ana-donustur	pointerover	yazi	5.75	#111215	#FF00EA	Panel > Border#Badge > ContentPresenter#PART_ContentPresenter > TextBlock @ScrollViewer#PageConvert	?
ana-kucult	dinlenik	yazi	5.79	#101114	#FF00EA	StackPanel > Border#SourcePanel > StackPanel > TextBlock#TxtSourceStatus @ScrollViewer#PageShrink	Örnek 0.9
ana-ayarlar	pointerover	yazi	5.79	#101114	#FF00EA	Panel > Border#Badge > ContentPresenter#PART_ContentPresenter > TextBlock @ScrollViewer#PageSettings	?
kucultme-isi	dinlenik	yazi	5.79	#111114	#FF00EA	ContentPresenter#PART_ContentPresenter > Border#JobShell > StackPanel > TextBlock#TxtNotice	Örnek 0.9
acilir-liste	dinlenik	yazi	6.10	#0D565C	#00F3FF	ComboBoxItem > Border#ItemBorder > ContentPresenter#PART_ContentPresenter > TextBlock	Seçili seçenek
acilir-liste	selected	yazi	6.10	#0D565C	#00F3FF	ComboBoxItem > Border#ItemBorder > ContentPresenter#PART_ContentPresenter > TextBlock	Örnek seçenek
acilir-liste	pressed	yazi	6.10	#0D565C	#00F3FF	ComboBoxItem > Border#ItemBorder > ContentPresenter#PART_ContentPresenter > TextBlock	Seçili seçenek
acilir-liste	focus-visible	yazi	6.10	#0D565C	#00F3FF	ComboBoxItem > Border#ItemBorder > ContentPresenter#PART_ContentPresenter > TextBlock	Seçili seçenek
ana-oynatici	pointerover	simge	6.22	#020706	#FF00EA	Border#TabOutline > Panel > StackPanel > Path#TabIcon @TabItem#TabPlayer	TabIcon
ana-oynatici	pointerover	yazi	6.22	#020706	#FF00EA	Panel > StackPanel > ContentPresenter#PART_ContentPresenter > TextBlock @TabItem#TabPlayer	Player
ana-oynatici	pointerover	simge	6.22	#020706	#FF00EA	Border#TabOutline > Panel > StackPanel > Path#TabIcon @TabItem#TabShrink	TabIcon
ana-oynatici	pointerover	yazi	6.22	#020706	#FF00EA	Panel > StackPanel > ContentPresenter#PART_ContentPresenter > TextBlock @TabItem#TabShrink	Shrink
ana-oynatici	pointerover	simge	6.22	#020706	#FF00EA	Border#TabOutline > Panel > StackPanel > Path#TabIcon @TabControl#Tabs	TabIcon
ana-oynatici	pointerover	simge	6.22	#020706	#FF00EA	Border#TabOutline > Panel > StackPanel > Path#TabIcon @TabItem#TabRecorder	TabIcon
ana-oynatici	pointerover	yazi	6.22	#020706	#FF00EA	Panel > StackPanel > ContentPresenter#PART_ContentPresenter > TextBlock @TabItem#TabRecorder	Recorder
ana-oynatici	pointerover	simge	6.22	#020706	#FF00EA	Border#TabOutline > Panel > StackPanel > Path#TabIcon @TabItem#TabAdvanced	TabIcon
ana-oynatici	pointerover	yazi	6.22	#020706	#FF00EA	Panel > StackPanel > ContentPresenter#PART_ContentPresenter > TextBlock @TabItem#TabAdvanced	Advanced
ana-oynatici	pointerover	simge	6.22	#020706	#FF00EA	Border#TabOutline > Panel > StackPanel > Path#TabIcon @TabItem#TabSettings	TabIcon
ana-oynatici	pointerover	yazi	6.22	#020706	#FF00EA	Panel > StackPanel > ContentPresenter#PART_ContentPresenter > TextBlock @TabItem#TabSettings	Settings
ana-oynatici	pointerover	yazi	6.22	#020706	#FF00EA	Panel > ContentPresenter#PART_ContentPresenter > StackPanel > TextBlock#TxtUpdateBadge @Button#BtnUpdateBadge	Örnek 0.9
ana-oynatici	pointerover	simge	6.22	#020706	#FF00EA	Panel > ContentPresenter#PART_ContentPresenter > StackPanel > Path @Button#BtnGitHub	Path
ana-oynatici	pointerover	yazi	6.22	#020706	#FF00EA	Panel > ContentPresenter#PART_ContentPresenter > StackPanel > TextBlock#TxtGitHub @Button#BtnGitHub	Teknesyum
ana-kucult	pointerover	simge	6.22	#020706	#FF00EA	Border#TabOutline > Panel > StackPanel > Path#TabIcon @TabItem#TabPlayer	TabIcon
ana-kucult	pointerover	yazi	6.22	#020706	#FF00EA	Panel > StackPanel > ContentPresenter#PART_ContentPresenter > TextBlock @TabItem#TabPlayer	Player
ana-kucult	pointerover	simge	6.22	#020706	#FF00EA	Border#TabOutline > Panel > StackPanel > Path#TabIcon @TabItem#TabShrink	TabIcon
ana-kucult	pointerover	yazi	6.22	#020706	#FF00EA	Panel > StackPanel > ContentPresenter#PART_ContentPresenter > TextBlock @TabItem#TabShrink	Shrink
ana-kucult	pointerover	simge	6.22	#020706	#FF00EA	Border#TabOutline > Panel > StackPanel > Path#TabIcon @TabControl#Tabs	TabIcon
ana-kucult	pointerover	simge	6.22	#020706	#FF00EA	Border#TabOutline > Panel > StackPanel > Path#TabIcon @TabItem#TabRecorder	TabIcon
ana-kucult	pointerover	yazi	6.22	#020706	#FF00EA	Panel > StackPanel > ContentPresenter#PART_ContentPresenter > TextBlock @TabItem#TabRecorder	Recorder
ana-kucult	pointerover	simge	6.22	#020706	#FF00EA	Border#TabOutline > Panel > StackPanel > Path#TabIcon @TabItem#TabAdvanced	TabIcon
ana-kucult	pointerover	yazi	6.22	#020706	#FF00EA	Panel > StackPanel > ContentPresenter#PART_ContentPresenter > TextBlock @TabItem#TabAdvanced	Advanced
ana-kucult	pointerover	simge	6.22	#020706	#FF00EA	Border#TabOutline > Panel > StackPanel > Path#TabIcon @TabItem#TabSettings	TabIcon
ana-kucult	pointerover	yazi	6.22	#020706	#FF00EA	Panel > StackPanel > ContentPresenter#PART_ContentPresenter > TextBlock @TabItem#TabSettings	Settings
ana-kucult	pointerover	yazi	6.22	#020706	#FF00EA	Panel > ContentPresenter#PART_ContentPresenter > StackPanel > TextBlock#TxtUpdateBadge @Button#BtnUpdateBadge	Örnek 0.9
ana-kucult	pointerover	simge	6.22	#020706	#FF00EA	Panel > ContentPresenter#PART_ContentPresenter > StackPanel > Path @Button#BtnGitHub	Path
ana-kucult	pointerover	yazi	6.22	#020706	#FF00EA	Panel > ContentPresenter#PART_ContentPresenter > StackPanel > TextBlock#TxtGitHub @Button#BtnGitHub	Teknesyum
ana-donustur	pointerover	simge	6.22	#020706	#FF00EA	Border#TabOutline > Panel > StackPanel > Path#TabIcon @TabItem#TabPlayer	TabIcon
ana-donustur	pointerover	yazi	6.22	#020706	#FF00EA	Panel > StackPanel > ContentPresenter#PART_ContentPresenter > TextBlock @TabItem#TabPlayer	Player
ana-donustur	pointerover	simge	6.22	#020706	#FF00EA	Border#TabOutline > Panel > StackPanel > Path#TabIcon @TabItem#TabShrink	TabIcon
ana-donustur	pointerover	yazi	6.22	#020706	#FF00EA	Panel > StackPanel > ContentPresenter#PART_ContentPresenter > TextBlock @TabItem#TabShrink	Shrink
ana-donustur	pointerover	simge	6.22	#020706	#FF00EA	Border#TabOutline > Panel > StackPanel > Path#TabIcon @TabControl#Tabs	TabIcon
ana-donustur	pointerover	simge	6.22	#020706	#FF00EA	Border#TabOutline > Panel > StackPanel > Path#TabIcon @TabItem#TabRecorder	TabIcon
ana-donustur	pointerover	yazi	6.22	#020706	#FF00EA	Panel > StackPanel > ContentPresenter#PART_ContentPresenter > TextBlock @TabItem#TabRecorder	Recorder
ana-donustur	pointerover	simge	6.22	#020706	#FF00EA	Border#TabOutline > Panel > StackPanel > Path#TabIcon @TabItem#TabAdvanced	TabIcon
ana-donustur	pointerover	yazi	6.22	#020706	#FF00EA	Panel > StackPanel > ContentPresenter#PART_ContentPresenter > TextBlock @TabItem#TabAdvanced	Advanced
ana-donustur	pointerover	simge	6.22	#020706	#FF00EA	Border#TabOutline > Panel > StackPanel > Path#TabIcon @TabItem#TabSettings	TabIcon
ana-donustur	pointerover	yazi	6.22	#020706	#FF00EA	Panel > StackPanel > ContentPresenter#PART_ContentPresenter > TextBlock @TabItem#TabSettings	Settings
ana-donustur	pointerover	yazi	6.22	#020706	#FF00EA	Panel > ContentPresenter#PART_ContentPresenter > StackPanel > TextBlock#TxtUpdateBadge @Button#BtnUpdateBadge	Örnek 0.9
ana-donustur	pointerover	simge	6.22	#020706	#FF00EA	Panel > ContentPresenter#PART_ContentPresenter > StackPanel > Path @Button#BtnGitHub	Path
ana-donustur	pointerover	yazi	6.22	#020706	#FF00EA	Panel > ContentPresenter#PART_ContentPresenter > StackPanel > TextBlock#TxtGitHub @Button#BtnGitHub	Teknesyum
ana-kaydedici	pointerover	simge	6.22	#020706	#FF00EA	Border#TabOutline > Panel > StackPanel > Path#TabIcon @TabItem#TabPlayer	TabIcon
ana-kaydedici	pointerover	yazi	6.22	#020706	#FF00EA	Panel > StackPanel > ContentPresenter#PART_ContentPresenter > TextBlock @TabItem#TabPlayer	Player
ana-kaydedici	pointerover	simge	6.22	#020706	#FF00EA	Border#TabOutline > Panel > StackPanel > Path#TabIcon @TabItem#TabShrink	TabIcon
ana-kaydedici	pointerover	yazi	6.22	#020706	#FF00EA	Panel > StackPanel > ContentPresenter#PART_ContentPresenter > TextBlock @TabItem#TabShrink	Shrink
ana-kaydedici	pointerover	simge	6.22	#020706	#FF00EA	Border#TabOutline > Panel > StackPanel > Path#TabIcon @TabControl#Tabs	TabIcon
ana-kaydedici	pointerover	simge	6.22	#020706	#FF00EA	Border#TabOutline > Panel > StackPanel > Path#TabIcon @TabItem#TabRecorder	TabIcon
ana-kaydedici	pointerover	yazi	6.22	#020706	#FF00EA	Panel > StackPanel > ContentPresenter#PART_ContentPresenter > TextBlock @TabItem#TabRecorder	Recorder
ana-kaydedici	pointerover	simge	6.22	#020706	#FF00EA	Border#TabOutline > Panel > StackPanel > Path#TabIcon @TabItem#TabAdvanced	TabIcon
ana-kaydedici	pointerover	yazi	6.22	#020706	#FF00EA	Panel > StackPanel > ContentPresenter#PART_ContentPresenter > TextBlock @TabItem#TabAdvanced	Advanced
ana-kaydedici	pointerover	simge	6.22	#020706	#FF00EA	Border#TabOutline > Panel > StackPanel > Path#TabIcon @TabItem#TabSettings	TabIcon
ana-kaydedici	pointerover	yazi	6.22	#020706	#FF00EA	Panel > StackPanel > ContentPresenter#PART_ContentPresenter > TextBlock @TabItem#TabSettings	Settings
ana-kaydedici	pointerover	yazi	6.22	#020706	#FF00EA	Panel > ContentPresenter#PART_ContentPresenter > StackPanel > TextBlock#TxtUpdateBadge @Button#BtnUpdateBadge	Örnek 0.9
ana-kaydedici	pointerover	simge	6.22	#020706	#FF00EA	Panel > ContentPresenter#PART_ContentPresenter > StackPanel > Path @Button#BtnGitHub	Path
ana-kaydedici	pointerover	yazi	6.22	#020706	#FF00EA	Panel > ContentPresenter#PART_ContentPresenter > StackPanel > TextBlock#TxtGitHub @Button#BtnGitHub	Teknesyum
ana-gelismis	pointerover	simge	6.22	#020706	#FF00EA	Border#TabOutline > Panel > StackPanel > Path#TabIcon @TabItem#TabPlayer	TabIcon
ana-gelismis	pointerover	yazi	6.22	#020706	#FF00EA	Panel > StackPanel > ContentPresenter#PART_ContentPresenter > TextBlock @TabItem#TabPlayer	Player
ana-gelismis	pointerover	simge	6.22	#020706	#FF00EA	Border#TabOutline > Panel > StackPanel > Path#TabIcon @TabItem#TabShrink	TabIcon
ana-gelismis	pointerover	yazi	6.22	#020706	#FF00EA	Panel > StackPanel > ContentPresenter#PART_ContentPresenter > TextBlock @TabItem#TabShrink	Shrink
ana-gelismis	pointerover	simge	6.22	#020706	#FF00EA	Border#TabOutline > Panel > StackPanel > Path#TabIcon @TabControl#Tabs	TabIcon
ana-gelismis	pointerover	simge	6.22	#020706	#FF00EA	Border#TabOutline > Panel > StackPanel > Path#TabIcon @TabItem#TabRecorder	TabIcon
ana-gelismis	pointerover	yazi	6.22	#020706	#FF00EA	Panel > StackPanel > ContentPresenter#PART_ContentPresenter > TextBlock @TabItem#TabRecorder	Recorder
ana-gelismis	pointerover	simge	6.22	#020706	#FF00EA	Border#TabOutline > Panel > StackPanel > Path#TabIcon @TabItem#TabAdvanced	TabIcon
ana-gelismis	pointerover	yazi	6.22	#020706	#FF00EA	Panel > StackPanel > ContentPresenter#PART_ContentPresenter > TextBlock @TabItem#TabAdvanced	Advanced
ana-gelismis	pointerover	simge	6.22	#020706	#FF00EA	Border#TabOutline > Panel > StackPanel > Path#TabIcon @TabItem#TabSettings	TabIcon
ana-gelismis	pointerover	yazi	6.22	#020706	#FF00EA	Panel > StackPanel > ContentPresenter#PART_ContentPresenter > TextBlock @TabItem#TabSettings	Settings
ana-gelismis	pointerover	yazi	6.22	#020706	#FF00EA	Panel > ContentPresenter#PART_ContentPresenter > StackPanel > TextBlock#TxtUpdateBadge @Button#BtnUpdateBadge	Örnek 0.9
ana-gelismis	pointerover	simge	6.22	#020706	#FF00EA	Panel > ContentPresenter#PART_ContentPresenter > StackPanel > Path @Button#BtnGitHub	Path
ana-gelismis	pointerover	yazi	6.22	#020706	#FF00EA	Panel > ContentPresenter#PART_ContentPresenter > StackPanel > TextBlock#TxtGitHub @Button#BtnGitHub	Teknesyum
ana-ayarlar	pointerover	simge	6.22	#020706	#FF00EA	Border#TabOutline > Panel > StackPanel > Path#TabIcon @TabItem#TabPlayer	TabIcon
ana-ayarlar	pointerover	yazi	6.22	#020706	#FF00EA	Panel > StackPanel > ContentPresenter#PART_ContentPresenter > TextBlock @TabItem#TabPlayer	Player
ana-ayarlar	pointerover	simge	6.22	#020706	#FF00EA	Border#TabOutline > Panel > StackPanel > Path#TabIcon @TabItem#TabShrink	TabIcon
ana-ayarlar	pointerover	yazi	6.22	#020706	#FF00EA	Panel > StackPanel > ContentPresenter#PART_ContentPresenter > TextBlock @TabItem#TabShrink	Shrink
ana-ayarlar	pointerover	simge	6.22	#020706	#FF00EA	Border#TabOutline > Panel > StackPanel > Path#TabIcon @TabControl#Tabs	TabIcon
ana-ayarlar	pointerover	simge	6.22	#020706	#FF00EA	Border#TabOutline > Panel > StackPanel > Path#TabIcon @TabItem#TabRecorder	TabIcon
ana-ayarlar	pointerover	yazi	6.22	#020706	#FF00EA	Panel > StackPanel > ContentPresenter#PART_ContentPresenter > TextBlock @TabItem#TabRecorder	Recorder
ana-ayarlar	pointerover	simge	6.22	#020706	#FF00EA	Border#TabOutline > Panel > StackPanel > Path#TabIcon @TabItem#TabAdvanced	TabIcon
ana-ayarlar	pointerover	yazi	6.22	#020706	#FF00EA	Panel > StackPanel > ContentPresenter#PART_ContentPresenter > TextBlock @TabItem#TabAdvanced	Advanced
ana-ayarlar	pointerover	simge	6.22	#020706	#FF00EA	Border#TabOutline > Panel > StackPanel > Path#TabIcon @TabItem#TabSettings	TabIcon
ana-ayarlar	pointerover	yazi	6.22	#020706	#FF00EA	Panel > StackPanel > ContentPresenter#PART_ContentPresenter > TextBlock @TabItem#TabSettings	Settings
ana-ayarlar	pointerover	yazi	6.22	#020706	#FF00EA	Panel > ContentPresenter#PART_ContentPresenter > StackPanel > TextBlock#TxtUpdateBadge @Button#BtnUpdateBadge	Örnek 0.9
ana-ayarlar	pointerover	simge	6.22	#020706	#FF00EA	Panel > ContentPresenter#PART_ContentPresenter > StackPanel > Path @Button#BtnGitHub	Path
ana-ayarlar	pointerover	yazi	6.22	#020706	#FF00EA	Panel > ContentPresenter#PART_ContentPresenter > StackPanel > TextBlock#TxtGitHub @Button#BtnGitHub	Teknesyum
ana-oynatici	pointerover	simge	6.44	#FF00EA	#000000	Border#Root > Panel > ContentPresenter#PART_ContentPresenter > Path @Button#BtnClose	Path
ana-kucult	pointerover	simge	6.44	#FF00EA	#000000	Border#Root > Panel > ContentPresenter#PART_ContentPresenter > Path @Button#BtnClose	Path
ana-donustur	pointerover	simge	6.44	#FF00EA	#000000	Border#Root > Panel > ContentPresenter#PART_ContentPresenter > Path @Button#BtnClose	Path
ana-kaydedici	pointerover	simge	6.44	#FF00EA	#000000	Border#Root > Panel > ContentPresenter#PART_ContentPresenter > Path @Button#BtnClose	Path
ana-gelismis	pointerover	simge	6.44	#FF00EA	#000000	Border#Root > Panel > ContentPresenter#PART_ContentPresenter > Path @Button#BtnClose	Path
ana-ayarlar	pointerover	simge	6.44	#FF00EA	#000000	Border#Root > Panel > ContentPresenter#PART_ContentPresenter > Path @Button#BtnClose	Path
ana-oynatici	pressed	simge	7.32	#020706	#00F3FF	Border#Root > Panel > ContentPresenter#PART_ContentPresenter > Path @Button#BtnMinimize	Path
ana-oynatici	pressed	simge	7.32	#020706	#00F3FF	Border#Root > Panel > ContentPresenter#PART_ContentPresenter > Path#MaximizeGlyph @Button#BtnMaximize	MaximizeGlyph
ana-kucult	pressed	simge	7.32	#020706	#00F3FF	Border#Root > Panel > ContentPresenter#PART_ContentPresenter > Path @Button#BtnMinimize	Path
ana-kucult	pressed	simge	7.32	#020706	#00F3FF	Border#Root > Panel > ContentPresenter#PART_ContentPresenter > Path#MaximizeGlyph @Button#BtnMaximize	MaximizeGlyph
ana-donustur	pressed	simge	7.32	#020706	#00F3FF	Border#Root > Panel > ContentPresenter#PART_ContentPresenter > Path @Button#BtnMinimize	Path
ana-donustur	pressed	simge	7.32	#020706	#00F3FF	Border#Root > Panel > ContentPresenter#PART_ContentPresenter > Path#MaximizeGlyph @Button#BtnMaximize	MaximizeGlyph
ana-kaydedici	pressed	simge	7.32	#020706	#00F3FF	Border#Root > Panel > ContentPresenter#PART_ContentPresenter > Path @Button#BtnMinimize	Path
ana-kaydedici	pressed	simge	7.32	#020706	#00F3FF	Border#Root > Panel > ContentPresenter#PART_ContentPresenter > Path#MaximizeGlyph @Button#BtnMaximize	MaximizeGlyph
ana-gelismis	pressed	simge	7.32	#020706	#00F3FF	Border#Root > Panel > ContentPresenter#PART_ContentPresenter > Path @Button#BtnMinimize	Path
ana-gelismis	pressed	simge	7.32	#020706	#00F3FF	Border#Root > Panel > ContentPresenter#PART_ContentPresenter > Path#MaximizeGlyph @Button#BtnMaximize	MaximizeGlyph
ana-ayarlar	pressed	simge	7.32	#020706	#00F3FF	Border#Root > Panel > ContentPresenter#PART_ContentPresenter > Path @Button#BtnMinimize	Path
ana-ayarlar	pressed	simge	7.32	#020706	#00F3FF	Border#Root > Panel > ContentPresenter#PART_ContentPresenter > Path#MaximizeGlyph @Button#BtnMaximize	MaximizeGlyph
kucultme-isi	pointerover	yazi	7.62	#535356	#FFFFFF	WrapPanel > Button#BtnOvershootStop > ContentPresenter#PART_ContentPresenter > AccessText @Button#BtnOvershootStop	Bu Haliyle Bırak
kucultme-isi	pointerover	yazi	7.62	#535356	#FFFFFF	StackPanel#QueueControls > Button#BtnPause > ContentPresenter#PART_ContentPresenter > AccessText @Button#BtnPause	Sırayı Duraklat
kucultme-isi	pointerover	yazi	7.62	#535356	#FFFFFF	Grid#CountdownRow > Button#BtnCountdownCancel > ContentPresenter#PART_ContentPresenter > AccessText @Button#BtnCountdownCancel	Vazgeç
kucultme-isi	pointerover	yazi	7.62	#535356	#FFFFFF	WrapPanel > Button#BtnOpenInApp > ContentPresenter#PART_ContentPresenter > AccessText @Button#BtnOpenInApp	Uygulamada Aç
kucultme-isi	pointerover	yazi	7.62	#535356	#FFFFFF	WrapPanel > Button#BtnReveal > ContentPresenter#PART_ContentPresenter > AccessText @Button#BtnReveal	Klasörde Göster
kucultme-isi	pointerover	yazi	7.62	#535356	#FFFFFF	WrapPanel > Button#BtnShare > ContentPresenter#PART_ContentPresenter > AccessText @Button#BtnShare	Dosyayı Paylaş
kucultme-isi	pointerover	yazi	7.62	#535356	#FFFFFF	WrapPanel > Button#BtnShareCancel > ContentPresenter#PART_ContentPresenter > AccessText @Button#BtnShareCancel	Yüklemeyi İptal Et
kucultme-isi	pointerover	yazi	7.62	#535356	#FFFFFF	WrapPanel > Button#BtnClose > ContentPresenter#PART_ContentPresenter > AccessText @Button#BtnClose	İptal
kucultme-isi	pointerover	yazi	7.62	#535356	#FFFFFF	Grid#ShareLinkRow > Button#BtnShareCopy > ContentPresenter#PART_ContentPresenter > AccessText @Button#BtnShareCopy	Kopyala
ana-kaydedici	dinlenik	yazi	9.44	#0F1716	#34D399	RecorderView > ContentPresenter#PART_ContentPresenter > StackPanel > TextBlock#TxtNotice @ScrollViewer#PageRecorder	Örnek 0.9
ana-oynatici	pressed	simge	9.81	#020706	#FFFFFF	Border#Root > Panel > ContentPresenter#PART_ContentPresenter > Path @Button#BtnClose	Path
ana-kucult	pressed	simge	9.81	#020706	#FFFFFF	Border#Root > Panel > ContentPresenter#PART_ContentPresenter > Path @Button#BtnClose	Path
ana-donustur	pressed	simge	9.81	#020706	#FFFFFF	Border#Root > Panel > ContentPresenter#PART_ContentPresenter > Path @Button#BtnClose	Path
ana-kaydedici	dinlenik	yazi	9.81	#111115	#34D399	StackPanel > Border#ResultPanel > StackPanel > TextBlock#TxtResult @ScrollViewer#PageRecorder	Örnek 0.9
ana-kaydedici	pressed	simge	9.81	#020706	#FFFFFF	Border#Root > Panel > ContentPresenter#PART_ContentPresenter > Path @Button#BtnClose	Path
ana-gelismis	pressed	simge	9.81	#020706	#FFFFFF	Border#Root > Panel > ContentPresenter#PART_ContentPresenter > Path @Button#BtnClose	Path
ana-ayarlar	pressed	simge	9.81	#020706	#FFFFFF	Border#Root > Panel > ContentPresenter#PART_ContentPresenter > Path @Button#BtnClose	Path
ana-kucult	pressed	yazi	11.02	#102A2E	#00F3FF	Panel > ContentPresenter#PART_ContentPresenter > Grid > TextBlock @Button#BtnFrameToggle	Cropping and Resolution
ana-kucult	pressed	yazi	11.05	#10292E	#00F3FF	Panel > ContentPresenter#PART_ContentPresenter > Grid > TextBlock @Button#BtnQualityToggle	Quality and Compatibility
ana-kucult	pressed	yazi	11.14	#0F292D	#00F3FF	Panel > ContentPresenter#PART_ContentPresenter > Grid > TextBlock @Button#BtnAudioToggle	Audio and Subtitles
ana-kucult	pressed	yazi	11.23	#0F282C	#00F3FF	Panel > ContentPresenter#PART_ContentPresenter > Grid > TextBlock @Button#BtnAdvancedToggle	Advanced Settings
RecorderMini	pressed	simge	11.32	#253E43	#FFFFFF	Border#Root > Panel > ContentPresenter#PART_ContentPresenter > Path @Button#BtnOptions	Path
RecorderMini	pressed	simge	11.32	#253E43	#FFFFFF	Border#Root > Panel > ContentPresenter#PART_ContentPresenter > Path#ToggleGlyph @Button#BtnToggle	ToggleGlyph
RecorderMini	pressed	simge	11.32	#253E43	#FFFFFF	Border#Root > Panel > ContentPresenter#PART_ContentPresenter > Path @Button#BtnExpand	Path
ana-kucult	pressed	yazi	12.29	#072023	#00F3FF	Border#Root > Panel > ContentPresenter#PART_ContentPresenter > TextBlock @Button#BtnZoomIn	+
ana-kucult	dinlenik	yazi	12.30	#2C132E	#00F3FF	StackPanel > Border#RetryAskPanel > StackPanel > TextBlock @ScrollViewer#PageShrink	Over the Target
ana-kaydedici	dinlenik	yazi	12.35	#191D1C	#00F3FF	RecorderView > ContentPresenter#PART_ContentPresenter > StackPanel > TextBlock @ScrollViewer#PageRecorder	Screen Recorder
ana-kucult	pressed	simge	12.39	#071F23	#00F3FF	Border#Root > Panel > ContentPresenter#PART_ContentPresenter > Path @Button#BtnPanelMaximize	Path
ana-kucult	pressed	simge	12.39	#071F23	#00F3FF	Border#Root > Panel > ContentPresenter#PART_ContentPresenter > Path @Button#BtnPanelFullScreen	Path
ana-oynatici	pressed	yazi	12.52	#021F1F	#00F3FF	Border#Root > Panel > ContentPresenter#PART_ContentPresenter > TextBlock	English
ana-kucult	pressed	yazi	12.52	#021F1F	#00F3FF	Border#Root > Panel > ContentPresenter#PART_ContentPresenter > TextBlock	English
ana-donustur	pressed	yazi	12.52	#021F1F	#00F3FF	Border#Root > Panel > ContentPresenter#PART_ContentPresenter > TextBlock	English
ana-kaydedici	pressed	yazi	12.52	#021F1F	#00F3FF	Border#Root > Panel > ContentPresenter#PART_ContentPresenter > TextBlock	English
ana-gelismis	pressed	yazi	12.52	#021F1F	#00F3FF	Border#Root > Panel > ContentPresenter#PART_ContentPresenter > TextBlock	English
ana-ayarlar	pressed	yazi	12.52	#021F1F	#00F3FF	Border#Root > Panel > ContentPresenter#PART_ContentPresenter > TextBlock	English
ana-oynatici	dinlenik	yazi	12.66	#041D20	#00F3FF	Grid > Grid > Border > TextBlock#TxtSeritVolume @PlayerView#Player	100
ana-oynatici	dinlenik	yazi	12.66	#041D20	#00F3FF	Grid > Grid > Border > TextBlock#TxtSeritSpeed @PlayerView#Player	1.00×
ana-kucult	dinlenik	yazi	12.89	#16181B	#00F3FF	Grid#PreviewPlanGrid > Border#PlanPanel > Grid > TextBlock @ScrollViewer#PageShrink	What It Will Do
ana-kaydedici	dinlenik	yazi	12.90	#16181B	#00F3FF	StackPanel > Grid > StackPanel > TextBlock @ScrollViewer#PageRecorder	System Audio
ana-donustur	dinlenik	yazi	12.99	#15181A	#00F3FF	Panel > Border#Badge > ContentPresenter#PART_ContentPresenter > TextBlock @ScrollViewer#PageConvert	?
ana-donustur	pressed	yazi	12.99	#15181A	#00F3FF	Panel > Border#Badge > ContentPresenter#PART_ContentPresenter > TextBlock @ScrollViewer#PageConvert	?
ana-donustur	focus-visible	yazi	12.99	#15181A	#00F3FF	Panel > Border#Badge > ContentPresenter#PART_ContentPresenter > TextBlock @ScrollViewer#PageConvert	?
ana-donustur	edilgen	yazi	12.99	#15181A	#00F3FF	Panel > Border#Badge > ContentPresenter#PART_ContentPresenter > TextBlock @ScrollViewer#PageConvert	?
ana-kucult	dinlenik	yazi	13.00	#13181A	#00F3FF	StackPanel > StackPanel > Grid > TextBlock#LblEstimate @ScrollViewer#PageShrink	Estimated Output
ana-donustur	dinlenik	yazi	13.03	#15171A	#00F3FF	Grid#ConvertForm > Grid > Grid > TextBlock @ScrollViewer#PageConvert	Audio Bitrate (Kbit/⁠s)
ana-kucult	dinlenik	yazi	13.09	#121719	#00F3FF	SutunIzgara#OutputFacts > StackPanel > Grid > TextBlock @ScrollViewer#PageShrink	Left in this attempt
ana-kucult	dinlenik	yazi	13.18	#151619	#00F3FF	Grid#PreviewPlanGrid > Border#PlanPanel > Grid > TextBlock @ScrollViewer#PageShrink	What It Will Do
ana-donustur	dinlenik	yazi	13.22	#121618	#00F3FF	Grid#ConvertForm > Grid > Grid > TextBlock @ScrollViewer#PageConvert	End (HH:MM:SS)
ana-kaydedici	dinlenik	yazi	13.23	#151519	#00F3FF	Grid > Border#PanelOptions > StackPanel > TextBlock @ScrollViewer#PageRecorder	Recording Options
ana-donustur	dinlenik	yazi	13.25	#121618	#00F3FF	Panel > Border#Badge > ContentPresenter#PART_ContentPresenter > TextBlock @ScrollViewer#PageConvert	?
ana-donustur	pressed	yazi	13.25	#121618	#00F3FF	Panel > Border#Badge > ContentPresenter#PART_ContentPresenter > TextBlock @ScrollViewer#PageConvert	?
ana-donustur	focus-visible	yazi	13.25	#121618	#00F3FF	Panel > Border#Badge > ContentPresenter#PART_ContentPresenter > TextBlock @ScrollViewer#PageConvert	?
ana-donustur	edilgen	yazi	13.25	#121618	#00F3FF	Panel > Border#Badge > ContentPresenter#PART_ContentPresenter > TextBlock @ScrollViewer#PageConvert	?
ana-kucult	dinlenik	yazi	13.26	#121618	#00F3FF	StackPanel > StackPanel > KaydiriciSatiri#TargetSliderRow > TextBlock @ScrollViewer#PageShrink	MB
ana-kucult	dinlenik	yazi	13.28	#121518	#00F3FF	SutunIzgara#OutputFacts > StackPanel > Grid > TextBlock @ScrollViewer#PageShrink	Stage
ana-kaydedici	dinlenik	yazi	13.28	#141518	#00F3FF	StackPanel > Grid > StackPanel > TextBlock @ScrollViewer#PageRecorder	Corner
ana-kucult	dinlenik	yazi	13.29	#141518	#00F3FF	StackPanel > Panel#DropZone > StackPanel > TextBlock#TxtDropTitle @ScrollViewer#PageShrink	Drop a media file here
ana-kucult	dinlenik	yazi	13.29	#141518	#00F3FF	ScrollContentPresenter#PART_ContentPresenter > StackPanel#PlanBody > Grid#PlanReasonsHead > TextBlock#TxtPlanReasonsHead @ScrollViewer#PlanScroll	Örnek 0.9
ana-donustur	dinlenik	yazi	13.29	#141518	#00F3FF	Panel > Border#Badge > ContentPresenter#PART_ContentPresenter > TextBlock @ScrollViewer#PageConvert	?
ana-kaydedici	dinlenik	yazi	13.29	#141518	#00F3FF	Grid > SutunIzgara#StripStats > StackPanel > TextBlock @ScrollViewer#PageRecorder	Elapsed
ana-ayarlar	dinlenik	yazi	13.29	#141518	#00F3FF	Grid > StackPanel > StackPanel > TextBlock @ScrollViewer#PageSettings	MB
ana-donustur	dinlenik	yazi	13.30	#141518	#00F3FF	Grid#ConvertForm > Grid > Grid > TextBlock @ScrollViewer#PageConvert	Container
ana-donustur	pressed	yazi	13.30	#141518	#00F3FF	Panel > Border#Badge > ContentPresenter#PART_ContentPresenter > TextBlock @ScrollViewer#PageConvert	?
ana-donustur	focus-visible	yazi	13.30	#141518	#00F3FF	Panel > Border#Badge > ContentPresenter#PART_ContentPresenter > TextBlock @ScrollViewer#PageConvert	?
ana-donustur	edilgen	yazi	13.30	#141518	#00F3FF	Panel > Border#Badge > ContentPresenter#PART_ContentPresenter > TextBlock @ScrollViewer#PageConvert	?
ana-kucult	dinlenik	yazi	13.31	#141418	#00F3FF	Border#TargetPanel > StackPanel > StackPanel > TextBlock @ScrollViewer#PageShrink	Target
ana-kucult	dinlenik	yazi	13.31	#131518	#00F3FF	StackPanel > Border#OutputPanel > StackPanel > TextBlock @ScrollViewer#PageShrink	Output
ana-ayarlar	dinlenik	yazi	13.31	#121518	#00F3FF	StackPanel > StackPanel > StackPanel > TextBlock @ScrollViewer#PageSettings	Password
ana-kucult	dinlenik	yazi	13.32	#131518	#00F3FF	Grid > Grid#Stage > StackPanel#EmptyState > TextBlock#EmptyTitle @ComparisonPanel#Preview	Comparison Panel
ana-kaydedici	dinlenik	yazi	13.33	#141418	#00F3FF	StackPanel > Grid > StackPanel > TextBlock @ScrollViewer#PageRecorder	Width
ana-ayarlar	dinlenik	yazi	13.33	#121517	#00F3FF	StackPanel > Grid#LanguageThemeRow > StackPanel > TextBlock @ScrollViewer#PageSettings	Theme
ana-kaydedici	dinlenik	yazi	13.34	#141418	#00F3FF	Border#PanelTarget > StackPanel > StackPanel > TextBlock @ScrollViewer#PageRecorder	Countdown
ana-kucult	dinlenik	yazi	13.35	#121517	#00F3FF	SutunIzgara#OutputFacts > StackPanel > Grid > TextBlock#LblDuration @ScrollViewer#PageShrink	Estimated Time
ana-donustur	pressed	yazi	13.35	#141418	#00F3FF	Panel > Border#Badge > ContentPresenter#PART_ContentPresenter > TextBlock @ScrollViewer#PageConvert	?
ana-donustur	focus-visible	yazi	13.35	#141418	#00F3FF	Panel > Border#Badge > ContentPresenter#PART_ContentPresenter > TextBlock @ScrollViewer#PageConvert	?
ana-donustur	edilgen	yazi	13.35	#141418	#00F3FF	Panel > Border#Badge > ContentPresenter#PART_ContentPresenter > TextBlock @ScrollViewer#PageConvert	?
ana-kaydedici	dinlenik	yazi	13.35	#141418	#00F3FF	StackPanel > Grid#RowRegionTools > StackPanel > TextBlock @ScrollViewer#PageRecorder	Aspect Ratio
ana-ayarlar	dinlenik	yazi	13.35	#141418	#00F3FF	Grid > StackPanel > StackPanel > TextBlock @ScrollViewer#PageSettings	MB
ana-kaydedici	dinlenik	yazi	13.36	#121417	#00F3FF	Grid > SutunIzgara#StripStats > StackPanel > TextBlock @ScrollViewer#PageRecorder	Dropped Frames
ana-donustur	dinlenik	yazi	13.37	#141418	#00F3FF	Panel > Border#Badge > ContentPresenter#PART_ContentPresenter > TextBlock @ScrollViewer#PageConvert	?
ana-donustur	dinlenik	yazi	13.37	#141418	#00F3FF	Grid#ConvertForm > Grid > Grid > TextBlock @ScrollViewer#PageConvert	Video Codec
ana-ayarlar	dinlenik	yazi	13.39	#131417	#00F3FF	StackPanel > Grid#LanguageThemeRow > StackPanel > TextBlock @ScrollViewer#PageSettings	Language
ana-oynatici	dinlenik	yazi	13.40	#0A1613	#00F3FF	Panel > StackPanel > ContentPresenter#PART_ContentPresenter > TextBlock @TabControl#Tabs	Convert
ana-oynatici	pressed	yazi	13.40	#0A1613	#00F3FF	Panel > StackPanel > ContentPresenter#PART_ContentPresenter > TextBlock @TabControl#Tabs	Convert
ana-oynatici	focus-visible	yazi	13.40	#0A1613	#00F3FF	Panel > StackPanel > ContentPresenter#PART_ContentPresenter > TextBlock @TabControl#Tabs	Convert
ana-oynatici	selected	yazi	13.40	#0A1613	#00F3FF	Panel > StackPanel > ContentPresenter#PART_ContentPresenter > TextBlock @TabControl#Tabs	Convert
ana-kucult	dinlenik	yazi	13.40	#0A1613	#00F3FF	Panel > StackPanel > ContentPresenter#PART_ContentPresenter > TextBlock @TabControl#Tabs	Convert
ana-kucult	dinlenik	yazi	13.40	#121417	#00F3FF	SutunIzgara#OutputFacts > StackPanel > Grid > TextBlock @ScrollViewer#PageShrink	Current Output Size
ana-kucult	pressed	yazi	13.40	#0A1613	#00F3FF	Panel > StackPanel > ContentPresenter#PART_ContentPresenter > TextBlock @TabControl#Tabs	Convert
ana-kucult	focus-visible	yazi	13.40	#0A1613	#00F3FF	Panel > StackPanel > ContentPresenter#PART_ContentPresenter > TextBlock @TabControl#Tabs	Convert
ana-kucult	selected	yazi	13.40	#0A1613	#00F3FF	Panel > StackPanel > ContentPresenter#PART_ContentPresenter > TextBlock @TabControl#Tabs	Convert
ana-donustur	dinlenik	yazi	13.40	#121417	#00F3FF	Panel > Border#Badge > ContentPresenter#PART_ContentPresenter > TextBlock @ScrollViewer#PageConvert	?
ana-donustur	dinlenik	yazi	13.40	#0A1613	#00F3FF	Panel > StackPanel > ContentPresenter#PART_ContentPresenter > TextBlock @TabControl#Tabs	Convert
ana-donustur	pressed	yazi	13.40	#0A1613	#00F3FF	Panel > StackPanel > ContentPresenter#PART_ContentPresenter > TextBlock @TabControl#Tabs	Convert
ana-donustur	focus-visible	yazi	13.40	#0A1613	#00F3FF	Panel > StackPanel > ContentPresenter#PART_ContentPresenter > TextBlock @TabControl#Tabs	Convert
ana-donustur	selected	yazi	13.40	#0A1613	#00F3FF	Panel > StackPanel > ContentPresenter#PART_ContentPresenter > TextBlock @TabControl#Tabs	Convert
ana-kaydedici	dinlenik	yazi	13.40	#0A1613	#00F3FF	Panel > StackPanel > ContentPresenter#PART_ContentPresenter > TextBlock @TabControl#Tabs	Convert
ana-kaydedici	pressed	yazi	13.40	#0A1613	#00F3FF	Panel > StackPanel > ContentPresenter#PART_ContentPresenter > TextBlock @TabControl#Tabs	Convert
ana-kaydedici	focus-visible	yazi	13.40	#0A1613	#00F3FF	Panel > StackPanel > ContentPresenter#PART_ContentPresenter > TextBlock @TabControl#Tabs	Convert
ana-kaydedici	selected	yazi	13.40	#0A1613	#00F3FF	Panel > StackPanel > ContentPresenter#PART_ContentPresenter > TextBlock @TabControl#Tabs	Convert
ana-gelismis	dinlenik	yazi	13.40	#0A1613	#00F3FF	Panel > StackPanel > ContentPresenter#PART_ContentPresenter > TextBlock @TabControl#Tabs	Convert
ana-gelismis	pressed	yazi	13.40	#0A1613	#00F3FF	Panel > StackPanel > ContentPresenter#PART_ContentPresenter > TextBlock @TabControl#Tabs	Convert
ana-gelismis	focus-visible	yazi	13.40	#0A1613	#00F3FF	Panel > StackPanel > ContentPresenter#PART_ContentPresenter > TextBlock @TabControl#Tabs	Convert
ana-gelismis	selected	yazi	13.40	#0A1613	#00F3FF	Panel > StackPanel > ContentPresenter#PART_ContentPresenter > TextBlock @TabControl#Tabs	Convert
ana-ayarlar	dinlenik	yazi	13.40	#0A1613	#00F3FF	Panel > StackPanel > ContentPresenter#PART_ContentPresenter > TextBlock @TabControl#Tabs	Convert
ana-ayarlar	pressed	yazi	13.40	#0A1613	#00F3FF	Panel > StackPanel > ContentPresenter#PART_ContentPresenter > TextBlock @TabControl#Tabs	Convert
ana-ayarlar	focus-visible	yazi	13.40	#0A1613	#00F3FF	Panel > StackPanel > ContentPresenter#PART_ContentPresenter > TextBlock @TabControl#Tabs	Convert
ana-ayarlar	selected	yazi	13.40	#0A1613	#00F3FF	Panel > StackPanel > ContentPresenter#PART_ContentPresenter > TextBlock @TabControl#Tabs	Convert
ana-kucult	dinlenik	yazi	13.41	#121417	#00F3FF	StackPanel > StackPanel > KaydiriciSatiri#QualitySliderRow > TextBlock @ScrollViewer#PageShrink	/100
ana-donustur	dinlenik	yazi	13.41	#131417	#00F3FF	Panel > Border#Badge > ContentPresenter#PART_ContentPresenter > TextBlock @ScrollViewer#PageConvert	?
ana-donustur	pressed	yazi	13.41	#131417	#00F3FF	Panel > Border#Badge > ContentPresenter#PART_ContentPresenter > TextBlock @ScrollViewer#PageConvert	?
ana-donustur	focus-visible	yazi	13.41	#131417	#00F3FF	Panel > Border#Badge > ContentPresenter#PART_ContentPresenter > TextBlock @ScrollViewer#PageConvert	?
ana-donustur	edilgen	yazi	13.41	#131417	#00F3FF	Panel > Border#Badge > ContentPresenter#PART_ContentPresenter > TextBlock @ScrollViewer#PageConvert	?
ana-kucult	dinlenik	yazi	13.42	#121417	#00F3FF	StackPanel > SutunIzgara#InfoGrid > StackPanel > TextBlock @ScrollViewer#PageShrink	Audio
ana-donustur	dinlenik	yazi	13.42	#131417	#00F3FF	Grid > Border > StackPanel > TextBlock @ScrollViewer#PageConvert	Conversion
ana-kaydedici	dinlenik	yazi	13.42	#131417	#00F3FF	Border#PanelTarget > StackPanel > StackPanel > TextBlock @ScrollViewer#PageRecorder	Source
ana-kaydedici	dinlenik	yazi	13.42	#131417	#00F3FF	StackPanel > Grid > StackPanel > TextBlock @ScrollViewer#PageRecorder	Width
ana-gelismis	dinlenik	yazi	13.42	#131417	#00F3FF	Border#CommandPanel > StackPanel > Grid > TextBlock @ScrollViewer#PageAdvanced	FFmpeg Command
ana-ayarlar	dinlenik	yazi	13.42	#131417	#00F3FF	StackPanel > Border#GeneralSettingsPanel > StackPanel > TextBlock @ScrollViewer#PageSettings	General
ana-donustur	pressed	yazi	13.43	#121417	#00F3FF	Panel > Border#Badge > ContentPresenter#PART_ContentPresenter > TextBlock @ScrollViewer#PageConvert	?
ana-donustur	focus-visible	yazi	13.43	#121417	#00F3FF	Panel > Border#Badge > ContentPresenter#PART_ContentPresenter > TextBlock @ScrollViewer#PageConvert	?
ana-donustur	edilgen	yazi	13.43	#121417	#00F3FF	Panel > Border#Badge > ContentPresenter#PART_ContentPresenter > TextBlock @ScrollViewer#PageConvert	?
ana-kaydedici	dinlenik	yazi	13.43	#131417	#00F3FF	Border#PanelWebcam > StackPanel > StackPanel > TextBlock @ScrollViewer#PageRecorder	Camera Background
ana-kaydedici	dinlenik	yazi	13.43	#131417	#00F3FF	Border#PanelTarget > StackPanel > StackPanel#RowScreen > TextBlock @ScrollViewer#PageRecorder	Screen
ana-kaydedici	dinlenik	yazi	13.43	#131417	#00F3FF	Border#PanelTarget > StackPanel > StackPanel#RowWindow > TextBlock @ScrollViewer#PageRecorder	Open Windows
ana-kaydedici	dinlenik	yazi	13.43	#131417	#00F3FF	StackPanel > Grid#RowRegionTools > StackPanel > TextBlock @ScrollViewer#PageRecorder	Preset Size
ana-kaydedici	dinlenik	yazi	13.43	#131417	#00F3FF	StackPanel > Grid#RowRegion > StackPanel > TextBlock @ScrollViewer#PageRecorder	Height
ana-kaydedici	dinlenik	yazi	13.43	#131417	#00F3FF	StackPanel#PanelManualOptions > Grid > StackPanel > TextBlock @ScrollViewer#PageRecorder	Quality
ana-kaydedici	dinlenik	yazi	13.43	#131417	#00F3FF	StackPanel > StackPanel#PanelManualOptions > StackPanel > TextBlock @ScrollViewer#PageRecorder	Video Encoder
ana-kaydedici	dinlenik	yazi	13.43	#131417	#00F3FF	Border#PanelOptions > StackPanel > StackPanel > TextBlock @ScrollViewer#PageRecorder	Output Folder
ana-kaydedici	dinlenik	yazi	13.43	#131417	#00F3FF	StackPanel > Border#PanelAdvanced > StackPanel > TextBlock @ScrollViewer#PageRecorder	Advanced Encoding
ana-kaydedici	dinlenik	yazi	13.43	#131417	#00F3FF	StackPanel#PanelAdvancedEncoding > Grid > StackPanel > TextBlock @ScrollViewer#PageRecorder	Pixel Format
ana-kaydedici	dinlenik	yazi	13.43	#131417	#00F3FF	StackPanel > Border > StackPanel > TextBlock @ScrollViewer#PageRecorder	Sound
ana-kaydedici	dinlenik	yazi	13.43	#131417	#00F3FF	StackPanel > Border#PanelWebcam > StackPanel > TextBlock @ScrollViewer#PageRecorder	Webcam
ana-ayarlar	dinlenik	yazi	13.43	#131417	#00F3FF	StackPanel > Border#ShellMenuPanel > StackPanel > TextBlock @ScrollViewer#PageSettings	Right-Click Menu
ana-ayarlar	dinlenik	yazi	13.43	#131417	#00F3FF	StackPanel > Border#UpdatePanel > StackPanel > TextBlock @ScrollViewer#PageSettings	Updates
ana-ayarlar	dinlenik	yazi	13.43	#131417	#00F3FF	ContentPresenter#PART_ContentPresenter > Border#Root > StackPanel > TextBlock @PlayerShortcutsPanel#PlayerShortcutsPanel	Player Shortcuts
ana-ayarlar	dinlenik	yazi	13.43	#131417	#00F3FF	StackPanel > Border#DiagnosticLogPanel > StackPanel > TextBlock @ScrollViewer#PageSettings	Diagnostic Log
ana-ayarlar	dinlenik	yazi	13.43	#131417	#00F3FF	Border#AboutPanel > StackPanel > StackPanel#AboutStatus > TextBlock @ScrollViewer#PageSettings	System Status
ana-ayarlar	dinlenik	yazi	13.43	#131417	#00F3FF	Border#GeneralSettingsPanel > StackPanel > StackPanel > TextBlock @ScrollViewer#PageSettings	OpenSubtitles API Key
ana-ayarlar	dinlenik	yazi	13.43	#131417	#00F3FF	Border#AboutPanel > StackPanel > StackPanel#AboutBody > TextBlock @ScrollViewer#PageSettings	How the Engine Thinks
ana-kucult	dinlenik	yazi	13.44	#131317	#00F3FF	StackPanel > Border#SourcePanel > StackPanel > TextBlock @ScrollViewer#PageShrink	Source
ana-kucult	dinlenik	yazi	13.46	#111416	#00F3FF	Grid > Grid#Stage > StackPanel#EmptyState > TextBlock#EmptyTitle @ComparisonPanel#Preview	Comparison Panel
ana-kucult	dinlenik	yazi	13.47	#121317	#00F3FF	Panel > ContentPresenter#PART_ContentPresenter > Grid > TextBlock @Button#BtnQualityToggle	Quality and Compatibility
ana-donustur	dinlenik	yazi	13.47	#131317	#00F3FF	Grid#ConvertForm > Grid > Grid > TextBlock @ScrollViewer#PageConvert	Container
ana-donustur	dinlenik	yazi	13.47	#121317	#00F3FF	Grid#ConvertForm > Grid > Grid > TextBlock @ScrollViewer#PageConvert	Audio
ana-kaydedici	dinlenik	yazi	13.47	#131317	#00F3FF	Grid > Border#PanelTarget > StackPanel > TextBlock @ScrollViewer#PageRecorder	What to Record
ana-kaydedici	dinlenik	yazi	13.47	#131317	#00F3FF	Grid > SutunIzgara#StripStats > StackPanel > TextBlock @ScrollViewer#PageRecorder	Frames
ana-gelismis	dinlenik	yazi	13.47	#131317	#00F3FF	Border#AiPanel > StackPanel > Grid > TextBlock @ScrollViewer#PageAdvanced	AI Settings
ana-ayarlar	dinlenik	yazi	13.47	#131317	#00F3FF	StackPanel > Grid > StackPanel > TextBlock @ScrollViewer#PageSettings	Default Target Size (MB)
ana-ayarlar	checked	simge	13.47	#121316	#00F3FF	CheckBox#ChkAdvancedDefaultOpen > Grid > Panel > Path#CheckMark @CheckBox#ChkAdvancedDefaultOpen	CheckMark
ana-kucult	dinlenik	yazi	13.48	#121316	#00F3FF	StackPanel > StackPanel > Grid > TextBlock#LblEstimate @ScrollViewer#PageShrink	Estimated Output
ana-donustur	dinlenik	yazi	13.48	#121317	#00F3FF	Panel > Border#Badge > ContentPresenter#PART_ContentPresenter > TextBlock @ScrollViewer#PageConvert	?
ana-donustur	pressed	yazi	13.48	#121316	#00F3FF	Panel > Border#Badge > ContentPresenter#PART_ContentPresenter > TextBlock @ScrollViewer#PageConvert	?
ana-donustur	focus-visible	yazi	13.48	#121316	#00F3FF	Panel > Border#Badge > ContentPresenter#PART_ContentPresenter > TextBlock @ScrollViewer#PageConvert	?
ana-donustur	edilgen	yazi	13.48	#121316	#00F3FF	Panel > Border#Badge > ContentPresenter#PART_ContentPresenter > TextBlock @ScrollViewer#PageConvert	?
ana-donustur	pressed	yazi	13.48	#121317	#00F3FF	Panel > Border#Badge > ContentPresenter#PART_ContentPresenter > TextBlock @ScrollViewer#PageConvert	?
ana-donustur	focus-visible	yazi	13.48	#121317	#00F3FF	Panel > Border#Badge > ContentPresenter#PART_ContentPresenter > TextBlock @ScrollViewer#PageConvert	?
ana-donustur	edilgen	yazi	13.48	#121317	#00F3FF	Panel > Border#Badge > ContentPresenter#PART_ContentPresenter > TextBlock @ScrollViewer#PageConvert	?
ana-donustur	pressed	yazi	13.49	#111316	#00F3FF	Panel > Border#Badge > ContentPresenter#PART_ContentPresenter > TextBlock @ScrollViewer#PageConvert	?
ana-donustur	focus-visible	yazi	13.49	#111316	#00F3FF	Panel > Border#Badge > ContentPresenter#PART_ContentPresenter > TextBlock @ScrollViewer#PageConvert	?
ana-donustur	edilgen	yazi	13.49	#111316	#00F3FF	Panel > Border#Badge > ContentPresenter#PART_ContentPresenter > TextBlock @ScrollViewer#PageConvert	?
ana-donustur	dinlenik	yazi	13.50	#121316	#00F3FF	Panel > Border#Badge > ContentPresenter#PART_ContentPresenter > TextBlock @ScrollViewer#PageConvert	?
ana-kucult	dinlenik	yazi	13.51	#121316	#00F3FF	Border#TargetPanel > StackPanel > Grid > TextBlock @ScrollViewer#PageShrink	What Comes Out
ana-kucult	dinlenik	yazi	13.51	#121316	#00F3FF	StackPanel > SutunIzgara#InfoGrid > StackPanel > TextBlock @ScrollViewer#PageShrink	Size
ana-kaydedici	dinlenik	yazi	13.51	#121316	#00F3FF	StackPanel > Grid > StackPanel > TextBlock @ScrollViewer#PageRecorder	Microphone
ana-ayarlar	dinlenik	yazi	13.51	#121316	#00F3FF	Border#GeneralSettingsPanel > StackPanel > StackPanel > TextBlock @ScrollViewer#PageSettings	OpenSubtitles API Key
ana-kucult	dinlenik	yazi	13.52	#121316	#00F3FF	Panel > ContentPresenter#PART_ContentPresenter > Grid > TextBlock @Button#BtnAudioToggle	Audio and Subtitles
ana-donustur	dinlenik	yazi	13.52	#121316	#00F3FF	Grid#ConvertForm > Grid > Grid > TextBlock @ScrollViewer#PageConvert	Audio Bitrate (Kbit/⁠s)
ana-donustur	dinlenik	yazi	13.52	#111316	#00F3FF	Panel > Border#Badge > ContentPresenter#PART_ContentPresenter > TextBlock @ScrollViewer#PageConvert	?
ana-kucult	dinlenik	yazi	13.53	#111316	#00F3FF	StackPanel > SutunIzgara#InfoGrid > StackPanel > TextBlock @ScrollViewer#PageShrink	Bitrate
ana-kucult	dinlenik	yazi	13.53	#111316	#00F3FF	Border#TargetPanel > StackPanel > StackPanel > TextBlock @ScrollViewer#PageShrink	Target
ana-kucult	dinlenik	yazi	13.53	#121316	#00F3FF	StackPanel > StackPanel > KaydiriciSatiri#QualitySliderRow > TextBlock @ScrollViewer#PageShrink	/100
ana-gelismis	dinlenik	yazi	13.53	#121316	#00F3FF	Border#PerformancePanel > StackPanel > Grid > TextBlock @ScrollViewer#PageAdvanced	Performance Check
ana-kucult	dinlenik	yazi	13.54	#121316	#00F3FF	Border#TargetPanel > StackPanel > StackPanel > TextBlock @ScrollViewer#PageShrink	Quality
ana-kucult	dinlenik	yazi	13.54	#121316	#00F3FF	StackPanel#SecQuality > StackPanel#QualitySectionBody > Grid#CodecChoiceRow > TextBlock @ScrollViewer#PageShrink	Compression Algorithm
ana-kucult	dinlenik	yazi	13.54	#121316	#00F3FF	StackPanel#SecQuality > StackPanel#QualitySectionBody > Grid > TextBlock @ScrollViewer#PageShrink	Bit Budget
ana-kucult	dinlenik	yazi	13.54	#121316	#00F3FF	StackPanel#QualitySectionBody > StackPanel#HdrPolicyPanel > Grid > TextBlock @ScrollViewer#PageShrink	HDR
ana-kucult	dinlenik	yazi	13.54	#121316	#00F3FF	StackPanel#SecAudio > StackPanel#AudioBody > Grid > TextBlock @ScrollViewer#PageShrink	Audio Target (Kbit/⁠s)
ana-kucult	dinlenik	yazi	13.54	#121316	#00F3FF	Panel > ContentPresenter#PART_ContentPresenter > Grid > TextBlock @Button#BtnFrameToggle	Cropping and Resolution
ana-kucult	dinlenik	yazi	13.54	#121316	#00F3FF	StackPanel#SecFrame > StackPanel#FrameBody > Grid#FixedResolutionRow > TextBlock @ScrollViewer#PageShrink	Fixed Resolution
ana-kucult	dinlenik	yazi	13.54	#121316	#00F3FF	StackPanel#SecFrame > StackPanel#FrameBody > Grid > TextBlock @ScrollViewer#PageShrink	Resolution Floor (At Least)
ana-kucult	dinlenik	yazi	13.54	#121316	#00F3FF	StackPanel#SecAdvanced > StackPanel#AdvancedBody > Grid > TextBlock @ScrollViewer#PageShrink	Encode Mode
ana-kucult	pointerover	yazi	13.54	#121316	#00F3FF	Panel > ContentPresenter#PART_ContentPresenter > Grid > TextBlock @Button#BtnFrameToggle	Cropping and Resolution
ana-kucult	focus-visible	yazi	13.54	#121316	#00F3FF	Panel > ContentPresenter#PART_ContentPresenter > Grid > TextBlock @Button#BtnFrameToggle	Cropping and Resolution
ana-kucult	edilgen	yazi	13.54	#121316	#00F3FF	Panel > ContentPresenter#PART_ContentPresenter > Grid > TextBlock @Button#BtnFrameToggle	Cropping and Resolution
ana-donustur	dinlenik	yazi	13.54	#111316	#00F3FF	Grid#ConvertForm > Grid > Grid > TextBlock @ScrollViewer#PageConvert	CRF Quality / Bitrate (Kbit/⁠s)
ana-ayarlar	dinlenik	yazi	13.54	#121316	#00F3FF	StackPanel > StackPanel > StackPanel > TextBlock @ScrollViewer#PageSettings	Username
ana-kucult	dinlenik	yazi	13.56	#121216	#00F3FF	Panel > ContentPresenter#PART_ContentPresenter > Grid > TextBlock @Button#BtnFrameToggle	Cropping and Resolution
ana-donustur	dinlenik	yazi	13.56	#121216	#00F3FF	Panel > Border#Badge > ContentPresenter#PART_ContentPresenter > TextBlock @ScrollViewer#PageConvert	?
ana-kaydedici	dinlenik	yazi	13.56	#111216	#00F3FF	Grid > SutunIzgara#StripStats > StackPanel > TextBlock @ScrollViewer#PageRecorder	Frames
ana-kucult	dinlenik	yazi	13.57	#111216	#00F3FF	StackPanel > SutunIzgara#InfoGrid > StackPanel > TextBlock @ScrollViewer#PageShrink	Resolution
ana-kucult	dinlenik	yazi	13.57	#111216	#00F3FF	Panel > ContentPresenter#PART_ContentPresenter > Grid > TextBlock @Button#BtnQualityToggle	Quality and Compatibility
ana-kucult	dinlenik	yazi	13.57	#121216	#00F3FF	Panel > Border#Badge > ContentPresenter#PART_ContentPresenter > TextBlock @ScrollViewer#PageShrink	?
ana-kucult	pointerover	yazi	13.57	#111216	#00F3FF	Panel > ContentPresenter#PART_ContentPresenter > Grid > TextBlock @Button#BtnQualityToggle	Quality and Compatibility
ana-kucult	focus-visible	yazi	13.57	#111216	#00F3FF	Panel > ContentPresenter#PART_ContentPresenter > Grid > TextBlock @Button#BtnQualityToggle	Quality and Compatibility
ana-kucult	edilgen	yazi	13.57	#111216	#00F3FF	Panel > ContentPresenter#PART_ContentPresenter > Grid > TextBlock @Button#BtnQualityToggle	Quality and Compatibility
ana-kucult	pressed	yazi	13.57	#121216	#00F3FF	Panel > Border#Badge > ContentPresenter#PART_ContentPresenter > TextBlock @ScrollViewer#PageShrink	?
ana-kucult	focus-visible	yazi	13.57	#121216	#00F3FF	Panel > Border#Badge > ContentPresenter#PART_ContentPresenter > TextBlock @ScrollViewer#PageShrink	?
ana-kucult	edilgen	yazi	13.57	#121216	#00F3FF	Panel > Border#Badge > ContentPresenter#PART_ContentPresenter > TextBlock @ScrollViewer#PageShrink	?
ana-donustur	dinlenik	yazi	13.57	#121216	#00F3FF	StackPanel > Border > StackPanel > TextBlock @ScrollViewer#PageConvert	Progress
ana-kaydedici	dinlenik	yazi	13.57	#121216	#00F3FF	StackPanel > Grid > StackPanel > TextBlock @ScrollViewer#PageRecorder	Camera Device
ana-kaydedici	dinlenik	yazi	13.57	#121216	#00F3FF	Grid > Border#PanelTarget > StackPanel > TextBlock @ScrollViewer#PageRecorder	What to Record
ana-kaydedici	dinlenik	yazi	13.57	#111216	#00F3FF	StackPanel > Grid#RowRegion > StackPanel > TextBlock @ScrollViewer#PageRecorder	Left
ana-kaydedici	dinlenik	yazi	13.57	#111216	#00F3FF	StackPanel > Grid > StackPanel > TextBlock @ScrollViewer#PageRecorder	Container
ana-kaydedici	dinlenik	yazi	13.57	#111216	#00F3FF	StackPanel#PanelAdvancedEncoding > Grid > StackPanel > TextBlock @ScrollViewer#PageRecorder	Scale Width
ana-ayarlar	dinlenik	yazi	13.57	#121216	#00F3FF	Border#GeneralSettingsPanel > StackPanel > StackPanel > TextBlock @ScrollViewer#PageSettings	FFmpeg Path
ana-ayarlar	dinlenik	yazi	13.57	#111216	#00F3FF	StackPanel > StackPanel > StackPanel > TextBlock @ScrollViewer#PageSettings	Password
ana-oynatici	dinlenik	yazi	13.58	#121216	#00F3FF	Border#AppliedNotice > Grid > WrapPanel#AppliedNoticeText > TextBlock#TxtAppliedVersion @TabControl#Tabs	Örnek 0.9
ana-kucult	dinlenik	yazi	13.58	#121216	#00F3FF	ScrollViewer#PART_ScrollViewer > Grid > ScrollContentPresenter#PART_ContentPresenter > TextPresenter#PART_TextPresenter @ScrollViewer#PART_ScrollViewer	16
ana-kucult	dinlenik	yazi	13.58	#121216	#00F3FF	Border#AppliedNotice > Grid > WrapPanel#AppliedNoticeText > TextBlock#TxtAppliedVersion @TabControl#Tabs	Örnek 0.9
ana-kucult	pointerover	yazi	13.58	#121216	#00F3FF	ScrollViewer#PART_ScrollViewer > Grid > ScrollContentPresenter#PART_ContentPresenter > TextPresenter#PART_TextPresenter @ScrollViewer#PART_ScrollViewer	16
ana-kucult	pressed	yazi	13.58	#121216	#00F3FF	ScrollViewer#PART_ScrollViewer > Grid > ScrollContentPresenter#PART_ContentPresenter > TextPresenter#PART_TextPresenter @ScrollViewer#PART_ScrollViewer	16
ana-kucult	focus-visible	yazi	13.58	#121216	#00F3FF	ScrollViewer#PART_ScrollViewer > Grid > ScrollContentPresenter#PART_ContentPresenter > TextPresenter#PART_TextPresenter @ScrollViewer#PART_ScrollViewer	16
ana-kucult	edilgen	yazi	13.58	#121216	#00F3FF	ScrollViewer#PART_ScrollViewer > Grid > ScrollContentPresenter#PART_ContentPresenter > TextPresenter#PART_TextPresenter @ScrollViewer#PART_ScrollViewer	16
ana-donustur	dinlenik	yazi	13.58	#121216	#00F3FF	ScrollViewer#PART_ScrollViewer > Grid > ScrollContentPresenter#PART_ContentPresenter > TextPresenter#PART_TextPresenter @ScrollViewer#PART_ScrollViewer	23
ana-donustur	dinlenik	yazi	13.58	#121216	#00F3FF	Border#AppliedNotice > Grid > WrapPanel#AppliedNoticeText > TextBlock#TxtAppliedVersion @TabControl#Tabs	Örnek 0.9
ana-donustur	pointerover	yazi	13.58	#121216	#00F3FF	ScrollViewer#PART_ScrollViewer > Grid > ScrollContentPresenter#PART_ContentPresenter > TextPresenter#PART_TextPresenter @ScrollViewer#PART_ScrollViewer	23
ana-donustur	pressed	yazi	13.58	#121216	#00F3FF	ScrollViewer#PART_ScrollViewer > Grid > ScrollContentPresenter#PART_ContentPresenter > TextPresenter#PART_TextPresenter @ScrollViewer#PART_ScrollViewer	23
ana-donustur	focus-visible	yazi	13.58	#121216	#00F3FF	ScrollViewer#PART_ScrollViewer > Grid > ScrollContentPresenter#PART_ContentPresenter > TextPresenter#PART_TextPresenter @ScrollViewer#PART_ScrollViewer	23
ana-donustur	edilgen	yazi	13.58	#121216	#00F3FF	ScrollViewer#PART_ScrollViewer > Grid > ScrollContentPresenter#PART_ContentPresenter > TextPresenter#PART_TextPresenter @ScrollViewer#PART_ScrollViewer	23
ana-kaydedici	dinlenik	yazi	13.58	#111216	#00F3FF	StackPanel > Border#PanelWebcam > StackPanel > TextBlock @ScrollViewer#PageRecorder	Webcam
ana-kaydedici	dinlenik	yazi	13.58	#111216	#00F3FF	Border#PanelTarget > StackPanel > StackPanel > TextBlock @ScrollViewer#PageRecorder	Source
ana-kaydedici	dinlenik	yazi	13.58	#121216	#00F3FF	Border#AppliedNotice > Grid > WrapPanel#AppliedNoticeText > TextBlock#TxtAppliedVersion @TabControl#Tabs	Örnek 0.9
ana-gelismis	dinlenik	yazi	13.58	#121216	#00F3FF	Border#AppliedNotice > Grid > WrapPanel#AppliedNoticeText > TextBlock#TxtAppliedVersion @TabControl#Tabs	Örnek 0.9
ana-ayarlar	dinlenik	yazi	13.58	#121216	#00F3FF	Border#AppliedNotice > Grid > WrapPanel#AppliedNoticeText > TextBlock#TxtAppliedVersion @TabControl#Tabs	Örnek 0.9
ana-donustur	dinlenik	yazi	13.59	#111216	#00F3FF	Panel > Border#Badge > ContentPresenter#PART_ContentPresenter > TextBlock @ScrollViewer#PageConvert	?
ana-donustur	dinlenik	yazi	13.60	#111215	#00F3FF	Grid#ConvertForm > Grid > Grid > TextBlock @ScrollViewer#PageConvert	Custom Width × Height
ana-donustur	dinlenik	yazi	13.60	#111216	#00F3FF	Grid#ConvertForm > Grid > Grid > TextBlock @ScrollViewer#PageConvert	Custom FPS
ana-kucult	dinlenik	yazi	13.61	#111215	#00F3FF	Panel > Border#Badge > ContentPresenter#PART_ContentPresenter > TextBlock @ScrollViewer#PageShrink	?
ana-kucult	pressed	yazi	13.61	#111215	#00F3FF	Panel > Border#Badge > ContentPresenter#PART_ContentPresenter > TextBlock @ScrollViewer#PageShrink	?
ana-kucult	focus-visible	yazi	13.61	#111215	#00F3FF	Panel > Border#Badge > ContentPresenter#PART_ContentPresenter > TextBlock @ScrollViewer#PageShrink	?
ana-kucult	edilgen	yazi	13.61	#111215	#00F3FF	Panel > Border#Badge > ContentPresenter#PART_ContentPresenter > TextBlock @ScrollViewer#PageShrink	?
ana-donustur	dinlenik	yazi	13.63	#111215	#00F3FF	Panel > Border#Badge > ContentPresenter#PART_ContentPresenter > TextBlock @ScrollViewer#PageConvert	?
ana-donustur	pressed	yazi	13.63	#111215	#00F3FF	Panel > Border#Badge > ContentPresenter#PART_ContentPresenter > TextBlock @ScrollViewer#PageConvert	?
ana-donustur	focus-visible	yazi	13.63	#111215	#00F3FF	Panel > Border#Badge > ContentPresenter#PART_ContentPresenter > TextBlock @ScrollViewer#PageConvert	?
ana-donustur	edilgen	yazi	13.63	#111215	#00F3FF	Panel > Border#Badge > ContentPresenter#PART_ContentPresenter > TextBlock @ScrollViewer#PageConvert	?
ana-kucult	dinlenik	yazi	13.64	#111215	#00F3FF	Panel > ContentPresenter#PART_ContentPresenter > Grid > TextBlock @Button#BtnAudioToggle	Audio and Subtitles
ana-kucult	pointerover	yazi	13.64	#111215	#00F3FF	Panel > ContentPresenter#PART_ContentPresenter > Grid > TextBlock @Button#BtnAudioToggle	Audio and Subtitles
ana-kucult	focus-visible	yazi	13.64	#111215	#00F3FF	Panel > ContentPresenter#PART_ContentPresenter > Grid > TextBlock @Button#BtnAudioToggle	Audio and Subtitles
ana-kucult	edilgen	yazi	13.64	#111215	#00F3FF	Panel > ContentPresenter#PART_ContentPresenter > Grid > TextBlock @Button#BtnAudioToggle	Audio and Subtitles
ana-kaydedici	checked	simge	13.64	#111215	#00F3FF	CheckBox#ChkLivePreview > Grid > Panel > Path#CheckMark @CheckBox#ChkLivePreview	CheckMark
ana-kucult	dinlenik	yazi	13.66	#111215	#00F3FF	StackPanel > StackPanel > KaydiriciSatiri#TargetSliderRow > TextBlock @ScrollViewer#PageShrink	MB
ana-kaydedici	dinlenik	yazi	13.66	#111115	#00F3FF	Border#PanelTarget > StackPanel > StackPanel#RowScreen > TextBlock @ScrollViewer#PageRecorder	Screen
ana-kaydedici	dinlenik	yazi	13.66	#111215	#00F3FF	StackPanel > Border > StackPanel > TextBlock @ScrollViewer#PageRecorder	Sound
ana-kucult	dinlenik	yazi	13.68	#111115	#00F3FF	Panel > ContentPresenter#PART_ContentPresenter > Grid > TextBlock @Button#BtnAdvancedToggle	Advanced Settings
ana-kucult	dinlenik	yazi	13.68	#111115	#00F3FF	SutunIzgara#OutputFacts > StackPanel > Grid > TextBlock @ScrollViewer#PageShrink	Left in this attempt
ana-kucult	dinlenik	simge	13.68	#111115	#00F3FF	CheckBox#ChkFps > Grid > Panel > Path#CheckMark @CheckBox#ChkFps	CheckMark
ana-kucult	pointerover	simge	13.68	#111115	#00F3FF	CheckBox#ChkFps > Grid > Panel > Path#CheckMark @CheckBox#ChkFps	CheckMark
ana-kucult	pressed	simge	13.68	#111115	#00F3FF	CheckBox#ChkFps > Grid > Panel > Path#CheckMark @CheckBox#ChkFps	CheckMark
ana-kucult	focus-visible	simge	13.68	#111115	#00F3FF	CheckBox#ChkFps > Grid > Panel > Path#CheckMark @CheckBox#ChkFps	CheckMark
ana-kucult	checked	simge	13.68	#111115	#00F3FF	CheckBox#ChkFps > Grid > Panel > Path#CheckMark @CheckBox#ChkFps	CheckMark
ana-donustur	dinlenik	yazi	13.68	#111115	#00F3FF	Grid#ConvertForm > Grid > Grid > TextBlock @ScrollViewer#PageConvert	Frame Rate
ana-kaydedici	dinlenik	yazi	13.68	#111115	#00F3FF	StackPanel > Grid > StackPanel > TextBlock @ScrollViewer#PageRecorder	Camera Device
ana-kaydedici	dinlenik	yazi	13.70	#111115	#00F3FF	Border#PanelTarget > StackPanel > StackPanel > TextBlock @ScrollViewer#PageRecorder	Replay Buffer
ana-gelismis	dinlenik	yazi	13.70	#111115	#00F3FF	Border#AiPanel > StackPanel > Grid > TextBlock @ScrollViewer#PageAdvanced	AI Settings
ana-ayarlar	dinlenik	yazi	13.70	#111115	#00F3FF	Border#GeneralSettingsPanel > StackPanel > StackPanel > TextBlock @ScrollViewer#PageSettings	Output Folder
ana-ayarlar	dinlenik	yazi	13.70	#111115	#00F3FF	StackPanel > Grid > StackPanel > TextBlock @ScrollViewer#PageSettings	Default Target Size (MB)
ana-kucult	dinlenik	yazi	13.72	#101114	#00F3FF	StackPanel > Border#SourcePanel > StackPanel > TextBlock @ScrollViewer#PageShrink	Source
ana-kucult	dinlenik	yazi	13.72	#101114	#00F3FF	Border#TargetPanel > StackPanel > StackPanel > TextBlock @ScrollViewer#PageShrink	Quality
ana-kucult	dinlenik	yazi	13.72	#101114	#00F3FF	Border#SourcePanel > StackPanel > Grid#TitleRow > TextBlock @ScrollViewer#PageShrink	Title
ana-kucult	dinlenik	yazi	13.72	#101114	#00F3FF	StackPanel > SutunIzgara#InfoGrid > StackPanel > TextBlock @ScrollViewer#PageShrink	Duration
ana-kucult	dinlenik	yazi	13.72	#101114	#00F3FF	Border#TargetPanel > StackPanel > Grid > TextBlock @ScrollViewer#PageShrink	What Comes Out
ana-kucult	dinlenik	simge	13.72	#101114	#00F3FF	CheckBox#ChkResolution > Grid > Panel > Path#CheckMark @CheckBox#ChkResolution	CheckMark
ana-kucult	dinlenik	yazi	13.72	#101114	#00F3FF	Panel > ContentPresenter#PART_ContentPresenter > Grid > TextBlock @Button#BtnAdvancedToggle	Advanced Settings
ana-kucult	checked	simge	13.72	#101114	#00F3FF	CheckBox#ChkWhatsAppCompatible > Grid > Panel > Path#CheckMark @CheckBox#ChkWhatsAppCompatible	CheckMark
ana-kucult	checked	simge	13.72	#101114	#00F3FF	CheckBox#ChkAudioLoudnorm > Grid > Panel > Path#CheckMark @CheckBox#ChkAudioLoudnorm	CheckMark
ana-kucult	checked	simge	13.72	#101114	#00F3FF	CheckBox#ChkAdvKeepTracks > Grid > Panel > Path#CheckMark @CheckBox#ChkAdvKeepTracks	CheckMark
ana-kucult	pointerover	simge	13.72	#101114	#00F3FF	CheckBox#ChkResolution > Grid > Panel > Path#CheckMark @CheckBox#ChkResolution	CheckMark
ana-kucult	pressed	simge	13.72	#101114	#00F3FF	CheckBox#ChkResolution > Grid > Panel > Path#CheckMark @CheckBox#ChkResolution	CheckMark
ana-kucult	focus-visible	simge	13.72	#101114	#00F3FF	CheckBox#ChkResolution > Grid > Panel > Path#CheckMark @CheckBox#ChkResolution	CheckMark
ana-kucult	checked	simge	13.72	#101114	#00F3FF	CheckBox#ChkResolution > Grid > Panel > Path#CheckMark @CheckBox#ChkResolution	CheckMark
ana-kucult	pointerover	yazi	13.72	#101114	#00F3FF	Panel > ContentPresenter#PART_ContentPresenter > Grid > TextBlock @Button#BtnAdvancedToggle	Advanced Settings
ana-kucult	focus-visible	yazi	13.72	#101114	#00F3FF	Panel > ContentPresenter#PART_ContentPresenter > Grid > TextBlock @Button#BtnAdvancedToggle	Advanced Settings
ana-kucult	edilgen	yazi	13.72	#101114	#00F3FF	Panel > ContentPresenter#PART_ContentPresenter > Grid > TextBlock @Button#BtnAdvancedToggle	Advanced Settings
ana-kucult	checked	simge	13.72	#101114	#00F3FF	CheckBox#ChkFltDetelecine > Grid > Panel > Path#CheckMark @CheckBox#ChkFltDetelecine	CheckMark
ana-kucult	checked	simge	13.72	#101114	#00F3FF	CheckBox#ChkFltDeblock > Grid > Panel > Path#CheckMark @CheckBox#ChkFltDeblock	CheckMark
ana-kucult	checked	simge	13.72	#101114	#00F3FF	CheckBox#ChkFltDeband > Grid > Panel > Path#CheckMark @CheckBox#ChkFltDeband	CheckMark
ana-kucult	checked	simge	13.72	#101114	#00F3FF	CheckBox#ChkFltGray > Grid > Panel > Path#CheckMark @CheckBox#ChkFltGray	CheckMark
ana-kucult	checked	simge	13.72	#101114	#00F3FF	CheckBox#ChkFltAutoCrop > Grid > Panel > Path#CheckMark @CheckBox#ChkFltAutoCrop	CheckMark
ana-donustur	dinlenik	yazi	13.72	#101114	#00F3FF	Grid > Border > StackPanel > TextBlock @ScrollViewer#PageConvert	Conversion
ana-donustur	dinlenik	yazi	13.72	#101114	#00F3FF	Grid#ConvertForm > Grid > Grid > TextBlock @ScrollViewer#PageConvert	Start (HH:MM:SS)
ana-donustur	dinlenik	yazi	13.72	#101114	#00F3FF	StackPanel > Border > StackPanel > TextBlock @ScrollViewer#PageConvert	FFmpeg Command
ana-kaydedici	dinlenik	yazi	13.72	#101114	#00F3FF	Grid > SutunIzgara#StripStats > StackPanel > TextBlock @ScrollViewer#PageRecorder	Dropped Frames
ana-kaydedici	dinlenik	yazi	13.72	#101114	#00F3FF	StackPanel > Grid#RowRegion > StackPanel > TextBlock @ScrollViewer#PageRecorder	Width
ana-kaydedici	dinlenik	yazi	13.72	#101114	#00F3FF	StackPanel#PanelManualOptions > Grid > StackPanel > TextBlock @ScrollViewer#PageRecorder	Frames Per Second
ana-kaydedici	dinlenik	simge	13.72	#101114	#00F3FF	CheckBox#ChkCursor > Grid > Panel > Path#CheckMark @CheckBox#ChkCursor	CheckMark
ana-kaydedici	dinlenik	yazi	13.72	#101114	#00F3FF	StackPanel > Grid > StackPanel > TextBlock @ScrollViewer#PageRecorder	Split Every (S)
ana-kaydedici	dinlenik	yazi	13.72	#101114	#00F3FF	StackPanel#PanelAdvancedEncoding > Grid > StackPanel > TextBlock @ScrollViewer#PageRecorder	Keyframe Interval (S)
ana-kaydedici	pointerover	simge	13.72	#101114	#00F3FF	CheckBox#ChkCursor > Grid > Panel > Path#CheckMark @CheckBox#ChkCursor	CheckMark
ana-kaydedici	pressed	simge	13.72	#101114	#00F3FF	CheckBox#ChkCursor > Grid > Panel > Path#CheckMark @CheckBox#ChkCursor	CheckMark
ana-kaydedici	focus-visible	simge	13.72	#101114	#00F3FF	CheckBox#ChkCursor > Grid > Panel > Path#CheckMark @CheckBox#ChkCursor	CheckMark
ana-kaydedici	checked	simge	13.72	#101114	#00F3FF	CheckBox#ChkCursor > Grid > Panel > Path#CheckMark @CheckBox#ChkCursor	CheckMark
ana-kaydedici	checked	simge	13.72	#101114	#00F3FF	CheckBox#ChkShowClicks > Grid > Panel > Path#CheckMark @CheckBox#ChkShowClicks	CheckMark
ana-kaydedici	checked	simge	13.72	#101114	#00F3FF	CheckBox#ChkClickSound > Grid > Panel > Path#CheckMark @CheckBox#ChkClickSound	CheckMark
ana-kaydedici	checked	simge	13.72	#101114	#00F3FF	CheckBox#ChkShowKeys > Grid > Panel > Path#CheckMark @CheckBox#ChkShowKeys	CheckMark
ana-kaydedici	checked	simge	13.72	#101114	#00F3FF	CheckBox#ChkMagnifier > Grid > Panel > Path#CheckMark @CheckBox#ChkMagnifier	CheckMark
ana-kaydedici	checked	simge	13.72	#101114	#00F3FF	CheckBox#ChkOpenFolder > Grid > Panel > Path#CheckMark @CheckBox#ChkOpenFolder	CheckMark
ana-kaydedici	checked	simge	13.72	#101114	#00F3FF	CheckBox#ChkNoiseGate > Grid > Panel > Path#CheckMark @CheckBox#ChkNoiseGate	CheckMark
ana-kaydedici	checked	simge	13.72	#101114	#00F3FF	CheckBox#ChkNoiseSuppression > Grid > Panel > Path#CheckMark @CheckBox#ChkNoiseSuppression	CheckMark
ana-gelismis	dinlenik	yazi	13.72	#101114	#00F3FF	Border#CommandPanel > StackPanel > Grid > TextBlock @ScrollViewer#PageAdvanced	FFmpeg Command
ana-ayarlar	dinlenik	yazi	13.72	#101114	#00F3FF	StackPanel > Border#GeneralSettingsPanel > StackPanel > TextBlock @ScrollViewer#PageSettings	General
ana-ayarlar	dinlenik	yazi	13.72	#101114	#00F3FF	StackPanel > Grid#LanguageThemeRow > StackPanel > TextBlock @ScrollViewer#PageSettings	Language
ana-ayarlar	dinlenik	yazi	13.72	#101114	#00F3FF	Border#GeneralSettingsPanel > StackPanel > StackPanel > TextBlock @ScrollViewer#PageSettings	FFmpeg Path
ana-ayarlar	dinlenik	simge	13.72	#101114	#00F3FF	CheckBox#ChkShellMenuShrink > Grid > Panel > Path#CheckMark @CheckBox#ChkShellMenuShrink	CheckMark
ana-ayarlar	dinlenik	yazi	13.72	#101114	#00F3FF	Border#SharePanel > StackPanel > StackPanel > TextBlock @ScrollViewer#PageSettings	Share Target
ana-ayarlar	dinlenik	yazi	13.72	#101114	#00F3FF	Panel > Border#Badge > ContentPresenter#PART_ContentPresenter > TextBlock @ScrollViewer#PageSettings	?
ana-ayarlar	dinlenik	yazi	13.72	#101114	#00F3FF	Border#SharePanel > StackPanel > Grid > TextBlock @ScrollViewer#PageSettings	Ceiling
ana-ayarlar	dinlenik	yazi	13.72	#101114	#00F3FF	Panel > ContentPresenter#PART_ContentPresenter > Grid > TextBlock @Button#BtnToggle	Advanced
ana-ayarlar	dinlenik	yazi	13.72	#101114	#00F3FF	Panel > ContentPresenter#PART_ContentPresenter > Grid > TextBlock @Button#BtnAboutToggle	About VidShrink
ana-ayarlar	dinlenik	yazi	13.72	#101114	#00F3FF	StackPanel > StackPanel > StackPanel > TextBlock @ScrollViewer#PageSettings	Username
ana-ayarlar	checked	simge	13.72	#101114	#00F3FF	CheckBox#ChkFollowRecording > Grid > Panel > Path#CheckMark @CheckBox#ChkFollowRecording	CheckMark
ana-ayarlar	checked	simge	13.72	#101114	#00F3FF	CheckBox#ChkShellMenuOpen > Grid > Panel > Path#CheckMark @CheckBox#ChkShellMenuOpen	CheckMark
ana-ayarlar	pointerover	simge	13.72	#101114	#00F3FF	CheckBox#ChkShellMenuShrink > Grid > Panel > Path#CheckMark @CheckBox#ChkShellMenuShrink	CheckMark
ana-ayarlar	pressed	simge	13.72	#101114	#00F3FF	CheckBox#ChkShellMenuShrink > Grid > Panel > Path#CheckMark @CheckBox#ChkShellMenuShrink	CheckMark
ana-ayarlar	focus-visible	simge	13.72	#101114	#00F3FF	CheckBox#ChkShellMenuShrink > Grid > Panel > Path#CheckMark @CheckBox#ChkShellMenuShrink	CheckMark
ana-ayarlar	checked	simge	13.72	#101114	#00F3FF	CheckBox#ChkShellMenuShrink > Grid > Panel > Path#CheckMark @CheckBox#ChkShellMenuShrink	CheckMark
ana-ayarlar	pressed	yazi	13.72	#101114	#00F3FF	Panel > Border#Badge > ContentPresenter#PART_ContentPresenter > TextBlock @ScrollViewer#PageSettings	?
ana-ayarlar	focus-visible	yazi	13.72	#101114	#00F3FF	Panel > Border#Badge > ContentPresenter#PART_ContentPresenter > TextBlock @ScrollViewer#PageSettings	?
ana-ayarlar	edilgen	yazi	13.72	#101114	#00F3FF	Panel > Border#Badge > ContentPresenter#PART_ContentPresenter > TextBlock @ScrollViewer#PageSettings	?
ana-ayarlar	checked	simge	13.72	#101114	#00F3FF	CheckBox#ChkAutoUpdate > Grid > Panel > Path#CheckMark @CheckBox#ChkAutoUpdate	CheckMark
ana-ayarlar	pointerover	yazi	13.72	#101114	#00F3FF	Panel > ContentPresenter#PART_ContentPresenter > Grid > TextBlock @Button#BtnToggle	Advanced
ana-ayarlar	pressed	yazi	13.72	#101114	#00F3FF	Panel > ContentPresenter#PART_ContentPresenter > Grid > TextBlock @Button#BtnToggle	Advanced
ana-ayarlar	focus-visible	yazi	13.72	#101114	#00F3FF	Panel > ContentPresenter#PART_ContentPresenter > Grid > TextBlock @Button#BtnToggle	Advanced
ana-ayarlar	edilgen	yazi	13.72	#101114	#00F3FF	Panel > ContentPresenter#PART_ContentPresenter > Grid > TextBlock @Button#BtnToggle	Advanced
ana-ayarlar	checked	simge	13.72	#101114	#00F3FF	CheckBox > Grid > Panel > Path#CheckMark @PlayerAdvancedPanel#PlayerAdvancedPanel	CheckMark
ana-ayarlar	pointerover	yazi	13.72	#101114	#00F3FF	Panel > ContentPresenter#PART_ContentPresenter > Grid > TextBlock @Button#BtnAboutToggle	About VidShrink
ana-ayarlar	pressed	yazi	13.72	#101114	#00F3FF	Panel > ContentPresenter#PART_ContentPresenter > Grid > TextBlock @Button#BtnAboutToggle	About VidShrink
ana-ayarlar	focus-visible	yazi	13.72	#101114	#00F3FF	Panel > ContentPresenter#PART_ContentPresenter > Grid > TextBlock @Button#BtnAboutToggle	About VidShrink
ana-ayarlar	edilgen	yazi	13.72	#101114	#00F3FF	Panel > ContentPresenter#PART_ContentPresenter > Grid > TextBlock @Button#BtnAboutToggle	About VidShrink
ana-kucult	dinlenik	yazi	13.73	#101114	#00F3FF	StackPanel > Border#OutputPanel > StackPanel > TextBlock @ScrollViewer#PageShrink	Output
ana-kucult	dinlenik	yazi	13.73	#101114	#00F3FF	SutunIzgara#OutputFacts > StackPanel > Grid > TextBlock @ScrollViewer#PageShrink	Stage
ana-kucult	dinlenik	yazi	13.73	#101114	#00F3FF	SutunIzgara#OutputFacts > StackPanel > Grid > TextBlock#LblDuration @ScrollViewer#PageShrink	Estimated Time
ana-kucult	dinlenik	yazi	13.73	#101114	#00F3FF	Panel > Border#Badge > ContentPresenter#PART_ContentPresenter > TextBlock @ScrollViewer#PageShrink	?
ana-kaydedici	dinlenik	yazi	13.93	#292D2D	#FFFFFF	RadioButton#RadAdvanced > Grid > ContentPresenter#PART_ContentPresenter > TextBlock @RadioButton#RadAdvanced	Advanced
ana-kaydedici	pointerover	yazi	13.93	#292D2D	#FFFFFF	RadioButton#RadAdvanced > Grid > ContentPresenter#PART_ContentPresenter > TextBlock @RadioButton#RadAdvanced	Advanced
ana-kaydedici	pressed	yazi	13.93	#292D2D	#FFFFFF	RadioButton#RadAdvanced > Grid > ContentPresenter#PART_ContentPresenter > TextBlock @RadioButton#RadAdvanced	Advanced
ana-kaydedici	focus-visible	yazi	13.93	#292D2D	#FFFFFF	RadioButton#RadAdvanced > Grid > ContentPresenter#PART_ContentPresenter > TextBlock @RadioButton#RadAdvanced	Advanced
ana-kaydedici	checked	yazi	13.93	#292D2D	#FFFFFF	RadioButton#RadAdvanced > Grid > ContentPresenter#PART_ContentPresenter > TextBlock @RadioButton#RadAdvanced	Advanced
ana-kucult	pressed	yazi	14.31	#262842	#FFFFFF	Border#Root > Panel > ContentPresenter#PART_ContentPresenter > TextBlock @Button#BtnRetryStop	Leave It as Is
RecorderMini	dinlenik	simge	14.36	#2A2A2D	#FFFFFF	Border#Root > Panel > ContentPresenter#PART_ContentPresenter > Path @Button#BtnOptions	Path
RecorderMini	dinlenik	simge	14.36	#2A2A2D	#FFFFFF	Border#Root > Panel > ContentPresenter#PART_ContentPresenter > Path#ToggleGlyph @Button#BtnToggle	ToggleGlyph
RecorderMini	dinlenik	simge	14.36	#2A2A2D	#FFFFFF	Border#Root > Panel > ContentPresenter#PART_ContentPresenter > Path @Button#BtnExpand	Path
RecorderMini	dinlenik	yazi	14.36	#2A2A2D	#FFFFFF	ContentPresenter#PART_ContentPresenter > Border#MiniStrip > Grid > TextBlock#TxtElapsed	Örnek 0.9
RecorderMini	pointerover	simge	14.36	#2A2A2D	#FFFFFF	Border#Root > Panel > ContentPresenter#PART_ContentPresenter > Path @Button#BtnOptions	Path
RecorderMini	focus-visible	simge	14.36	#2A2A2D	#FFFFFF	Border#Root > Panel > ContentPresenter#PART_ContentPresenter > Path @Button#BtnOptions	Path
RecorderMini	edilgen	simge	14.36	#2A2A2D	#FFFFFF	Border#Root > Panel > ContentPresenter#PART_ContentPresenter > Path @Button#BtnOptions	Path
RecorderMini	pointerover	simge	14.36	#2A2A2D	#FFFFFF	Border#Root > Panel > ContentPresenter#PART_ContentPresenter > Path#ToggleGlyph @Button#BtnToggle	ToggleGlyph
RecorderMini	focus-visible	simge	14.36	#2A2A2D	#FFFFFF	Border#Root > Panel > ContentPresenter#PART_ContentPresenter > Path#ToggleGlyph @Button#BtnToggle	ToggleGlyph
RecorderMini	edilgen	simge	14.36	#2A2A2D	#FFFFFF	Border#Root > Panel > ContentPresenter#PART_ContentPresenter > Path#ToggleGlyph @Button#BtnToggle	ToggleGlyph
RecorderMini	pointerover	simge	14.36	#2A2A2D	#FFFFFF	Border#Root > Panel > ContentPresenter#PART_ContentPresenter > Path @Button#BtnExpand	Path
RecorderMini	focus-visible	simge	14.36	#2A2A2D	#FFFFFF	Border#Root > Panel > ContentPresenter#PART_ContentPresenter > Path @Button#BtnExpand	Path
RecorderMini	edilgen	simge	14.36	#2A2A2D	#FFFFFF	Border#Root > Panel > ContentPresenter#PART_ContentPresenter > Path @Button#BtnExpand	Path
RecorderRegionPicker	dinlenik	yazi	14.36	#2A2A2D	#FFFFFF	ContentPresenter#PART_ContentPresenter > Canvas#Surface > Border#SizeTag > TextBlock#TxtSize	Örnek 0.9
RecorderKeyCaption	dinlenik	yazi	14.36	#2A2A2D	#FFFFFF	VisualLayerManager#PART_VisualLayerManager > ContentPresenter#PART_ContentPresenter > Border > TextBlock#TxtKeys	Örnek 0.9
ana-kaydedici	pressed	yazi	14.44	#132D31	#FFFFFF	Border#Root > Panel > ContentPresenter#PART_ContentPresenter > TextBlock @Button#BtnRecShare	Share the File
ana-kaydedici	pressed	yazi	14.46	#132D31	#FFFFFF	Border#Root > Panel > ContentPresenter#PART_ContentPresenter > TextBlock @Button#BtnRecShareCancel	Cancel the Upload
ana-donustur	pressed	yazi	14.48	#132D31	#FFFFFF	Border#Root > Panel > ContentPresenter#PART_ContentPresenter > TextBlock @Button#BtnConvertReveal	Show in Folder
ana-kaydedici	pressed	yazi	14.51	#132D31	#FFFFFF	Border#Root > Panel > ContentPresenter#PART_ContentPresenter > TextBlock @Button#BtnTrimIdle	Trim Idle Parts
ana-kucult	dinlenik	yazi	14.53	#08080A	#00F3FF	StackPanel > StackPanel#ZoomRow > Border#ZoomBadge > TextBlock#ZoomText @ComparisonPanel#Preview	100%
ana-kaydedici	pressed	yazi	14.58	#102D30	#FFFFFF	Border#Root > Panel > ContentPresenter#PART_ContentPresenter > TextBlock @Button#BtnReplay	Start Buffer
ana-kucult	pressed	simge	14.59	#122D30	#FFFFFF	Border#Root > Panel > ContentPresenter#PART_ContentPresenter > Path#GlyphRestart @Button#Restart	GlyphRestart
ana-kaydedici	pressed	yazi	14.59	#102D30	#FFFFFF	Border#Root > Panel > ContentPresenter#PART_ContentPresenter > TextBlock @Button#BtnPause	Pause
ana-kucult	edilgen	simge	14.60	#07070A	#00F3FF	Border#Root > Panel > ContentPresenter#PART_ContentPresenter > Path @Button#BtnPanelMaximize	Path
ana-kucult	edilgen	simge	14.60	#07070A	#00F3FF	Border#Root > Panel > ContentPresenter#PART_ContentPresenter > Path @Button#BtnPanelFullScreen	Path
ana-kaydedici	pressed	yazi	14.63	#122C30	#FFFFFF	Border#Root > Panel > ContentPresenter#PART_ContentPresenter > TextBlock @Button#BtnToMp4	Save as MP4
ana-ayarlar	pressed	yazi	14.65	#122C30	#FFFFFF	Border#Root > Panel > ContentPresenter#PART_ContentPresenter > TextBlock @Button#BtnResetOutputName	Default
ana-kaydedici	dinlenik	yazi	14.66	#030807	#00F3FF	RecorderView > ContentPresenter#PART_ContentPresenter > StackPanel > TextBlock @ScrollViewer#PageRecorder	Screen Recorder
ana-kucult	pressed	simge	14.69	#112C30	#FFFFFF	Border#Root > Panel > ContentPresenter#PART_ContentPresenter > Path#GlyphPlayPause @Button#PlayPause	GlyphPlayPause
ana-oynatici	dinlenik	simge	14.74	#020706	#00F3FF	Border#TabOutline > Panel > StackPanel > Path#TabIcon @TabItem#TabPlayer	TabIcon
ana-oynatici	dinlenik	yazi	14.74	#020706	#00F3FF	Panel > StackPanel > ContentPresenter#PART_ContentPresenter > TextBlock @TabItem#TabPlayer	Player
ana-oynatici	dinlenik	simge	14.74	#020706	#00F3FF	Border#TabOutline > Panel > StackPanel > Path#TabIcon @TabItem#TabShrink	TabIcon
ana-oynatici	dinlenik	yazi	14.74	#020706	#00F3FF	Panel > StackPanel > ContentPresenter#PART_ContentPresenter > TextBlock @TabItem#TabShrink	Shrink
ana-oynatici	dinlenik	simge	14.74	#020706	#00F3FF	Border#TabOutline > Panel > StackPanel > Path#TabIcon @TabControl#Tabs	TabIcon
ana-oynatici	dinlenik	simge	14.74	#020706	#00F3FF	Border#TabOutline > Panel > StackPanel > Path#TabIcon @TabItem#TabRecorder	TabIcon
ana-oynatici	dinlenik	yazi	14.74	#020706	#00F3FF	Panel > StackPanel > ContentPresenter#PART_ContentPresenter > TextBlock @TabItem#TabRecorder	Recorder
ana-oynatici	dinlenik	simge	14.74	#020706	#00F3FF	Border#TabOutline > Panel > StackPanel > Path#TabIcon @TabItem#TabAdvanced	TabIcon
ana-oynatici	dinlenik	yazi	14.74	#020706	#00F3FF	Panel > StackPanel > ContentPresenter#PART_ContentPresenter > TextBlock @TabItem#TabAdvanced	Advanced
ana-oynatici	dinlenik	simge	14.74	#020706	#00F3FF	Border#TabOutline > Panel > StackPanel > Path#TabIcon @TabItem#TabSettings	TabIcon
ana-oynatici	dinlenik	yazi	14.74	#020706	#00F3FF	Panel > StackPanel > ContentPresenter#PART_ContentPresenter > TextBlock @TabItem#TabSettings	Settings
ana-oynatici	dinlenik	yazi	14.74	#020706	#00F3FF	Border#TitleBarLayer > Grid#TitleBarContent > StackPanel#TitleBrand > TextBlock#TxtAppName	VidShrink
ana-oynatici	dinlenik	yazi	14.74	#020706	#00F3FF	Border#Root > Panel > ContentPresenter#PART_ContentPresenter > TextBlock	English
ana-oynatici	dinlenik	simge	14.74	#020706	#00F3FF	Panel > ContentPresenter#PART_ContentPresenter > StackPanel > Path @Button#BtnGitHub	Path
ana-oynatici	dinlenik	yazi	14.74	#020706	#00F3FF	Panel > ContentPresenter#PART_ContentPresenter > StackPanel > TextBlock#TxtGitHub @Button#BtnGitHub	Teknesyum
ana-oynatici	dinlenik	simge	14.74	#020706	#00F3FF	Border#Root > Panel > ContentPresenter#PART_ContentPresenter > Path @Button#BtnMinimize	Path
ana-oynatici	dinlenik	simge	14.74	#020706	#00F3FF	Border#Root > Panel > ContentPresenter#PART_ContentPresenter > Path#MaximizeGlyph @Button#BtnMaximize	MaximizeGlyph
ana-oynatici	dinlenik	yazi	14.74	#020706	#00F3FF	Panel > ContentPresenter#PART_ContentPresenter > StackPanel > TextBlock#TxtUpdateBadge @Button#BtnUpdateBadge	Örnek 0.9
ana-oynatici	pressed	simge	14.74	#020706	#00F3FF	Border#TabOutline > Panel > StackPanel > Path#TabIcon @TabItem#TabPlayer	TabIcon
ana-oynatici	pressed	yazi	14.74	#020706	#00F3FF	Panel > StackPanel > ContentPresenter#PART_ContentPresenter > TextBlock @TabItem#TabPlayer	Player
ana-oynatici	focus-visible	simge	14.74	#020706	#00F3FF	Border#TabOutline > Panel > StackPanel > Path#TabIcon @TabItem#TabPlayer	TabIcon
ana-oynatici	focus-visible	yazi	14.74	#020706	#00F3FF	Panel > StackPanel > ContentPresenter#PART_ContentPresenter > TextBlock @TabItem#TabPlayer	Player
ana-oynatici	selected	simge	14.74	#020706	#00F3FF	Border#TabOutline > Panel > StackPanel > Path#TabIcon @TabItem#TabPlayer	TabIcon
ana-oynatici	selected	yazi	14.74	#020706	#00F3FF	Panel > StackPanel > ContentPresenter#PART_ContentPresenter > TextBlock @TabItem#TabPlayer	Player
ana-oynatici	pressed	simge	14.74	#020706	#00F3FF	Border#TabOutline > Panel > StackPanel > Path#TabIcon @TabItem#TabShrink	TabIcon
ana-oynatici	pressed	yazi	14.74	#020706	#00F3FF	Panel > StackPanel > ContentPresenter#PART_ContentPresenter > TextBlock @TabItem#TabShrink	Shrink
ana-oynatici	focus-visible	simge	14.74	#020706	#00F3FF	Border#TabOutline > Panel > StackPanel > Path#TabIcon @TabItem#TabShrink	TabIcon
ana-oynatici	focus-visible	yazi	14.74	#020706	#00F3FF	Panel > StackPanel > ContentPresenter#PART_ContentPresenter > TextBlock @TabItem#TabShrink	Shrink
ana-oynatici	selected	simge	14.74	#020706	#00F3FF	Border#TabOutline > Panel > StackPanel > Path#TabIcon @TabItem#TabShrink	TabIcon
ana-oynatici	selected	yazi	14.74	#020706	#00F3FF	Panel > StackPanel > ContentPresenter#PART_ContentPresenter > TextBlock @TabItem#TabShrink	Shrink
ana-oynatici	pressed	simge	14.74	#020706	#00F3FF	Border#TabOutline > Panel > StackPanel > Path#TabIcon @TabControl#Tabs	TabIcon
ana-oynatici	focus-visible	simge	14.74	#020706	#00F3FF	Border#TabOutline > Panel > StackPanel > Path#TabIcon @TabControl#Tabs	TabIcon
ana-oynatici	selected	simge	14.74	#020706	#00F3FF	Border#TabOutline > Panel > StackPanel > Path#TabIcon @TabControl#Tabs	TabIcon
ana-oynatici	pressed	simge	14.74	#020706	#00F3FF	Border#TabOutline > Panel > StackPanel > Path#TabIcon @TabItem#TabRecorder	TabIcon
ana-oynatici	pressed	yazi	14.74	#020706	#00F3FF	Panel > StackPanel > ContentPresenter#PART_ContentPresenter > TextBlock @TabItem#TabRecorder	Recorder
ana-oynatici	focus-visible	simge	14.74	#020706	#00F3FF	Border#TabOutline > Panel > StackPanel > Path#TabIcon @TabItem#TabRecorder	TabIcon
ana-oynatici	focus-visible	yazi	14.74	#020706	#00F3FF	Panel > StackPanel > ContentPresenter#PART_ContentPresenter > TextBlock @TabItem#TabRecorder	Recorder
ana-oynatici	selected	simge	14.74	#020706	#00F3FF	Border#TabOutline > Panel > StackPanel > Path#TabIcon @TabItem#TabRecorder	TabIcon
ana-oynatici	selected	yazi	14.74	#020706	#00F3FF	Panel > StackPanel > ContentPresenter#PART_ContentPresenter > TextBlock @TabItem#TabRecorder	Recorder
ana-oynatici	pressed	simge	14.74	#020706	#00F3FF	Border#TabOutline > Panel > StackPanel > Path#TabIcon @TabItem#TabAdvanced	TabIcon
ana-oynatici	pressed	yazi	14.74	#020706	#00F3FF	Panel > StackPanel > ContentPresenter#PART_ContentPresenter > TextBlock @TabItem#TabAdvanced	Advanced
ana-oynatici	focus-visible	simge	14.74	#020706	#00F3FF	Border#TabOutline > Panel > StackPanel > Path#TabIcon @TabItem#TabAdvanced	TabIcon
ana-oynatici	focus-visible	yazi	14.74	#020706	#00F3FF	Panel > StackPanel > ContentPresenter#PART_ContentPresenter > TextBlock @TabItem#TabAdvanced	Advanced
ana-oynatici	selected	simge	14.74	#020706	#00F3FF	Border#TabOutline > Panel > StackPanel > Path#TabIcon @TabItem#TabAdvanced	TabIcon
ana-oynatici	selected	yazi	14.74	#020706	#00F3FF	Panel > StackPanel > ContentPresenter#PART_ContentPresenter > TextBlock @TabItem#TabAdvanced	Advanced
ana-oynatici	pressed	simge	14.74	#020706	#00F3FF	Border#TabOutline > Panel > StackPanel > Path#TabIcon @TabItem#TabSettings	TabIcon
ana-oynatici	pressed	yazi	14.74	#020706	#00F3FF	Panel > StackPanel > ContentPresenter#PART_ContentPresenter > TextBlock @TabItem#TabSettings	Settings
ana-oynatici	focus-visible	simge	14.74	#020706	#00F3FF	Border#TabOutline > Panel > StackPanel > Path#TabIcon @TabItem#TabSettings	TabIcon
ana-oynatici	focus-visible	yazi	14.74	#020706	#00F3FF	Panel > StackPanel > ContentPresenter#PART_ContentPresenter > TextBlock @TabItem#TabSettings	Settings
ana-oynatici	selected	simge	14.74	#020706	#00F3FF	Border#TabOutline > Panel > StackPanel > Path#TabIcon @TabItem#TabSettings	TabIcon
ana-oynatici	selected	yazi	14.74	#020706	#00F3FF	Panel > StackPanel > ContentPresenter#PART_ContentPresenter > TextBlock @TabItem#TabSettings	Settings
ana-oynatici	pressed	yazi	14.74	#020706	#00F3FF	Panel > ContentPresenter#PART_ContentPresenter > StackPanel > TextBlock#TxtUpdateBadge @Button#BtnUpdateBadge	Örnek 0.9
ana-oynatici	focus-visible	yazi	14.74	#020706	#00F3FF	Panel > ContentPresenter#PART_ContentPresenter > StackPanel > TextBlock#TxtUpdateBadge @Button#BtnUpdateBadge	Örnek 0.9
ana-oynatici	pointerover	yazi	14.74	#020706	#00F3FF	Border#Root > Panel > ContentPresenter#PART_ContentPresenter > TextBlock	English
ana-oynatici	focus-visible	yazi	14.74	#020706	#00F3FF	Border#Root > Panel > ContentPresenter#PART_ContentPresenter > TextBlock	English
ana-oynatici	edilgen	yazi	14.74	#020706	#00F3FF	Border#Root > Panel > ContentPresenter#PART_ContentPresenter > TextBlock	English
ana-oynatici	pressed	simge	14.74	#020706	#00F3FF	Panel > ContentPresenter#PART_ContentPresenter > StackPanel > Path @Button#BtnGitHub	Path
ana-oynatici	pressed	yazi	14.74	#020706	#00F3FF	Panel > ContentPresenter#PART_ContentPresenter > StackPanel > TextBlock#TxtGitHub @Button#BtnGitHub	Teknesyum
ana-oynatici	focus-visible	simge	14.74	#020706	#00F3FF	Panel > ContentPresenter#PART_ContentPresenter > StackPanel > Path @Button#BtnGitHub	Path
ana-oynatici	focus-visible	yazi	14.74	#020706	#00F3FF	Panel > ContentPresenter#PART_ContentPresenter > StackPanel > TextBlock#TxtGitHub @Button#BtnGitHub	Teknesyum
ana-oynatici	focus-visible	simge	14.74	#020706	#00F3FF	Border#Root > Panel > ContentPresenter#PART_ContentPresenter > Path @Button#BtnMinimize	Path
ana-oynatici	edilgen	simge	14.74	#020706	#00F3FF	Border#Root > Panel > ContentPresenter#PART_ContentPresenter > Path @Button#BtnMinimize	Path
ana-oynatici	focus-visible	simge	14.74	#020706	#00F3FF	Border#Root > Panel > ContentPresenter#PART_ContentPresenter > Path#MaximizeGlyph @Button#BtnMaximize	MaximizeGlyph
ana-oynatici	edilgen	simge	14.74	#020706	#00F3FF	Border#Root > Panel > ContentPresenter#PART_ContentPresenter > Path#MaximizeGlyph @Button#BtnMaximize	MaximizeGlyph
ana-kucult	dinlenik	simge	14.74	#020706	#00F3FF	Border#TabOutline > Panel > StackPanel > Path#TabIcon @TabItem#TabPlayer	TabIcon
ana-kucult	dinlenik	yazi	14.74	#020706	#00F3FF	Panel > StackPanel > ContentPresenter#PART_ContentPresenter > TextBlock @TabItem#TabPlayer	Player
ana-kucult	dinlenik	simge	14.74	#020706	#00F3FF	Border#TabOutline > Panel > StackPanel > Path#TabIcon @TabItem#TabShrink	TabIcon
ana-kucult	dinlenik	yazi	14.74	#020706	#00F3FF	Panel > StackPanel > ContentPresenter#PART_ContentPresenter > TextBlock @TabItem#TabShrink	Shrink
ana-kucult	dinlenik	simge	14.74	#020706	#00F3FF	Border#TabOutline > Panel > StackPanel > Path#TabIcon @TabControl#Tabs	TabIcon
ana-kucult	dinlenik	simge	14.74	#020706	#00F3FF	Border#TabOutline > Panel > StackPanel > Path#TabIcon @TabItem#TabRecorder	TabIcon
ana-kucult	dinlenik	yazi	14.74	#020706	#00F3FF	Panel > StackPanel > ContentPresenter#PART_ContentPresenter > TextBlock @TabItem#TabRecorder	Recorder
ana-kucult	dinlenik	simge	14.74	#020706	#00F3FF	Border#TabOutline > Panel > StackPanel > Path#TabIcon @TabItem#TabAdvanced	TabIcon
ana-kucult	dinlenik	yazi	14.74	#020706	#00F3FF	Panel > StackPanel > ContentPresenter#PART_ContentPresenter > TextBlock @TabItem#TabAdvanced	Advanced
ana-kucult	dinlenik	simge	14.74	#020706	#00F3FF	Border#TabOutline > Panel > StackPanel > Path#TabIcon @TabItem#TabSettings	TabIcon
ana-kucult	dinlenik	yazi	14.74	#020706	#00F3FF	Panel > StackPanel > ContentPresenter#PART_ContentPresenter > TextBlock @TabItem#TabSettings	Settings
ana-kucult	dinlenik	yazi	14.74	#020706	#00F3FF	Border#TitleBarLayer > Grid#TitleBarContent > StackPanel#TitleBrand > TextBlock#TxtAppName	VidShrink
ana-kucult	dinlenik	yazi	14.74	#020706	#00F3FF	Border#Root > Panel > ContentPresenter#PART_ContentPresenter > TextBlock	English
ana-kucult	dinlenik	simge	14.74	#020706	#00F3FF	Panel > ContentPresenter#PART_ContentPresenter > StackPanel > Path @Button#BtnGitHub	Path
ana-kucult	dinlenik	yazi	14.74	#020706	#00F3FF	Panel > ContentPresenter#PART_ContentPresenter > StackPanel > TextBlock#TxtGitHub @Button#BtnGitHub	Teknesyum
ana-kucult	dinlenik	simge	14.74	#020706	#00F3FF	Border#Root > Panel > ContentPresenter#PART_ContentPresenter > Path @Button#BtnMinimize	Path
ana-kucult	dinlenik	simge	14.74	#020706	#00F3FF	Border#Root > Panel > ContentPresenter#PART_ContentPresenter > Path#MaximizeGlyph @Button#BtnMaximize	MaximizeGlyph
ana-kucult	dinlenik	yazi	14.74	#020706	#00F3FF	Panel > ContentPresenter#PART_ContentPresenter > StackPanel > TextBlock#TxtUpdateBadge @Button#BtnUpdateBadge	Örnek 0.9
ana-kucult	pressed	simge	14.74	#020706	#00F3FF	Border#TabOutline > Panel > StackPanel > Path#TabIcon @TabItem#TabPlayer	TabIcon
ana-kucult	pressed	yazi	14.74	#020706	#00F3FF	Panel > StackPanel > ContentPresenter#PART_ContentPresenter > TextBlock @TabItem#TabPlayer	Player
ana-kucult	focus-visible	simge	14.74	#020706	#00F3FF	Border#TabOutline > Panel > StackPanel > Path#TabIcon @TabItem#TabPlayer	TabIcon
ana-kucult	focus-visible	yazi	14.74	#020706	#00F3FF	Panel > StackPanel > ContentPresenter#PART_ContentPresenter > TextBlock @TabItem#TabPlayer	Player
ana-kucult	selected	simge	14.74	#020706	#00F3FF	Border#TabOutline > Panel > StackPanel > Path#TabIcon @TabItem#TabPlayer	TabIcon
ana-kucult	selected	yazi	14.74	#020706	#00F3FF	Panel > StackPanel > ContentPresenter#PART_ContentPresenter > TextBlock @TabItem#TabPlayer	Player
ana-kucult	pressed	simge	14.74	#020706	#00F3FF	Border#TabOutline > Panel > StackPanel > Path#TabIcon @TabItem#TabShrink	TabIcon
ana-kucult	pressed	yazi	14.74	#020706	#00F3FF	Panel > StackPanel > ContentPresenter#PART_ContentPresenter > TextBlock @TabItem#TabShrink	Shrink
ana-kucult	focus-visible	simge	14.74	#020706	#00F3FF	Border#TabOutline > Panel > StackPanel > Path#TabIcon @TabItem#TabShrink	TabIcon
ana-kucult	focus-visible	yazi	14.74	#020706	#00F3FF	Panel > StackPanel > ContentPresenter#PART_ContentPresenter > TextBlock @TabItem#TabShrink	Shrink
ana-kucult	selected	simge	14.74	#020706	#00F3FF	Border#TabOutline > Panel > StackPanel > Path#TabIcon @TabItem#TabShrink	TabIcon
ana-kucult	selected	yazi	14.74	#020706	#00F3FF	Panel > StackPanel > ContentPresenter#PART_ContentPresenter > TextBlock @TabItem#TabShrink	Shrink
ana-kucult	pressed	simge	14.74	#020706	#00F3FF	Border#TabOutline > Panel > StackPanel > Path#TabIcon @TabControl#Tabs	TabIcon
ana-kucult	focus-visible	simge	14.74	#020706	#00F3FF	Border#TabOutline > Panel > StackPanel > Path#TabIcon @TabControl#Tabs	TabIcon
ana-kucult	selected	simge	14.74	#020706	#00F3FF	Border#TabOutline > Panel > StackPanel > Path#TabIcon @TabControl#Tabs	TabIcon
ana-kucult	pressed	simge	14.74	#020706	#00F3FF	Border#TabOutline > Panel > StackPanel > Path#TabIcon @TabItem#TabRecorder	TabIcon
ana-kucult	pressed	yazi	14.74	#020706	#00F3FF	Panel > StackPanel > ContentPresenter#PART_ContentPresenter > TextBlock @TabItem#TabRecorder	Recorder
ana-kucult	focus-visible	simge	14.74	#020706	#00F3FF	Border#TabOutline > Panel > StackPanel > Path#TabIcon @TabItem#TabRecorder	TabIcon
ana-kucult	focus-visible	yazi	14.74	#020706	#00F3FF	Panel > StackPanel > ContentPresenter#PART_ContentPresenter > TextBlock @TabItem#TabRecorder	Recorder
ana-kucult	selected	simge	14.74	#020706	#00F3FF	Border#TabOutline > Panel > StackPanel > Path#TabIcon @TabItem#TabRecorder	TabIcon
ana-kucult	selected	yazi	14.74	#020706	#00F3FF	Panel > StackPanel > ContentPresenter#PART_ContentPresenter > TextBlock @TabItem#TabRecorder	Recorder
ana-kucult	pressed	simge	14.74	#020706	#00F3FF	Border#TabOutline > Panel > StackPanel > Path#TabIcon @TabItem#TabAdvanced	TabIcon
ana-kucult	pressed	yazi	14.74	#020706	#00F3FF	Panel > StackPanel > ContentPresenter#PART_ContentPresenter > TextBlock @TabItem#TabAdvanced	Advanced
ana-kucult	focus-visible	simge	14.74	#020706	#00F3FF	Border#TabOutline > Panel > StackPanel > Path#TabIcon @TabItem#TabAdvanced	TabIcon
ana-kucult	focus-visible	yazi	14.74	#020706	#00F3FF	Panel > StackPanel > ContentPresenter#PART_ContentPresenter > TextBlock @TabItem#TabAdvanced	Advanced
ana-kucult	selected	simge	14.74	#020706	#00F3FF	Border#TabOutline > Panel > StackPanel > Path#TabIcon @TabItem#TabAdvanced	TabIcon
ana-kucult	selected	yazi	14.74	#020706	#00F3FF	Panel > StackPanel > ContentPresenter#PART_ContentPresenter > TextBlock @TabItem#TabAdvanced	Advanced
ana-kucult	pressed	simge	14.74	#020706	#00F3FF	Border#TabOutline > Panel > StackPanel > Path#TabIcon @TabItem#TabSettings	TabIcon
ana-kucult	pressed	yazi	14.74	#020706	#00F3FF	Panel > StackPanel > ContentPresenter#PART_ContentPresenter > TextBlock @TabItem#TabSettings	Settings
ana-kucult	focus-visible	simge	14.74	#020706	#00F3FF	Border#TabOutline > Panel > StackPanel > Path#TabIcon @TabItem#TabSettings	TabIcon
ana-kucult	focus-visible	yazi	14.74	#020706	#00F3FF	Panel > StackPanel > ContentPresenter#PART_ContentPresenter > TextBlock @TabItem#TabSettings	Settings
ana-kucult	selected	simge	14.74	#020706	#00F3FF	Border#TabOutline > Panel > StackPanel > Path#TabIcon @TabItem#TabSettings	TabIcon
ana-kucult	selected	yazi	14.74	#020706	#00F3FF	Panel > StackPanel > ContentPresenter#PART_ContentPresenter > TextBlock @TabItem#TabSettings	Settings
ana-kucult	pressed	yazi	14.74	#020706	#00F3FF	Panel > ContentPresenter#PART_ContentPresenter > StackPanel > TextBlock#TxtUpdateBadge @Button#BtnUpdateBadge	Örnek 0.9
ana-kucult	focus-visible	yazi	14.74	#020706	#00F3FF	Panel > ContentPresenter#PART_ContentPresenter > StackPanel > TextBlock#TxtUpdateBadge @Button#BtnUpdateBadge	Örnek 0.9
ana-kucult	pointerover	yazi	14.74	#020706	#00F3FF	Border#Root > Panel > ContentPresenter#PART_ContentPresenter > TextBlock	English
ana-kucult	focus-visible	yazi	14.74	#020706	#00F3FF	Border#Root > Panel > ContentPresenter#PART_ContentPresenter > TextBlock	English
ana-kucult	edilgen	yazi	14.74	#020706	#00F3FF	Border#Root > Panel > ContentPresenter#PART_ContentPresenter > TextBlock	English
ana-kucult	pressed	simge	14.74	#020706	#00F3FF	Panel > ContentPresenter#PART_ContentPresenter > StackPanel > Path @Button#BtnGitHub	Path
ana-kucult	pressed	yazi	14.74	#020706	#00F3FF	Panel > ContentPresenter#PART_ContentPresenter > StackPanel > TextBlock#TxtGitHub @Button#BtnGitHub	Teknesyum
ana-kucult	focus-visible	simge	14.74	#020706	#00F3FF	Panel > ContentPresenter#PART_ContentPresenter > StackPanel > Path @Button#BtnGitHub	Path
ana-kucult	focus-visible	yazi	14.74	#020706	#00F3FF	Panel > ContentPresenter#PART_ContentPresenter > StackPanel > TextBlock#TxtGitHub @Button#BtnGitHub	Teknesyum
ana-kucult	focus-visible	simge	14.74	#020706	#00F3FF	Border#Root > Panel > ContentPresenter#PART_ContentPresenter > Path @Button#BtnMinimize	Path
ana-kucult	edilgen	simge	14.74	#020706	#00F3FF	Border#Root > Panel > ContentPresenter#PART_ContentPresenter > Path @Button#BtnMinimize	Path
ana-kucult	focus-visible	simge	14.74	#020706	#00F3FF	Border#Root > Panel > ContentPresenter#PART_ContentPresenter > Path#MaximizeGlyph @Button#BtnMaximize	MaximizeGlyph
ana-kucult	edilgen	simge	14.74	#020706	#00F3FF	Border#Root > Panel > ContentPresenter#PART_ContentPresenter > Path#MaximizeGlyph @Button#BtnMaximize	MaximizeGlyph
ana-donustur	dinlenik	simge	14.74	#020706	#00F3FF	Border#TabOutline > Panel > StackPanel > Path#TabIcon @TabItem#TabPlayer	TabIcon
ana-donustur	dinlenik	yazi	14.74	#020706	#00F3FF	Panel > StackPanel > ContentPresenter#PART_ContentPresenter > TextBlock @TabItem#TabPlayer	Player
ana-donustur	dinlenik	simge	14.74	#020706	#00F3FF	Border#TabOutline > Panel > StackPanel > Path#TabIcon @TabItem#TabShrink	TabIcon
ana-donustur	dinlenik	yazi	14.74	#020706	#00F3FF	Panel > StackPanel > ContentPresenter#PART_ContentPresenter > TextBlock @TabItem#TabShrink	Shrink
ana-donustur	dinlenik	simge	14.74	#020706	#00F3FF	Border#TabOutline > Panel > StackPanel > Path#TabIcon @TabControl#Tabs	TabIcon
ana-donustur	dinlenik	simge	14.74	#020706	#00F3FF	Border#TabOutline > Panel > StackPanel > Path#TabIcon @TabItem#TabRecorder	TabIcon
ana-donustur	dinlenik	yazi	14.74	#020706	#00F3FF	Panel > StackPanel > ContentPresenter#PART_ContentPresenter > TextBlock @TabItem#TabRecorder	Recorder
ana-donustur	dinlenik	simge	14.74	#020706	#00F3FF	Border#TabOutline > Panel > StackPanel > Path#TabIcon @TabItem#TabAdvanced	TabIcon
ana-donustur	dinlenik	yazi	14.74	#020706	#00F3FF	Panel > StackPanel > ContentPresenter#PART_ContentPresenter > TextBlock @TabItem#TabAdvanced	Advanced
ana-donustur	dinlenik	simge	14.74	#020706	#00F3FF	Border#TabOutline > Panel > StackPanel > Path#TabIcon @TabItem#TabSettings	TabIcon
ana-donustur	dinlenik	yazi	14.74	#020706	#00F3FF	Panel > StackPanel > ContentPresenter#PART_ContentPresenter > TextBlock @TabItem#TabSettings	Settings
ana-donustur	dinlenik	yazi	14.74	#020706	#00F3FF	Border#TitleBarLayer > Grid#TitleBarContent > StackPanel#TitleBrand > TextBlock#TxtAppName	VidShrink
ana-donustur	dinlenik	yazi	14.74	#020706	#00F3FF	Border#Root > Panel > ContentPresenter#PART_ContentPresenter > TextBlock	English
ana-donustur	dinlenik	simge	14.74	#020706	#00F3FF	Panel > ContentPresenter#PART_ContentPresenter > StackPanel > Path @Button#BtnGitHub	Path
ana-donustur	dinlenik	yazi	14.74	#020706	#00F3FF	Panel > ContentPresenter#PART_ContentPresenter > StackPanel > TextBlock#TxtGitHub @Button#BtnGitHub	Teknesyum
ana-donustur	dinlenik	simge	14.74	#020706	#00F3FF	Border#Root > Panel > ContentPresenter#PART_ContentPresenter > Path @Button#BtnMinimize	Path
ana-donustur	dinlenik	simge	14.74	#020706	#00F3FF	Border#Root > Panel > ContentPresenter#PART_ContentPresenter > Path#MaximizeGlyph @Button#BtnMaximize	MaximizeGlyph
ana-donustur	dinlenik	yazi	14.74	#020706	#00F3FF	Panel > ContentPresenter#PART_ContentPresenter > StackPanel > TextBlock#TxtUpdateBadge @Button#BtnUpdateBadge	Örnek 0.9
ana-donustur	pressed	simge	14.74	#020706	#00F3FF	Border#TabOutline > Panel > StackPanel > Path#TabIcon @TabItem#TabPlayer	TabIcon
ana-donustur	pressed	yazi	14.74	#020706	#00F3FF	Panel > StackPanel > ContentPresenter#PART_ContentPresenter > TextBlock @TabItem#TabPlayer	Player
ana-donustur	focus-visible	simge	14.74	#020706	#00F3FF	Border#TabOutline > Panel > StackPanel > Path#TabIcon @TabItem#TabPlayer	TabIcon
ana-donustur	focus-visible	yazi	14.74	#020706	#00F3FF	Panel > StackPanel > ContentPresenter#PART_ContentPresenter > TextBlock @TabItem#TabPlayer	Player
ana-donustur	selected	simge	14.74	#020706	#00F3FF	Border#TabOutline > Panel > StackPanel > Path#TabIcon @TabItem#TabPlayer	TabIcon
ana-donustur	selected	yazi	14.74	#020706	#00F3FF	Panel > StackPanel > ContentPresenter#PART_ContentPresenter > TextBlock @TabItem#TabPlayer	Player
ana-donustur	pressed	simge	14.74	#020706	#00F3FF	Border#TabOutline > Panel > StackPanel > Path#TabIcon @TabItem#TabShrink	TabIcon
ana-donustur	pressed	yazi	14.74	#020706	#00F3FF	Panel > StackPanel > ContentPresenter#PART_ContentPresenter > TextBlock @TabItem#TabShrink	Shrink
ana-donustur	focus-visible	simge	14.74	#020706	#00F3FF	Border#TabOutline > Panel > StackPanel > Path#TabIcon @TabItem#TabShrink	TabIcon
ana-donustur	focus-visible	yazi	14.74	#020706	#00F3FF	Panel > StackPanel > ContentPresenter#PART_ContentPresenter > TextBlock @TabItem#TabShrink	Shrink
ana-donustur	selected	simge	14.74	#020706	#00F3FF	Border#TabOutline > Panel > StackPanel > Path#TabIcon @TabItem#TabShrink	TabIcon
ana-donustur	selected	yazi	14.74	#020706	#00F3FF	Panel > StackPanel > ContentPresenter#PART_ContentPresenter > TextBlock @TabItem#TabShrink	Shrink
ana-donustur	pressed	simge	14.74	#020706	#00F3FF	Border#TabOutline > Panel > StackPanel > Path#TabIcon @TabControl#Tabs	TabIcon
ana-donustur	focus-visible	simge	14.74	#020706	#00F3FF	Border#TabOutline > Panel > StackPanel > Path#TabIcon @TabControl#Tabs	TabIcon
ana-donustur	selected	simge	14.74	#020706	#00F3FF	Border#TabOutline > Panel > StackPanel > Path#TabIcon @TabControl#Tabs	TabIcon
ana-donustur	pressed	simge	14.74	#020706	#00F3FF	Border#TabOutline > Panel > StackPanel > Path#TabIcon @TabItem#TabRecorder	TabIcon
ana-donustur	pressed	yazi	14.74	#020706	#00F3FF	Panel > StackPanel > ContentPresenter#PART_ContentPresenter > TextBlock @TabItem#TabRecorder	Recorder
ana-donustur	focus-visible	simge	14.74	#020706	#00F3FF	Border#TabOutline > Panel > StackPanel > Path#TabIcon @TabItem#TabRecorder	TabIcon
ana-donustur	focus-visible	yazi	14.74	#020706	#00F3FF	Panel > StackPanel > ContentPresenter#PART_ContentPresenter > TextBlock @TabItem#TabRecorder	Recorder
ana-donustur	selected	simge	14.74	#020706	#00F3FF	Border#TabOutline > Panel > StackPanel > Path#TabIcon @TabItem#TabRecorder	TabIcon
ana-donustur	selected	yazi	14.74	#020706	#00F3FF	Panel > StackPanel > ContentPresenter#PART_ContentPresenter > TextBlock @TabItem#TabRecorder	Recorder
ana-donustur	pressed	simge	14.74	#020706	#00F3FF	Border#TabOutline > Panel > StackPanel > Path#TabIcon @TabItem#TabAdvanced	TabIcon
ana-donustur	pressed	yazi	14.74	#020706	#00F3FF	Panel > StackPanel > ContentPresenter#PART_ContentPresenter > TextBlock @TabItem#TabAdvanced	Advanced
ana-donustur	focus-visible	simge	14.74	#020706	#00F3FF	Border#TabOutline > Panel > StackPanel > Path#TabIcon @TabItem#TabAdvanced	TabIcon
ana-donustur	focus-visible	yazi	14.74	#020706	#00F3FF	Panel > StackPanel > ContentPresenter#PART_ContentPresenter > TextBlock @TabItem#TabAdvanced	Advanced
ana-donustur	selected	simge	14.74	#020706	#00F3FF	Border#TabOutline > Panel > StackPanel > Path#TabIcon @TabItem#TabAdvanced	TabIcon
ana-donustur	selected	yazi	14.74	#020706	#00F3FF	Panel > StackPanel > ContentPresenter#PART_ContentPresenter > TextBlock @TabItem#TabAdvanced	Advanced
ana-donustur	pressed	simge	14.74	#020706	#00F3FF	Border#TabOutline > Panel > StackPanel > Path#TabIcon @TabItem#TabSettings	TabIcon
ana-donustur	pressed	yazi	14.74	#020706	#00F3FF	Panel > StackPanel > ContentPresenter#PART_ContentPresenter > TextBlock @TabItem#TabSettings	Settings
ana-donustur	focus-visible	simge	14.74	#020706	#00F3FF	Border#TabOutline > Panel > StackPanel > Path#TabIcon @TabItem#TabSettings	TabIcon
ana-donustur	focus-visible	yazi	14.74	#020706	#00F3FF	Panel > StackPanel > ContentPresenter#PART_ContentPresenter > TextBlock @TabItem#TabSettings	Settings
ana-donustur	selected	simge	14.74	#020706	#00F3FF	Border#TabOutline > Panel > StackPanel > Path#TabIcon @TabItem#TabSettings	TabIcon
ana-donustur	selected	yazi	14.74	#020706	#00F3FF	Panel > StackPanel > ContentPresenter#PART_ContentPresenter > TextBlock @TabItem#TabSettings	Settings
ana-donustur	pressed	yazi	14.74	#020706	#00F3FF	Panel > ContentPresenter#PART_ContentPresenter > StackPanel > TextBlock#TxtUpdateBadge @Button#BtnUpdateBadge	Örnek 0.9
ana-donustur	focus-visible	yazi	14.74	#020706	#00F3FF	Panel > ContentPresenter#PART_ContentPresenter > StackPanel > TextBlock#TxtUpdateBadge @Button#BtnUpdateBadge	Örnek 0.9
ana-donustur	pointerover	yazi	14.74	#020706	#00F3FF	Border#Root > Panel > ContentPresenter#PART_ContentPresenter > TextBlock	English
ana-donustur	focus-visible	yazi	14.74	#020706	#00F3FF	Border#Root > Panel > ContentPresenter#PART_ContentPresenter > TextBlock	English
ana-donustur	edilgen	yazi	14.74	#020706	#00F3FF	Border#Root > Panel > ContentPresenter#PART_ContentPresenter > TextBlock	English
ana-donustur	pressed	simge	14.74	#020706	#00F3FF	Panel > ContentPresenter#PART_ContentPresenter > StackPanel > Path @Button#BtnGitHub	Path
ana-donustur	pressed	yazi	14.74	#020706	#00F3FF	Panel > ContentPresenter#PART_ContentPresenter > StackPanel > TextBlock#TxtGitHub @Button#BtnGitHub	Teknesyum
ana-donustur	focus-visible	simge	14.74	#020706	#00F3FF	Panel > ContentPresenter#PART_ContentPresenter > StackPanel > Path @Button#BtnGitHub	Path
ana-donustur	focus-visible	yazi	14.74	#020706	#00F3FF	Panel > ContentPresenter#PART_ContentPresenter > StackPanel > TextBlock#TxtGitHub @Button#BtnGitHub	Teknesyum
ana-donustur	focus-visible	simge	14.74	#020706	#00F3FF	Border#Root > Panel > ContentPresenter#PART_ContentPresenter > Path @Button#BtnMinimize	Path
ana-donustur	edilgen	simge	14.74	#020706	#00F3FF	Border#Root > Panel > ContentPresenter#PART_ContentPresenter > Path @Button#BtnMinimize	Path
ana-donustur	focus-visible	simge	14.74	#020706	#00F3FF	Border#Root > Panel > ContentPresenter#PART_ContentPresenter > Path#MaximizeGlyph @Button#BtnMaximize	MaximizeGlyph
ana-donustur	edilgen	simge	14.74	#020706	#00F3FF	Border#Root > Panel > ContentPresenter#PART_ContentPresenter > Path#MaximizeGlyph @Button#BtnMaximize	MaximizeGlyph
ana-kaydedici	dinlenik	simge	14.74	#020706	#00F3FF	Border#TabOutline > Panel > StackPanel > Path#TabIcon @TabItem#TabPlayer	TabIcon
ana-kaydedici	dinlenik	yazi	14.74	#020706	#00F3FF	Panel > StackPanel > ContentPresenter#PART_ContentPresenter > TextBlock @TabItem#TabPlayer	Player
ana-kaydedici	dinlenik	simge	14.74	#020706	#00F3FF	Border#TabOutline > Panel > StackPanel > Path#TabIcon @TabItem#TabShrink	TabIcon
ana-kaydedici	dinlenik	yazi	14.74	#020706	#00F3FF	Panel > StackPanel > ContentPresenter#PART_ContentPresenter > TextBlock @TabItem#TabShrink	Shrink
ana-kaydedici	dinlenik	simge	14.74	#020706	#00F3FF	Border#TabOutline > Panel > StackPanel > Path#TabIcon @TabControl#Tabs	TabIcon
ana-kaydedici	dinlenik	simge	14.74	#020706	#00F3FF	Border#TabOutline > Panel > StackPanel > Path#TabIcon @TabItem#TabRecorder	TabIcon
ana-kaydedici	dinlenik	yazi	14.74	#020706	#00F3FF	Panel > StackPanel > ContentPresenter#PART_ContentPresenter > TextBlock @TabItem#TabRecorder	Recorder
ana-kaydedici	dinlenik	simge	14.74	#020706	#00F3FF	Border#TabOutline > Panel > StackPanel > Path#TabIcon @TabItem#TabAdvanced	TabIcon
ana-kaydedici	dinlenik	yazi	14.74	#020706	#00F3FF	Panel > StackPanel > ContentPresenter#PART_ContentPresenter > TextBlock @TabItem#TabAdvanced	Advanced
ana-kaydedici	dinlenik	simge	14.74	#020706	#00F3FF	Border#TabOutline > Panel > StackPanel > Path#TabIcon @TabItem#TabSettings	TabIcon
ana-kaydedici	dinlenik	yazi	14.74	#020706	#00F3FF	Panel > StackPanel > ContentPresenter#PART_ContentPresenter > TextBlock @TabItem#TabSettings	Settings
ana-kaydedici	dinlenik	yazi	14.74	#020706	#00F3FF	Border#TitleBarLayer > Grid#TitleBarContent > StackPanel#TitleBrand > TextBlock#TxtAppName	VidShrink
ana-kaydedici	dinlenik	yazi	14.74	#020706	#00F3FF	Border#Root > Panel > ContentPresenter#PART_ContentPresenter > TextBlock	English
ana-kaydedici	dinlenik	simge	14.74	#020706	#00F3FF	Panel > ContentPresenter#PART_ContentPresenter > StackPanel > Path @Button#BtnGitHub	Path
ana-kaydedici	dinlenik	yazi	14.74	#020706	#00F3FF	Panel > ContentPresenter#PART_ContentPresenter > StackPanel > TextBlock#TxtGitHub @Button#BtnGitHub	Teknesyum
ana-kaydedici	dinlenik	simge	14.74	#020706	#00F3FF	Border#Root > Panel > ContentPresenter#PART_ContentPresenter > Path @Button#BtnMinimize	Path
ana-kaydedici	dinlenik	simge	14.74	#020706	#00F3FF	Border#Root > Panel > ContentPresenter#PART_ContentPresenter > Path#MaximizeGlyph @Button#BtnMaximize	MaximizeGlyph
ana-kaydedici	dinlenik	yazi	14.74	#020706	#00F3FF	Panel > ContentPresenter#PART_ContentPresenter > StackPanel > TextBlock#TxtUpdateBadge @Button#BtnUpdateBadge	Örnek 0.9
ana-kaydedici	pressed	simge	14.74	#020706	#00F3FF	Border#TabOutline > Panel > StackPanel > Path#TabIcon @TabItem#TabPlayer	TabIcon
ana-kaydedici	pressed	yazi	14.74	#020706	#00F3FF	Panel > StackPanel > ContentPresenter#PART_ContentPresenter > TextBlock @TabItem#TabPlayer	Player
ana-kaydedici	focus-visible	simge	14.74	#020706	#00F3FF	Border#TabOutline > Panel > StackPanel > Path#TabIcon @TabItem#TabPlayer	TabIcon
ana-kaydedici	focus-visible	yazi	14.74	#020706	#00F3FF	Panel > StackPanel > ContentPresenter#PART_ContentPresenter > TextBlock @TabItem#TabPlayer	Player
ana-kaydedici	selected	simge	14.74	#020706	#00F3FF	Border#TabOutline > Panel > StackPanel > Path#TabIcon @TabItem#TabPlayer	TabIcon
ana-kaydedici	selected	yazi	14.74	#020706	#00F3FF	Panel > StackPanel > ContentPresenter#PART_ContentPresenter > TextBlock @TabItem#TabPlayer	Player
ana-kaydedici	pressed	simge	14.74	#020706	#00F3FF	Border#TabOutline > Panel > StackPanel > Path#TabIcon @TabItem#TabShrink	TabIcon
ana-kaydedici	pressed	yazi	14.74	#020706	#00F3FF	Panel > StackPanel > ContentPresenter#PART_ContentPresenter > TextBlock @TabItem#TabShrink	Shrink
ana-kaydedici	focus-visible	simge	14.74	#020706	#00F3FF	Border#TabOutline > Panel > StackPanel > Path#TabIcon @TabItem#TabShrink	TabIcon
ana-kaydedici	focus-visible	yazi	14.74	#020706	#00F3FF	Panel > StackPanel > ContentPresenter#PART_ContentPresenter > TextBlock @TabItem#TabShrink	Shrink
ana-kaydedici	selected	simge	14.74	#020706	#00F3FF	Border#TabOutline > Panel > StackPanel > Path#TabIcon @TabItem#TabShrink	TabIcon
ana-kaydedici	selected	yazi	14.74	#020706	#00F3FF	Panel > StackPanel > ContentPresenter#PART_ContentPresenter > TextBlock @TabItem#TabShrink	Shrink
ana-kaydedici	pressed	simge	14.74	#020706	#00F3FF	Border#TabOutline > Panel > StackPanel > Path#TabIcon @TabControl#Tabs	TabIcon
ana-kaydedici	focus-visible	simge	14.74	#020706	#00F3FF	Border#TabOutline > Panel > StackPanel > Path#TabIcon @TabControl#Tabs	TabIcon
ana-kaydedici	selected	simge	14.74	#020706	#00F3FF	Border#TabOutline > Panel > StackPanel > Path#TabIcon @TabControl#Tabs	TabIcon
ana-kaydedici	pressed	simge	14.74	#020706	#00F3FF	Border#TabOutline > Panel > StackPanel > Path#TabIcon @TabItem#TabRecorder	TabIcon
ana-kaydedici	pressed	yazi	14.74	#020706	#00F3FF	Panel > StackPanel > ContentPresenter#PART_ContentPresenter > TextBlock @TabItem#TabRecorder	Recorder
ana-kaydedici	focus-visible	simge	14.74	#020706	#00F3FF	Border#TabOutline > Panel > StackPanel > Path#TabIcon @TabItem#TabRecorder	TabIcon
ana-kaydedici	focus-visible	yazi	14.74	#020706	#00F3FF	Panel > StackPanel > ContentPresenter#PART_ContentPresenter > TextBlock @TabItem#TabRecorder	Recorder
ana-kaydedici	selected	simge	14.74	#020706	#00F3FF	Border#TabOutline > Panel > StackPanel > Path#TabIcon @TabItem#TabRecorder	TabIcon
ana-kaydedici	selected	yazi	14.74	#020706	#00F3FF	Panel > StackPanel > ContentPresenter#PART_ContentPresenter > TextBlock @TabItem#TabRecorder	Recorder
ana-kaydedici	pressed	simge	14.74	#020706	#00F3FF	Border#TabOutline > Panel > StackPanel > Path#TabIcon @TabItem#TabAdvanced	TabIcon
ana-kaydedici	pressed	yazi	14.74	#020706	#00F3FF	Panel > StackPanel > ContentPresenter#PART_ContentPresenter > TextBlock @TabItem#TabAdvanced	Advanced
ana-kaydedici	focus-visible	simge	14.74	#020706	#00F3FF	Border#TabOutline > Panel > StackPanel > Path#TabIcon @TabItem#TabAdvanced	TabIcon
ana-kaydedici	focus-visible	yazi	14.74	#020706	#00F3FF	Panel > StackPanel > ContentPresenter#PART_ContentPresenter > TextBlock @TabItem#TabAdvanced	Advanced
ana-kaydedici	selected	simge	14.74	#020706	#00F3FF	Border#TabOutline > Panel > StackPanel > Path#TabIcon @TabItem#TabAdvanced	TabIcon
ana-kaydedici	selected	yazi	14.74	#020706	#00F3FF	Panel > StackPanel > ContentPresenter#PART_ContentPresenter > TextBlock @TabItem#TabAdvanced	Advanced
ana-kaydedici	pressed	simge	14.74	#020706	#00F3FF	Border#TabOutline > Panel > StackPanel > Path#TabIcon @TabItem#TabSettings	TabIcon
ana-kaydedici	pressed	yazi	14.74	#020706	#00F3FF	Panel > StackPanel > ContentPresenter#PART_ContentPresenter > TextBlock @TabItem#TabSettings	Settings
ana-kaydedici	focus-visible	simge	14.74	#020706	#00F3FF	Border#TabOutline > Panel > StackPanel > Path#TabIcon @TabItem#TabSettings	TabIcon
ana-kaydedici	focus-visible	yazi	14.74	#020706	#00F3FF	Panel > StackPanel > ContentPresenter#PART_ContentPresenter > TextBlock @TabItem#TabSettings	Settings
ana-kaydedici	selected	simge	14.74	#020706	#00F3FF	Border#TabOutline > Panel > StackPanel > Path#TabIcon @TabItem#TabSettings	TabIcon
ana-kaydedici	selected	yazi	14.74	#020706	#00F3FF	Panel > StackPanel > ContentPresenter#PART_ContentPresenter > TextBlock @TabItem#TabSettings	Settings
ana-kaydedici	pressed	yazi	14.74	#020706	#00F3FF	Panel > ContentPresenter#PART_ContentPresenter > StackPanel > TextBlock#TxtUpdateBadge @Button#BtnUpdateBadge	Örnek 0.9
ana-kaydedici	focus-visible	yazi	14.74	#020706	#00F3FF	Panel > ContentPresenter#PART_ContentPresenter > StackPanel > TextBlock#TxtUpdateBadge @Button#BtnUpdateBadge	Örnek 0.9
ana-kaydedici	pointerover	yazi	14.74	#020706	#00F3FF	Border#Root > Panel > ContentPresenter#PART_ContentPresenter > TextBlock	English
ana-kaydedici	focus-visible	yazi	14.74	#020706	#00F3FF	Border#Root > Panel > ContentPresenter#PART_ContentPresenter > TextBlock	English
ana-kaydedici	edilgen	yazi	14.74	#020706	#00F3FF	Border#Root > Panel > ContentPresenter#PART_ContentPresenter > TextBlock	English
ana-kaydedici	pressed	simge	14.74	#020706	#00F3FF	Panel > ContentPresenter#PART_ContentPresenter > StackPanel > Path @Button#BtnGitHub	Path
ana-kaydedici	pressed	yazi	14.74	#020706	#00F3FF	Panel > ContentPresenter#PART_ContentPresenter > StackPanel > TextBlock#TxtGitHub @Button#BtnGitHub	Teknesyum
ana-kaydedici	focus-visible	simge	14.74	#020706	#00F3FF	Panel > ContentPresenter#PART_ContentPresenter > StackPanel > Path @Button#BtnGitHub	Path
ana-kaydedici	focus-visible	yazi	14.74	#020706	#00F3FF	Panel > ContentPresenter#PART_ContentPresenter > StackPanel > TextBlock#TxtGitHub @Button#BtnGitHub	Teknesyum
ana-kaydedici	focus-visible	simge	14.74	#020706	#00F3FF	Border#Root > Panel > ContentPresenter#PART_ContentPresenter > Path @Button#BtnMinimize	Path
ana-kaydedici	edilgen	simge	14.74	#020706	#00F3FF	Border#Root > Panel > ContentPresenter#PART_ContentPresenter > Path @Button#BtnMinimize	Path
ana-kaydedici	focus-visible	simge	14.74	#020706	#00F3FF	Border#Root > Panel > ContentPresenter#PART_ContentPresenter > Path#MaximizeGlyph @Button#BtnMaximize	MaximizeGlyph
ana-kaydedici	edilgen	simge	14.74	#020706	#00F3FF	Border#Root > Panel > ContentPresenter#PART_ContentPresenter > Path#MaximizeGlyph @Button#BtnMaximize	MaximizeGlyph
ana-gelismis	dinlenik	simge	14.74	#020706	#00F3FF	Border#TabOutline > Panel > StackPanel > Path#TabIcon @TabItem#TabPlayer	TabIcon
ana-gelismis	dinlenik	yazi	14.74	#020706	#00F3FF	Panel > StackPanel > ContentPresenter#PART_ContentPresenter > TextBlock @TabItem#TabPlayer	Player
ana-gelismis	dinlenik	simge	14.74	#020706	#00F3FF	Border#TabOutline > Panel > StackPanel > Path#TabIcon @TabItem#TabShrink	TabIcon
ana-gelismis	dinlenik	yazi	14.74	#020706	#00F3FF	Panel > StackPanel > ContentPresenter#PART_ContentPresenter > TextBlock @TabItem#TabShrink	Shrink
ana-gelismis	dinlenik	simge	14.74	#020706	#00F3FF	Border#TabOutline > Panel > StackPanel > Path#TabIcon @TabControl#Tabs	TabIcon
ana-gelismis	dinlenik	simge	14.74	#020706	#00F3FF	Border#TabOutline > Panel > StackPanel > Path#TabIcon @TabItem#TabRecorder	TabIcon
ana-gelismis	dinlenik	yazi	14.74	#020706	#00F3FF	Panel > StackPanel > ContentPresenter#PART_ContentPresenter > TextBlock @TabItem#TabRecorder	Recorder
ana-gelismis	dinlenik	simge	14.74	#020706	#00F3FF	Border#TabOutline > Panel > StackPanel > Path#TabIcon @TabItem#TabAdvanced	TabIcon
ana-gelismis	dinlenik	yazi	14.74	#020706	#00F3FF	Panel > StackPanel > ContentPresenter#PART_ContentPresenter > TextBlock @TabItem#TabAdvanced	Advanced
ana-gelismis	dinlenik	simge	14.74	#020706	#00F3FF	Border#TabOutline > Panel > StackPanel > Path#TabIcon @TabItem#TabSettings	TabIcon
ana-gelismis	dinlenik	yazi	14.74	#020706	#00F3FF	Panel > StackPanel > ContentPresenter#PART_ContentPresenter > TextBlock @TabItem#TabSettings	Settings
ana-gelismis	dinlenik	yazi	14.74	#020706	#00F3FF	Border#TitleBarLayer > Grid#TitleBarContent > StackPanel#TitleBrand > TextBlock#TxtAppName	VidShrink
ana-gelismis	dinlenik	yazi	14.74	#020706	#00F3FF	Border#Root > Panel > ContentPresenter#PART_ContentPresenter > TextBlock	English
ana-gelismis	dinlenik	simge	14.74	#020706	#00F3FF	Panel > ContentPresenter#PART_ContentPresenter > StackPanel > Path @Button#BtnGitHub	Path
ana-gelismis	dinlenik	yazi	14.74	#020706	#00F3FF	Panel > ContentPresenter#PART_ContentPresenter > StackPanel > TextBlock#TxtGitHub @Button#BtnGitHub	Teknesyum
ana-gelismis	dinlenik	simge	14.74	#020706	#00F3FF	Border#Root > Panel > ContentPresenter#PART_ContentPresenter > Path @Button#BtnMinimize	Path
ana-gelismis	dinlenik	simge	14.74	#020706	#00F3FF	Border#Root > Panel > ContentPresenter#PART_ContentPresenter > Path#MaximizeGlyph @Button#BtnMaximize	MaximizeGlyph
ana-gelismis	dinlenik	yazi	14.74	#020706	#00F3FF	Panel > ContentPresenter#PART_ContentPresenter > StackPanel > TextBlock#TxtUpdateBadge @Button#BtnUpdateBadge	Örnek 0.9
ana-gelismis	pressed	simge	14.74	#020706	#00F3FF	Border#TabOutline > Panel > StackPanel > Path#TabIcon @TabItem#TabPlayer	TabIcon
ana-gelismis	pressed	yazi	14.74	#020706	#00F3FF	Panel > StackPanel > ContentPresenter#PART_ContentPresenter > TextBlock @TabItem#TabPlayer	Player
ana-gelismis	focus-visible	simge	14.74	#020706	#00F3FF	Border#TabOutline > Panel > StackPanel > Path#TabIcon @TabItem#TabPlayer	TabIcon
ana-gelismis	focus-visible	yazi	14.74	#020706	#00F3FF	Panel > StackPanel > ContentPresenter#PART_ContentPresenter > TextBlock @TabItem#TabPlayer	Player
ana-gelismis	selected	simge	14.74	#020706	#00F3FF	Border#TabOutline > Panel > StackPanel > Path#TabIcon @TabItem#TabPlayer	TabIcon
ana-gelismis	selected	yazi	14.74	#020706	#00F3FF	Panel > StackPanel > ContentPresenter#PART_ContentPresenter > TextBlock @TabItem#TabPlayer	Player
ana-gelismis	pressed	simge	14.74	#020706	#00F3FF	Border#TabOutline > Panel > StackPanel > Path#TabIcon @TabItem#TabShrink	TabIcon
ana-gelismis	pressed	yazi	14.74	#020706	#00F3FF	Panel > StackPanel > ContentPresenter#PART_ContentPresenter > TextBlock @TabItem#TabShrink	Shrink
ana-gelismis	focus-visible	simge	14.74	#020706	#00F3FF	Border#TabOutline > Panel > StackPanel > Path#TabIcon @TabItem#TabShrink	TabIcon
ana-gelismis	focus-visible	yazi	14.74	#020706	#00F3FF	Panel > StackPanel > ContentPresenter#PART_ContentPresenter > TextBlock @TabItem#TabShrink	Shrink
ana-gelismis	selected	simge	14.74	#020706	#00F3FF	Border#TabOutline > Panel > StackPanel > Path#TabIcon @TabItem#TabShrink	TabIcon
ana-gelismis	selected	yazi	14.74	#020706	#00F3FF	Panel > StackPanel > ContentPresenter#PART_ContentPresenter > TextBlock @TabItem#TabShrink	Shrink
ana-gelismis	pressed	simge	14.74	#020706	#00F3FF	Border#TabOutline > Panel > StackPanel > Path#TabIcon @TabControl#Tabs	TabIcon
ana-gelismis	focus-visible	simge	14.74	#020706	#00F3FF	Border#TabOutline > Panel > StackPanel > Path#TabIcon @TabControl#Tabs	TabIcon
ana-gelismis	selected	simge	14.74	#020706	#00F3FF	Border#TabOutline > Panel > StackPanel > Path#TabIcon @TabControl#Tabs	TabIcon
ana-gelismis	pressed	simge	14.74	#020706	#00F3FF	Border#TabOutline > Panel > StackPanel > Path#TabIcon @TabItem#TabRecorder	TabIcon
ana-gelismis	pressed	yazi	14.74	#020706	#00F3FF	Panel > StackPanel > ContentPresenter#PART_ContentPresenter > TextBlock @TabItem#TabRecorder	Recorder
ana-gelismis	focus-visible	simge	14.74	#020706	#00F3FF	Border#TabOutline > Panel > StackPanel > Path#TabIcon @TabItem#TabRecorder	TabIcon
ana-gelismis	focus-visible	yazi	14.74	#020706	#00F3FF	Panel > StackPanel > ContentPresenter#PART_ContentPresenter > TextBlock @TabItem#TabRecorder	Recorder
ana-gelismis	selected	simge	14.74	#020706	#00F3FF	Border#TabOutline > Panel > StackPanel > Path#TabIcon @TabItem#TabRecorder	TabIcon
ana-gelismis	selected	yazi	14.74	#020706	#00F3FF	Panel > StackPanel > ContentPresenter#PART_ContentPresenter > TextBlock @TabItem#TabRecorder	Recorder
ana-gelismis	pressed	simge	14.74	#020706	#00F3FF	Border#TabOutline > Panel > StackPanel > Path#TabIcon @TabItem#TabAdvanced	TabIcon
ana-gelismis	pressed	yazi	14.74	#020706	#00F3FF	Panel > StackPanel > ContentPresenter#PART_ContentPresenter > TextBlock @TabItem#TabAdvanced	Advanced
ana-gelismis	focus-visible	simge	14.74	#020706	#00F3FF	Border#TabOutline > Panel > StackPanel > Path#TabIcon @TabItem#TabAdvanced	TabIcon
ana-gelismis	focus-visible	yazi	14.74	#020706	#00F3FF	Panel > StackPanel > ContentPresenter#PART_ContentPresenter > TextBlock @TabItem#TabAdvanced	Advanced
ana-gelismis	selected	simge	14.74	#020706	#00F3FF	Border#TabOutline > Panel > StackPanel > Path#TabIcon @TabItem#TabAdvanced	TabIcon
ana-gelismis	selected	yazi	14.74	#020706	#00F3FF	Panel > StackPanel > ContentPresenter#PART_ContentPresenter > TextBlock @TabItem#TabAdvanced	Advanced
ana-gelismis	pressed	simge	14.74	#020706	#00F3FF	Border#TabOutline > Panel > StackPanel > Path#TabIcon @TabItem#TabSettings	TabIcon
ana-gelismis	pressed	yazi	14.74	#020706	#00F3FF	Panel > StackPanel > ContentPresenter#PART_ContentPresenter > TextBlock @TabItem#TabSettings	Settings
ana-gelismis	focus-visible	simge	14.74	#020706	#00F3FF	Border#TabOutline > Panel > StackPanel > Path#TabIcon @TabItem#TabSettings	TabIcon
ana-gelismis	focus-visible	yazi	14.74	#020706	#00F3FF	Panel > StackPanel > ContentPresenter#PART_ContentPresenter > TextBlock @TabItem#TabSettings	Settings
ana-gelismis	selected	simge	14.74	#020706	#00F3FF	Border#TabOutline > Panel > StackPanel > Path#TabIcon @TabItem#TabSettings	TabIcon
ana-gelismis	selected	yazi	14.74	#020706	#00F3FF	Panel > StackPanel > ContentPresenter#PART_ContentPresenter > TextBlock @TabItem#TabSettings	Settings
ana-gelismis	pressed	yazi	14.74	#020706	#00F3FF	Panel > ContentPresenter#PART_ContentPresenter > StackPanel > TextBlock#TxtUpdateBadge @Button#BtnUpdateBadge	Örnek 0.9
ana-gelismis	focus-visible	yazi	14.74	#020706	#00F3FF	Panel > ContentPresenter#PART_ContentPresenter > StackPanel > TextBlock#TxtUpdateBadge @Button#BtnUpdateBadge	Örnek 0.9
ana-gelismis	pointerover	yazi	14.74	#020706	#00F3FF	Border#Root > Panel > ContentPresenter#PART_ContentPresenter > TextBlock	English
ana-gelismis	focus-visible	yazi	14.74	#020706	#00F3FF	Border#Root > Panel > ContentPresenter#PART_ContentPresenter > TextBlock	English
ana-gelismis	edilgen	yazi	14.74	#020706	#00F3FF	Border#Root > Panel > ContentPresenter#PART_ContentPresenter > TextBlock	English
ana-gelismis	pressed	simge	14.74	#020706	#00F3FF	Panel > ContentPresenter#PART_ContentPresenter > StackPanel > Path @Button#BtnGitHub	Path
ana-gelismis	pressed	yazi	14.74	#020706	#00F3FF	Panel > ContentPresenter#PART_ContentPresenter > StackPanel > TextBlock#TxtGitHub @Button#BtnGitHub	Teknesyum
ana-gelismis	focus-visible	simge	14.74	#020706	#00F3FF	Panel > ContentPresenter#PART_ContentPresenter > StackPanel > Path @Button#BtnGitHub	Path
ana-gelismis	focus-visible	yazi	14.74	#020706	#00F3FF	Panel > ContentPresenter#PART_ContentPresenter > StackPanel > TextBlock#TxtGitHub @Button#BtnGitHub	Teknesyum
ana-gelismis	focus-visible	simge	14.74	#020706	#00F3FF	Border#Root > Panel > ContentPresenter#PART_ContentPresenter > Path @Button#BtnMinimize	Path
ana-gelismis	edilgen	simge	14.74	#020706	#00F3FF	Border#Root > Panel > ContentPresenter#PART_ContentPresenter > Path @Button#BtnMinimize	Path
ana-gelismis	focus-visible	simge	14.74	#020706	#00F3FF	Border#Root > Panel > ContentPresenter#PART_ContentPresenter > Path#MaximizeGlyph @Button#BtnMaximize	MaximizeGlyph
ana-gelismis	edilgen	simge	14.74	#020706	#00F3FF	Border#Root > Panel > ContentPresenter#PART_ContentPresenter > Path#MaximizeGlyph @Button#BtnMaximize	MaximizeGlyph
ana-ayarlar	dinlenik	simge	14.74	#020706	#00F3FF	Border#TabOutline > Panel > StackPanel > Path#TabIcon @TabItem#TabPlayer	TabIcon
ana-ayarlar	dinlenik	yazi	14.74	#020706	#00F3FF	Panel > StackPanel > ContentPresenter#PART_ContentPresenter > TextBlock @TabItem#TabPlayer	Player
ana-ayarlar	dinlenik	simge	14.74	#020706	#00F3FF	Border#TabOutline > Panel > StackPanel > Path#TabIcon @TabItem#TabShrink	TabIcon
ana-ayarlar	dinlenik	yazi	14.74	#020706	#00F3FF	Panel > StackPanel > ContentPresenter#PART_ContentPresenter > TextBlock @TabItem#TabShrink	Shrink
ana-ayarlar	dinlenik	simge	14.74	#020706	#00F3FF	Border#TabOutline > Panel > StackPanel > Path#TabIcon @TabControl#Tabs	TabIcon
ana-ayarlar	dinlenik	simge	14.74	#020706	#00F3FF	Border#TabOutline > Panel > StackPanel > Path#TabIcon @TabItem#TabRecorder	TabIcon
ana-ayarlar	dinlenik	yazi	14.74	#020706	#00F3FF	Panel > StackPanel > ContentPresenter#PART_ContentPresenter > TextBlock @TabItem#TabRecorder	Recorder
ana-ayarlar	dinlenik	simge	14.74	#020706	#00F3FF	Border#TabOutline > Panel > StackPanel > Path#TabIcon @TabItem#TabAdvanced	TabIcon
ana-ayarlar	dinlenik	yazi	14.74	#020706	#00F3FF	Panel > StackPanel > ContentPresenter#PART_ContentPresenter > TextBlock @TabItem#TabAdvanced	Advanced
ana-ayarlar	dinlenik	simge	14.74	#020706	#00F3FF	Border#TabOutline > Panel > StackPanel > Path#TabIcon @TabItem#TabSettings	TabIcon
ana-ayarlar	dinlenik	yazi	14.74	#020706	#00F3FF	Panel > StackPanel > ContentPresenter#PART_ContentPresenter > TextBlock @TabItem#TabSettings	Settings
ana-ayarlar	dinlenik	yazi	14.74	#020706	#00F3FF	Border#TitleBarLayer > Grid#TitleBarContent > StackPanel#TitleBrand > TextBlock#TxtAppName	VidShrink
ana-ayarlar	dinlenik	yazi	14.74	#020706	#00F3FF	Border#Root > Panel > ContentPresenter#PART_ContentPresenter > TextBlock	English
ana-ayarlar	dinlenik	simge	14.74	#020706	#00F3FF	Panel > ContentPresenter#PART_ContentPresenter > StackPanel > Path @Button#BtnGitHub	Path
ana-ayarlar	dinlenik	yazi	14.74	#020706	#00F3FF	Panel > ContentPresenter#PART_ContentPresenter > StackPanel > TextBlock#TxtGitHub @Button#BtnGitHub	Teknesyum
ana-ayarlar	dinlenik	simge	14.74	#020706	#00F3FF	Border#Root > Panel > ContentPresenter#PART_ContentPresenter > Path @Button#BtnMinimize	Path
ana-ayarlar	dinlenik	simge	14.74	#020706	#00F3FF	Border#Root > Panel > ContentPresenter#PART_ContentPresenter > Path#MaximizeGlyph @Button#BtnMaximize	MaximizeGlyph
ana-ayarlar	dinlenik	yazi	14.74	#020706	#00F3FF	Panel > ContentPresenter#PART_ContentPresenter > StackPanel > TextBlock#TxtUpdateBadge @Button#BtnUpdateBadge	Örnek 0.9
ana-ayarlar	pressed	simge	14.74	#020706	#00F3FF	Border#TabOutline > Panel > StackPanel > Path#TabIcon @TabItem#TabPlayer	TabIcon
ana-ayarlar	pressed	yazi	14.74	#020706	#00F3FF	Panel > StackPanel > ContentPresenter#PART_ContentPresenter > TextBlock @TabItem#TabPlayer	Player
ana-ayarlar	focus-visible	simge	14.74	#020706	#00F3FF	Border#TabOutline > Panel > StackPanel > Path#TabIcon @TabItem#TabPlayer	TabIcon
ana-ayarlar	focus-visible	yazi	14.74	#020706	#00F3FF	Panel > StackPanel > ContentPresenter#PART_ContentPresenter > TextBlock @TabItem#TabPlayer	Player
ana-ayarlar	selected	simge	14.74	#020706	#00F3FF	Border#TabOutline > Panel > StackPanel > Path#TabIcon @TabItem#TabPlayer	TabIcon
ana-ayarlar	selected	yazi	14.74	#020706	#00F3FF	Panel > StackPanel > ContentPresenter#PART_ContentPresenter > TextBlock @TabItem#TabPlayer	Player
ana-ayarlar	pressed	simge	14.74	#020706	#00F3FF	Border#TabOutline > Panel > StackPanel > Path#TabIcon @TabItem#TabShrink	TabIcon
ana-ayarlar	pressed	yazi	14.74	#020706	#00F3FF	Panel > StackPanel > ContentPresenter#PART_ContentPresenter > TextBlock @TabItem#TabShrink	Shrink
ana-ayarlar	focus-visible	simge	14.74	#020706	#00F3FF	Border#TabOutline > Panel > StackPanel > Path#TabIcon @TabItem#TabShrink	TabIcon
ana-ayarlar	focus-visible	yazi	14.74	#020706	#00F3FF	Panel > StackPanel > ContentPresenter#PART_ContentPresenter > TextBlock @TabItem#TabShrink	Shrink
ana-ayarlar	selected	simge	14.74	#020706	#00F3FF	Border#TabOutline > Panel > StackPanel > Path#TabIcon @TabItem#TabShrink	TabIcon
ana-ayarlar	selected	yazi	14.74	#020706	#00F3FF	Panel > StackPanel > ContentPresenter#PART_ContentPresenter > TextBlock @TabItem#TabShrink	Shrink
ana-ayarlar	pressed	simge	14.74	#020706	#00F3FF	Border#TabOutline > Panel > StackPanel > Path#TabIcon @TabControl#Tabs	TabIcon
ana-ayarlar	focus-visible	simge	14.74	#020706	#00F3FF	Border#TabOutline > Panel > StackPanel > Path#TabIcon @TabControl#Tabs	TabIcon
ana-ayarlar	selected	simge	14.74	#020706	#00F3FF	Border#TabOutline > Panel > StackPanel > Path#TabIcon @TabControl#Tabs	TabIcon
ana-ayarlar	pressed	simge	14.74	#020706	#00F3FF	Border#TabOutline > Panel > StackPanel > Path#TabIcon @TabItem#TabRecorder	TabIcon
ana-ayarlar	pressed	yazi	14.74	#020706	#00F3FF	Panel > StackPanel > ContentPresenter#PART_ContentPresenter > TextBlock @TabItem#TabRecorder	Recorder
ana-ayarlar	focus-visible	simge	14.74	#020706	#00F3FF	Border#TabOutline > Panel > StackPanel > Path#TabIcon @TabItem#TabRecorder	TabIcon
ana-ayarlar	focus-visible	yazi	14.74	#020706	#00F3FF	Panel > StackPanel > ContentPresenter#PART_ContentPresenter > TextBlock @TabItem#TabRecorder	Recorder
ana-ayarlar	selected	simge	14.74	#020706	#00F3FF	Border#TabOutline > Panel > StackPanel > Path#TabIcon @TabItem#TabRecorder	TabIcon
ana-ayarlar	selected	yazi	14.74	#020706	#00F3FF	Panel > StackPanel > ContentPresenter#PART_ContentPresenter > TextBlock @TabItem#TabRecorder	Recorder
ana-ayarlar	pressed	simge	14.74	#020706	#00F3FF	Border#TabOutline > Panel > StackPanel > Path#TabIcon @TabItem#TabAdvanced	TabIcon
ana-ayarlar	pressed	yazi	14.74	#020706	#00F3FF	Panel > StackPanel > ContentPresenter#PART_ContentPresenter > TextBlock @TabItem#TabAdvanced	Advanced
ana-ayarlar	focus-visible	simge	14.74	#020706	#00F3FF	Border#TabOutline > Panel > StackPanel > Path#TabIcon @TabItem#TabAdvanced	TabIcon
ana-ayarlar	focus-visible	yazi	14.74	#020706	#00F3FF	Panel > StackPanel > ContentPresenter#PART_ContentPresenter > TextBlock @TabItem#TabAdvanced	Advanced
ana-ayarlar	selected	simge	14.74	#020706	#00F3FF	Border#TabOutline > Panel > StackPanel > Path#TabIcon @TabItem#TabAdvanced	TabIcon
ana-ayarlar	selected	yazi	14.74	#020706	#00F3FF	Panel > StackPanel > ContentPresenter#PART_ContentPresenter > TextBlock @TabItem#TabAdvanced	Advanced
ana-ayarlar	pressed	simge	14.74	#020706	#00F3FF	Border#TabOutline > Panel > StackPanel > Path#TabIcon @TabItem#TabSettings	TabIcon
ana-ayarlar	pressed	yazi	14.74	#020706	#00F3FF	Panel > StackPanel > ContentPresenter#PART_ContentPresenter > TextBlock @TabItem#TabSettings	Settings
ana-ayarlar	focus-visible	simge	14.74	#020706	#00F3FF	Border#TabOutline > Panel > StackPanel > Path#TabIcon @TabItem#TabSettings	TabIcon
ana-ayarlar	focus-visible	yazi	14.74	#020706	#00F3FF	Panel > StackPanel > ContentPresenter#PART_ContentPresenter > TextBlock @TabItem#TabSettings	Settings
ana-ayarlar	selected	simge	14.74	#020706	#00F3FF	Border#TabOutline > Panel > StackPanel > Path#TabIcon @TabItem#TabSettings	TabIcon
ana-ayarlar	selected	yazi	14.74	#020706	#00F3FF	Panel > StackPanel > ContentPresenter#PART_ContentPresenter > TextBlock @TabItem#TabSettings	Settings
ana-ayarlar	pressed	yazi	14.74	#020706	#00F3FF	Panel > ContentPresenter#PART_ContentPresenter > StackPanel > TextBlock#TxtUpdateBadge @Button#BtnUpdateBadge	Örnek 0.9
ana-ayarlar	focus-visible	yazi	14.74	#020706	#00F3FF	Panel > ContentPresenter#PART_ContentPresenter > StackPanel > TextBlock#TxtUpdateBadge @Button#BtnUpdateBadge	Örnek 0.9
ana-ayarlar	pointerover	yazi	14.74	#020706	#00F3FF	Border#Root > Panel > ContentPresenter#PART_ContentPresenter > TextBlock	English
ana-ayarlar	focus-visible	yazi	14.74	#020706	#00F3FF	Border#Root > Panel > ContentPresenter#PART_ContentPresenter > TextBlock	English
ana-ayarlar	edilgen	yazi	14.74	#020706	#00F3FF	Border#Root > Panel > ContentPresenter#PART_ContentPresenter > TextBlock	English
ana-ayarlar	pressed	simge	14.74	#020706	#00F3FF	Panel > ContentPresenter#PART_ContentPresenter > StackPanel > Path @Button#BtnGitHub	Path
ana-ayarlar	pressed	yazi	14.74	#020706	#00F3FF	Panel > ContentPresenter#PART_ContentPresenter > StackPanel > TextBlock#TxtGitHub @Button#BtnGitHub	Teknesyum
ana-ayarlar	focus-visible	simge	14.74	#020706	#00F3FF	Panel > ContentPresenter#PART_ContentPresenter > StackPanel > Path @Button#BtnGitHub	Path
ana-ayarlar	focus-visible	yazi	14.74	#020706	#00F3FF	Panel > ContentPresenter#PART_ContentPresenter > StackPanel > TextBlock#TxtGitHub @Button#BtnGitHub	Teknesyum
ana-ayarlar	focus-visible	simge	14.74	#020706	#00F3FF	Border#Root > Panel > ContentPresenter#PART_ContentPresenter > Path @Button#BtnMinimize	Path
ana-ayarlar	edilgen	simge	14.74	#020706	#00F3FF	Border#Root > Panel > ContentPresenter#PART_ContentPresenter > Path @Button#BtnMinimize	Path
ana-ayarlar	focus-visible	simge	14.74	#020706	#00F3FF	Border#Root > Panel > ContentPresenter#PART_ContentPresenter > Path#MaximizeGlyph @Button#BtnMaximize	MaximizeGlyph
ana-ayarlar	edilgen	simge	14.74	#020706	#00F3FF	Border#Root > Panel > ContentPresenter#PART_ContentPresenter > Path#MaximizeGlyph @Button#BtnMaximize	MaximizeGlyph
ana-kucult	dinlenik	yazi	14.75	#060608	#00F3FF	Border#Root > Panel > ContentPresenter#PART_ContentPresenter > TextBlock @Button#BtnZoomIn	+
ana-kucult	focus-visible	yazi	14.75	#060608	#00F3FF	Border#Root > Panel > ContentPresenter#PART_ContentPresenter > TextBlock @Button#BtnZoomIn	+
ana-kucult	dinlenik	simge	14.76	#050507	#00F3FF	Border#Root > Panel > ContentPresenter#PART_ContentPresenter > Path @Button#BtnPanelMaximize	Path
ana-kucult	dinlenik	simge	14.76	#050507	#00F3FF	Border#Root > Panel > ContentPresenter#PART_ContentPresenter > Path @Button#BtnPanelFullScreen	Path
ana-kucult	dinlenik	simge	14.76	#050508	#00F3FF	Border#Root > Panel > ContentPresenter#PART_ContentPresenter > Path @Button#BtnPanelMaximize	Path
ana-kucult	dinlenik	simge	14.76	#050508	#00F3FF	Border#Root > Panel > ContentPresenter#PART_ContentPresenter > Path @Button#BtnPanelFullScreen	Path
ana-kucult	focus-visible	simge	14.76	#050508	#00F3FF	Border#Root > Panel > ContentPresenter#PART_ContentPresenter > Path @Button#BtnPanelMaximize	Path
ana-kucult	focus-visible	simge	14.76	#050508	#00F3FF	Border#Root > Panel > ContentPresenter#PART_ContentPresenter > Path @Button#BtnPanelFullScreen	Path
ana-kaydedici	pressed	yazi	14.76	#112C2F	#FFFFFF	Border#Root > Panel > ContentPresenter#PART_ContentPresenter > TextBlock @Button#BtnCountdownCancel	Cancel
ana-kaydedici	pressed	yazi	14.78	#122B30	#FFFFFF	Border#Root > Panel > ContentPresenter#PART_ContentPresenter > TextBlock @Button#BtnBrowse	Browse…
ana-kaydedici	pressed	yazi	14.80	#122B30	#FFFFFF	Border#Root > Panel > ContentPresenter#PART_ContentPresenter > TextBlock @Button#BtnWindowRefresh	Refresh
ana-kucult	pressed	yazi	14.81	#122B30	#FFFFFF	Border#Root > Panel > ContentPresenter#PART_ContentPresenter > TextBlock @Button#BtnShareCopy	Copy
ana-gelismis	pressed	simge	14.81	#122B30	#FFFFFF	Border#Root > Panel > ContentPresenter#PART_ContentPresenter > Path#GlyphPerformance @Button#BtnPerformanceExpand	GlyphPerformance
ana-kaydedici	pressed	yazi	14.83	#122B30	#FFFFFF	Border#Root > Panel > ContentPresenter#PART_ContentPresenter > TextBlock @Button#BtnAudioRefresh	Refresh the List
ana-donustur	pressed	yazi	14.84	#122B30	#FFFFFF	Border#Root > Panel > ContentPresenter#PART_ContentPresenter > TextBlock @ScrollViewer#PageConvert	Browse Source
ana-kaydedici	pressed	yazi	14.87	#102B2F	#FFFFFF	Border#Root > Panel > ContentPresenter#PART_ContentPresenter > TextBlock @Button#BtnReplaySave	Save Last 30 s
ana-kaydedici	pressed	yazi	14.87	#102B2F	#FFFFFF	Border#Root > Panel > ContentPresenter#PART_ContentPresenter > TextBlock @Button#BtnResume	Resume
ana-kucult	pressed	yazi	14.92	#122B2F	#FFFFFF	Border#Root > Panel > ContentPresenter#PART_ContentPresenter > TextBlock @Button#BtnShare	Share the File
ana-ayarlar	pressed	yazi	14.92	#102B2F	#FFFFFF	Border#Root > Panel > ContentPresenter#PART_ContentPresenter > TextBlock @Button#BtnBrowseFfmpegPath	Browse…
ana-kaydedici	pressed	yazi	14.93	#102B2F	#FFFFFF	Border#Root > Panel > ContentPresenter#PART_ContentPresenter > TextBlock @Button#BtnSnapshot	Snapshot
ana-kucult	pressed	yazi	14.94	#102B2F	#FFFFFF	Border#Root > Panel > ContentPresenter#PART_ContentPresenter > TextBlock @Button#Chip100	100
ana-kucult	pressed	yazi	14.98	#112A2F	#FFFFFF	Border#Root > Panel > ContentPresenter#PART_ContentPresenter > TextBlock @Button#BtnBrowseEmpty	Browse
ana-kucult	pressed	yazi	15.05	#102A2E	#FFFFFF	Border#Root > Panel > ContentPresenter#PART_ContentPresenter > TextBlock @Button#Chip25	25
ana-kucult	pressed	simge	15.05	#112A2E	#FFFFFF	Border#Root > Panel > ContentPresenter#PART_ContentPresenter > Path#GlyphPlanReasons @Button#BtnPlanReasons	GlyphPlanReasons
ana-ayarlar	pressed	yazi	15.07	#102A2E	#FFFFFF	Border#Root > Panel > ContentPresenter#PART_ContentPresenter > TextBlock @Button#BtnBrowseOutputFolder	Browse…
ana-kaydedici	pressed	yazi	15.10	#112A2E	#FFFFFF	Border#Root > Panel > ContentPresenter#PART_ContentPresenter > TextBlock @Button#BtnAutoMeasure	Measure Again
ana-gelismis	pressed	yazi	15.11	#112A2E	#FFFFFF	Border#Root > Panel > ContentPresenter#PART_ContentPresenter > TextBlock @ScrollViewer#PageAdvanced	Apply Pasted JSON
ana-kucult	pressed	yazi	15.12	#102A2E	#FFFFFF	Border#Root > Panel > ContentPresenter#PART_ContentPresenter > TextBlock @Button#ChipWhatsApp	16
ana-kaydedici	pressed	yazi	15.12	#102A2E	#FFFFFF	Border#Root > Panel > ContentPresenter#PART_ContentPresenter > TextBlock @Button#BtnRecShareCopy	Copy
ana-gelismis	pressed	yazi	15.13	#102A2E	#FFFFFF	Border#Root > Panel > ContentPresenter#PART_ContentPresenter > TextBlock @Button#BtnRevert	Back to automatic
ana-kucult	pressed	yazi	15.14	#102A2E	#FFFFFF	Border#Root > Panel > ContentPresenter#PART_ContentPresenter > TextBlock @Button#Chip8	8
ana-kucult	pressed	yazi	15.16	#10292E	#FFFFFF	Border#Root > Panel > ContentPresenter#PART_ContentPresenter > TextBlock @Button#ChipHalf	Half
ana-kucult	pressed	yazi	15.16	#102A2E	#FFFFFF	Panel > ContentPresenter#PART_ContentPresenter > Grid > TextBlock#TxtFrameSummary @Button#BtnFrameToggle	May Lower Resolution · May Lower Frame R…
ana-kaydedici	pressed	yazi	15.17	#10292E	#FFFFFF	Border#Root > Panel > ContentPresenter#PART_ContentPresenter > TextBlock @Button#BtnToPlayer	Open in Player
ana-kucult	pressed	yazi	15.18	#10292E	#FFFFFF	Border#Root > Panel > ContentPresenter#PART_ContentPresenter > TextBlock @Button#ChipAddPreset	+
ana-gelismis	pressed	simge	15.18	#10292E	#FFFFFF	Border#Root > Panel > ContentPresenter#PART_ContentPresenter > Path#GlyphAiDetails @Button#BtnAiDetails	GlyphAiDetails
ana-gelismis	pressed	yazi	15.18	#10292E	#FFFFFF	Border#Root > Panel > ContentPresenter#PART_ContentPresenter > TextBlock @Button#BtnPerformanceRun	Run the Check
ana-kaydedici	pressed	yazi	15.19	#10292E	#FFFFFF	Border#Root > Panel > ContentPresenter#PART_ContentPresenter > TextBlock @Button#BtnReveal	Show in Folder
ana-kucult	pressed	yazi	15.21	#10292E	#FFFFFF	Panel > ContentPresenter#PART_ContentPresenter > Grid > TextBlock#TxtQualitySummary @Button#BtnQualityToggle	Automatic · Fill Target
ana-kaydedici	dinlenik	yazi	15.21	#242626	#FFFFFF	RadioButton#RadSimple > Grid > ContentPresenter#PART_ContentPresenter > TextBlock @RadioButton#RadSimple	Simple
ana-kaydedici	pointerover	yazi	15.21	#242626	#FFFFFF	RadioButton#RadSimple > Grid > ContentPresenter#PART_ContentPresenter > TextBlock @RadioButton#RadSimple	Simple
ana-kaydedici	pressed	yazi	15.21	#242626	#FFFFFF	RadioButton#RadSimple > Grid > ContentPresenter#PART_ContentPresenter > TextBlock @RadioButton#RadSimple	Simple
ana-kaydedici	focus-visible	yazi	15.21	#242626	#FFFFFF	RadioButton#RadSimple > Grid > ContentPresenter#PART_ContentPresenter > TextBlock @RadioButton#RadSimple	Simple
ana-kaydedici	checked	yazi	15.21	#242626	#FFFFFF	RadioButton#RadSimple > Grid > ContentPresenter#PART_ContentPresenter > TextBlock @RadioButton#RadSimple	Simple
ana-ayarlar	pressed	yazi	15.22	#10292D	#FFFFFF	Border#Root > Panel > ContentPresenter#PART_ContentPresenter > TextBlock @Button#BtnOpenSubtitlesKey	Get a Key
ana-ayarlar	pressed	yazi	15.22	#10292D	#FFFFFF	Border#Root > Panel > ContentPresenter#PART_ContentPresenter > TextBlock @Button#BtnOpenSubtitlesSignIn	Sign in
ana-oynatici	pressed	yazi	15.24	#10292E	#FFFFFF	Border#Root > Panel > ContentPresenter#PART_ContentPresenter > TextBlock @Button#BtnAppliedDismiss	×
ana-oynatici	pressed	yazi	15.24	#10292E	#FFFFFF	Border#Root > Panel > ContentPresenter#PART_ContentPresenter > TextBlock @Button#BtnNoticeDismiss	×
ana-kucult	pressed	yazi	15.24	#10292E	#FFFFFF	Border#Root > Panel > ContentPresenter#PART_ContentPresenter > TextBlock @Button#BtnAppliedDismiss	×
ana-kucult	pressed	yazi	15.24	#10292E	#FFFFFF	Border#Root > Panel > ContentPresenter#PART_ContentPresenter > TextBlock @Button#BtnNoticeDismiss	×
ana-donustur	pressed	yazi	15.24	#10292E	#FFFFFF	Border#Root > Panel > ContentPresenter#PART_ContentPresenter > TextBlock @Button#BtnAppliedDismiss	×
ana-donustur	pressed	yazi	15.24	#10292E	#FFFFFF	Border#Root > Panel > ContentPresenter#PART_ContentPresenter > TextBlock @Button#BtnNoticeDismiss	×
ana-kaydedici	pressed	yazi	15.24	#10292E	#FFFFFF	Border#Root > Panel > ContentPresenter#PART_ContentPresenter > TextBlock @Button#BtnAppliedDismiss	×
ana-kaydedici	pressed	yazi	15.24	#10292E	#FFFFFF	Border#Root > Panel > ContentPresenter#PART_ContentPresenter > TextBlock @Button#BtnNoticeDismiss	×
ana-gelismis	pressed	yazi	15.24	#10292E	#FFFFFF	Border#Root > Panel > ContentPresenter#PART_ContentPresenter > TextBlock @Button#BtnAppliedDismiss	×
ana-gelismis	pressed	yazi	15.24	#10292E	#FFFFFF	Border#Root > Panel > ContentPresenter#PART_ContentPresenter > TextBlock @Button#BtnNoticeDismiss	×
ana-ayarlar	pressed	yazi	15.24	#10292E	#FFFFFF	Border#Root > Panel > ContentPresenter#PART_ContentPresenter > TextBlock @Button#BtnAppliedDismiss	×
ana-ayarlar	pressed	yazi	15.24	#10292E	#FFFFFF	Border#Root > Panel > ContentPresenter#PART_ContentPresenter > TextBlock @Button#BtnNoticeDismiss	×
ana-kucult	pressed	yazi	15.25	#0F292D	#FFFFFF	Border#Root > Panel > ContentPresenter#PART_ContentPresenter > TextBlock @ScrollViewer#PageShrink	Browse
acilir-liste	pointerover	yazi	15.26	#00F3FF	#000000	ComboBoxItem > Border#ItemBorder > ContentPresenter#PART_ContentPresenter > TextBlock	Örnek seçenek
ana-kaydedici	pressed	simge	15.31	#0F292D	#FFFFFF	Border#Root > Panel > ContentPresenter#PART_ContentPresenter > Path @Button#BtnMini	Path
ana-kucult	pressed	yazi	15.32	#0F292D	#FFFFFF	Panel > ContentPresenter#PART_ContentPresenter > Grid > TextBlock#TxtAudioSummary @Button#BtnAudioToggle	Automatic · Automatic · Automatic
ana-kucult	pressed	yazi	15.43	#0F282C	#FFFFFF	Border#Root > Panel > ContentPresenter#PART_ContentPresenter > TextBlock @Button#BtnShareCancel	Cancel the Upload
ana-kucult	pressed	yazi	15.45	#0F282C	#FFFFFF	Border#Root > Panel > ContentPresenter#PART_ContentPresenter > TextBlock @Button#ChipArchive	Archive
ana-kucult	pressed	yazi	15.45	#0F282C	#FFFFFF	Border#Root > Panel > ContentPresenter#PART_ContentPresenter > TextBlock @Button#Chip134	134
ana-kucult	pressed	yazi	15.45	#0F282C	#FFFFFF	Border#Root > Panel > ContentPresenter#PART_ContentPresenter > TextBlock @Button#Chip180	180
ana-kucult	pressed	yazi	15.45	#0F282C	#FFFFFF	Border#Root > Panel > ContentPresenter#PART_ContentPresenter > TextBlock @Button#BtnPresetUndo	Undo
ana-kucult	pressed	simge	15.45	#0F282C	#FFFFFF	Panel > ContentPresenter#PART_ContentPresenter > Grid > Path#GlyphQuality @Button#BtnQualityToggle	GlyphQuality
ana-kucult	pressed	simge	15.45	#0F282C	#FFFFFF	Panel > ContentPresenter#PART_ContentPresenter > Grid > Path#GlyphAudio @Button#BtnAudioToggle	GlyphAudio
ana-kucult	pressed	yazi	15.45	#0F282C	#FFFFFF	Border#Root > Panel > ContentPresenter#PART_ContentPresenter > TextBlock @Button#BtnAddSubtitle	Add Subtitle File
ana-kucult	pressed	simge	15.45	#0F282C	#FFFFFF	Panel > ContentPresenter#PART_ContentPresenter > Grid > Path#GlyphFrame @Button#BtnFrameToggle	GlyphFrame
ana-kucult	pressed	simge	15.45	#0F282C	#FFFFFF	Panel > ContentPresenter#PART_ContentPresenter > Grid > Path#GlyphAdvanced @Button#BtnAdvancedToggle	GlyphAdvanced
ana-kucult	pressed	yazi	15.45	#0F282C	#FFFFFF	Panel > ContentPresenter#PART_ContentPresenter > Grid > TextBlock#TxtAdvancedSummary @Button#BtnAdvancedToggle	All Automatic
ana-kucult	pressed	yazi	15.45	#0F282C	#FFFFFF	Border#Root > Panel > ContentPresenter#PART_ContentPresenter > TextBlock @Button#BtnReveal	Show in Folder
ana-gelismis	pressed	yazi	15.45	#0F282C	#FFFFFF	Border#Root > Panel > ContentPresenter#PART_ContentPresenter > TextBlock @ScrollViewer#PageAdvanced	Copy Prompt
ana-ayarlar	pressed	yazi	15.45	#0F282C	#FFFFFF	Border#Root > Panel > ContentPresenter#PART_ContentPresenter > TextBlock @Button#BtnOpenSubtitlesSignOut	Sign Out
ana-ayarlar	pressed	yazi	15.45	#0F282C	#FFFFFF	Border#Root > Panel > ContentPresenter#PART_ContentPresenter > TextBlock @PlayerAdvancedPanel#PlayerAdvancedPanel	-
ana-ayarlar	pressed	yazi	15.45	#0F282C	#FFFFFF	Border#Root > Panel > ContentPresenter#PART_ContentPresenter > TextBlock @Button#BtnReset	Reset Everything
ana-ayarlar	pressed	yazi	15.45	#0F282C	#FFFFFF	Border#Root > Panel > ContentPresenter#PART_ContentPresenter > TextBlock @Button#BtnOpenLog	Open the Log
ana-ayarlar	pressed	yazi	15.45	#0F282C	#FFFFFF	Border#Root > Panel > ContentPresenter#PART_ContentPresenter > TextBlock @Button#BtnResetSettings	Reset All Settings
ana-ayarlar	pressed	yazi	15.45	#0F282C	#FFFFFF	Border#Root > Panel > ContentPresenter#PART_ContentPresenter > TextBlock @Button#BtnConfirmResetSettings	Reset Settings
ana-ayarlar	pressed	yazi	15.45	#0F282C	#FFFFFF	Border#Root > Panel > ContentPresenter#PART_ContentPresenter > TextBlock @Button#BtnCancelResetSettings	Cancel
ana-gelismis	pressed	yazi	15.46	#0F282C	#FFFFFF	Border#Root > Panel > ContentPresenter#PART_ContentPresenter > TextBlock @Button#BtnHideAdvanced	Close
ana-kucult	dinlenik	yazi	16.96	#2C132E	#FFFFFF	Border#RetryAskPanel > StackPanel > StackPanel#RetryTrimPanel > TextBlock#TxtTrimRange @ScrollViewer#PageShrink	Örnek 0.9
ana-kucult	dinlenik	yazi	16.96	#2C132E	#FFFFFF	StackPanel > Border#RetryAskPanel > StackPanel > TextBlock#TxtRetryMeaning @ScrollViewer#PageShrink	Örnek 0.9
ana-kucult	dinlenik	yazi	16.99	#2C122E	#FFFFFF	RadioButton#RbTrimBoth > Grid > ContentPresenter#PART_ContentPresenter > TextBlock @RadioButton#RbTrimBoth	From Both
ana-kucult	pointerover	yazi	16.99	#2C122E	#FFFFFF	RadioButton#RbTrimBoth > Grid > ContentPresenter#PART_ContentPresenter > TextBlock @RadioButton#RbTrimBoth	From Both
ana-kucult	pressed	yazi	16.99	#2C122E	#FFFFFF	RadioButton#RbTrimBoth > Grid > ContentPresenter#PART_ContentPresenter > TextBlock @RadioButton#RbTrimBoth	From Both
ana-kucult	focus-visible	yazi	16.99	#2C122E	#FFFFFF	RadioButton#RbTrimBoth > Grid > ContentPresenter#PART_ContentPresenter > TextBlock @RadioButton#RbTrimBoth	From Both
ana-kucult	checked	yazi	16.99	#2C122E	#FFFFFF	RadioButton#RbTrimBoth > Grid > ContentPresenter#PART_ContentPresenter > TextBlock @RadioButton#RbTrimBoth	From Both
ana-kucult	dinlenik	yazi	17.00	#2C132E	#FFFFFF	StackPanel > Border#RetryAskPanel > StackPanel > TextBlock#TxtRetryOutcome @ScrollViewer#PageShrink	Örnek 0.9
ana-oynatici	pressed	yazi	17.22	#021F1F	#FFFFFF	Border#Root > Panel > ContentPresenter#PART_ContentPresenter > TextBlock	Türkçe
ana-kucult	pressed	yazi	17.22	#021F1F	#FFFFFF	Border#Root > Panel > ContentPresenter#PART_ContentPresenter > TextBlock	Türkçe
ana-donustur	pressed	yazi	17.22	#021F1F	#FFFFFF	Border#Root > Panel > ContentPresenter#PART_ContentPresenter > TextBlock	Türkçe
ana-kaydedici	pressed	yazi	17.22	#021F1F	#FFFFFF	Border#Root > Panel > ContentPresenter#PART_ContentPresenter > TextBlock	Türkçe
ana-gelismis	pressed	yazi	17.22	#021F1F	#FFFFFF	Border#Root > Panel > ContentPresenter#PART_ContentPresenter > TextBlock	Türkçe
ana-ayarlar	pressed	yazi	17.22	#021F1F	#FFFFFF	Border#Root > Panel > ContentPresenter#PART_ContentPresenter > TextBlock	Türkçe
ana-kucult	dinlenik	yazi	17.24	#2A112C	#FFFFFF	Border#Root > Panel > ContentPresenter#PART_ContentPresenter > TextBlock @Button#BtnRetryStop	Leave It as Is
ana-kucult	focus-visible	yazi	17.24	#2A112C	#FFFFFF	Border#Root > Panel > ContentPresenter#PART_ContentPresenter > TextBlock @Button#BtnRetryStop	Leave It as Is
ana-oynatici	pressed	simge	17.42	#041D20	#FFFFFF	Border#Root > Panel > ContentPresenter#PART_ContentPresenter > Path#GlyphSeritVolume @Button#BtnSeritMute	GlyphSeritVolume
ana-oynatici	pressed	simge	17.42	#041D20	#FFFFFF	Panel > ContentPresenter#PART_ContentPresenter > StackPanel > Path @Button#BtnSeritBack	Path
ana-oynatici	pressed	yazi	17.42	#041D20	#FFFFFF	Panel > ContentPresenter#PART_ContentPresenter > StackPanel > TextBlock#TxtSeritBack @Button#BtnSeritBack	−10
ana-oynatici	pressed	simge	17.42	#041D20	#FFFFFF	Border#Root > Panel > ContentPresenter#PART_ContentPresenter > Path#GlyphSeritPlay @Button#BtnSeritPlay	GlyphSeritPlay
ana-oynatici	pressed	yazi	17.42	#041D20	#FFFFFF	Panel > ContentPresenter#PART_ContentPresenter > StackPanel > TextBlock#TxtSeritForward @Button#BtnSeritForward	+10
ana-oynatici	pressed	simge	17.42	#041D20	#FFFFFF	Panel > ContentPresenter#PART_ContentPresenter > StackPanel > Path @Button#BtnSeritForward	Path
ana-oynatici	pressed	simge	17.42	#041D20	#FFFFFF	Border#Root > Panel > ContentPresenter#PART_ContentPresenter > Path @Button#BtnSeritSpeedReset	Path
ana-oynatici	pressed	simge	17.42	#041D20	#FFFFFF	Border#Root > Panel > ContentPresenter#PART_ContentPresenter > Path @Button#BtnSeritFullScreen	Path
ana-kucult	dinlenik	yazi	17.45	#29102B	#FFFFFF	RadioButton#RbTrimEnd > Grid > ContentPresenter#PART_ContentPresenter > TextBlock @RadioButton#RbTrimEnd	From the End
ana-kucult	pointerover	yazi	17.45	#29102B	#FFFFFF	RadioButton#RbTrimEnd > Grid > ContentPresenter#PART_ContentPresenter > TextBlock @RadioButton#RbTrimEnd	From the End
ana-kucult	pressed	yazi	17.45	#29102B	#FFFFFF	RadioButton#RbTrimEnd > Grid > ContentPresenter#PART_ContentPresenter > TextBlock @RadioButton#RbTrimEnd	From the End
ana-kucult	focus-visible	yazi	17.45	#29102B	#FFFFFF	RadioButton#RbTrimEnd > Grid > ContentPresenter#PART_ContentPresenter > TextBlock @RadioButton#RbTrimEnd	From the End
ana-kucult	checked	yazi	17.45	#29102B	#FFFFFF	RadioButton#RbTrimEnd > Grid > ContentPresenter#PART_ContentPresenter > TextBlock @RadioButton#RbTrimEnd	From the End
ana-kucult	dinlenik	yazi	17.47	#29102B	#FFFFFF	RadioButton#RbTrimStart > Grid > ContentPresenter#PART_ContentPresenter > TextBlock @RadioButton#RbTrimStart	From the Start
ana-kucult	pointerover	yazi	17.47	#29102B	#FFFFFF	RadioButton#RbTrimStart > Grid > ContentPresenter#PART_ContentPresenter > TextBlock @RadioButton#RbTrimStart	From the Start
ana-kucult	pressed	yazi	17.47	#29102B	#FFFFFF	RadioButton#RbTrimStart > Grid > ContentPresenter#PART_ContentPresenter > TextBlock @RadioButton#RbTrimStart	From the Start
ana-kucult	focus-visible	yazi	17.47	#29102B	#FFFFFF	RadioButton#RbTrimStart > Grid > ContentPresenter#PART_ContentPresenter > TextBlock @RadioButton#RbTrimStart	From the Start
ana-kucult	checked	yazi	17.47	#29102B	#FFFFFF	RadioButton#RbTrimStart > Grid > ContentPresenter#PART_ContentPresenter > TextBlock @RadioButton#RbTrimStart	From the Start
ana-kucult	dinlenik	yazi	17.82	#16181B	#FFFFFF	Grid > ScrollContentPresenter#PART_ContentPresenter > StackPanel#PlanBody > TextBlock#TxtPlanEmpty @ScrollViewer#PlanScroll	Load a file and every decision the engin…
ana-kucult	dinlenik	yazi	17.85	#15181A	#FFFFFF	StackPanel > StackPanel > StackPanel > TextBlock#TxtEstimateRange @ScrollViewer#PageShrink	Örnek 0.9
ana-kucult	dinlenik	yazi	17.88	#15181A	#FFFFFF	Border#OutputPanel > StackPanel > Grid > TextBlock#TxtResult @ScrollViewer#PageShrink	Örnek 0.9
ana-kucult	dinlenik	yazi	17.89	#15181A	#FFFFFF	StackPanel > Border#OutputPanel > StackPanel > TextBlock#TxtEstimateNote @ScrollViewer#PageShrink	Örnek 0.9
ana-ayarlar	dinlenik	yazi	17.91	#12181A	#FFFFFF	StackPanel > Grid > StackPanel > TextBlock @ScrollViewer#PageSettings	Opens the advanced section automatically…
ana-kaydedici	dinlenik	yazi	17.96	#15171A	#FFFFFF	Border#Root > Panel > ContentPresenter#PART_ContentPresenter > TextBlock @Button#BtnRecShare	Share the File
ana-kaydedici	focus-visible	yazi	17.96	#15171A	#FFFFFF	Border#Root > Panel > ContentPresenter#PART_ContentPresenter > TextBlock @Button#BtnRecShare	Share the File
ana-kucult	dinlenik	yazi	17.97	#13181A	#FFFFFF	Border#OutputPanel > StackPanel > StackPanel > TextBlock#TxtDurationRange @ScrollViewer#PageShrink	Örnek 0.9
ana-kaydedici	dinlenik	yazi	17.98	#15171A	#FFFFFF	Border#Root > Panel > ContentPresenter#PART_ContentPresenter > TextBlock @Button#BtnRecShareCancel	Cancel the Upload
ana-kaydedici	focus-visible	yazi	17.98	#15171A	#FFFFFF	Border#Root > Panel > ContentPresenter#PART_ContentPresenter > TextBlock @Button#BtnRecShareCancel	Cancel the Upload
ana-donustur	dinlenik	yazi	17.99	#15171A	#FFFFFF	Border#Root > Panel > ContentPresenter#PART_ContentPresenter > TextBlock @Button#BtnConvertReveal	Show in Folder
ana-donustur	focus-visible	yazi	17.99	#15171A	#FFFFFF	Border#Root > Panel > ContentPresenter#PART_ContentPresenter > TextBlock @Button#BtnConvertReveal	Show in Folder
ana-ayarlar	dinlenik	yazi	17.99	#121719	#FFFFFF	CheckBox#ChkAdvancedDefaultOpen > Grid > ContentPresenter#PART_ContentPresenter > TextBlock @CheckBox#ChkAdvancedDefaultOpen	Show Advanced Options Expanded by Defaul…
ana-ayarlar	pointerover	yazi	17.99	#121719	#FFFFFF	CheckBox#ChkAdvancedDefaultOpen > Grid > ContentPresenter#PART_ContentPresenter > TextBlock @CheckBox#ChkAdvancedDefaultOpen	Show Advanced Options Expanded by Defaul…
ana-ayarlar	pressed	yazi	17.99	#121719	#FFFFFF	CheckBox#ChkAdvancedDefaultOpen > Grid > ContentPresenter#PART_ContentPresenter > TextBlock @CheckBox#ChkAdvancedDefaultOpen	Show Advanced Options Expanded by Defaul…
ana-ayarlar	focus-visible	yazi	17.99	#121719	#FFFFFF	CheckBox#ChkAdvancedDefaultOpen > Grid > ContentPresenter#PART_ContentPresenter > TextBlock @CheckBox#ChkAdvancedDefaultOpen	Show Advanced Options Expanded by Defaul…
ana-ayarlar	checked	yazi	17.99	#121719	#FFFFFF	CheckBox#ChkAdvancedDefaultOpen > Grid > ContentPresenter#PART_ContentPresenter > TextBlock @CheckBox#ChkAdvancedDefaultOpen	Show Advanced Options Expanded by Defaul…
ana-kucult	dinlenik	yazi	18.00	#121719	#FFFFFF	StackPanel > SutunIzgara#OutputFacts > StackPanel > TextBlock#TxtRemaining @ScrollViewer#PageShrink	-
ana-kucult	dinlenik	yazi	18.01	#121719	#FFFFFF	StackPanel > StackPanel > StackPanel > TextBlock#TxtEstimateValue @ScrollViewer#PageShrink	-
ana-ayarlar	dinlenik	yazi	18.01	#121719	#FFFFFF	StackPanel > Grid#LanguageThemeRow > StackPanel > TextBlock @ScrollViewer#PageSettings	Changes every colour in the program and …
ana-kaydedici	dinlenik	yazi	18.02	#15161A	#FFFFFF	Border#Root > Panel > ContentPresenter#PART_ContentPresenter > TextBlock @Button#BtnTrimIdle	Trim Idle Parts
ana-kaydedici	focus-visible	yazi	18.02	#15161A	#FFFFFF	Border#Root > Panel > ContentPresenter#PART_ContentPresenter > TextBlock @Button#BtnTrimIdle	Trim Idle Parts
ana-kucult	dinlenik	yazi	18.06	#121719	#FFFFFF	StackPanel > SutunIzgara#OutputFacts > StackPanel > TextBlock#TxtDurationValue @ScrollViewer#PageShrink	-
ana-kucult	dinlenik	yazi	18.09	#121719	#FFFFFF	StackPanel > SutunIzgara#OutputFacts > StackPanel > TextBlock#TxtStage @ScrollViewer#PageShrink	Idle
ana-ayarlar	dinlenik	yazi	18.10	#141619	#FFFFFF	Border#Root > Panel > ContentPresenter#PART_ContentPresenter > TextBlock @Button#BtnOpenSubtitlesKey	Get a Key
ana-kucult	dinlenik	simge	18.11	#141619	#FFFFFF	Border#Root > Panel > ContentPresenter#PART_ContentPresenter > Path#GlyphRestart @Button#Restart	GlyphRestart
ana-kucult	focus-visible	simge	18.11	#141619	#FFFFFF	Border#Root > Panel > ContentPresenter#PART_ContentPresenter > Path#GlyphRestart @Button#Restart	GlyphRestart
ana-kaydedici	dinlenik	yazi	18.13	#121618	#FFFFFF	Border#Root > Panel > ContentPresenter#PART_ContentPresenter > TextBlock @Button#BtnReplay	Start Buffer
ana-kaydedici	focus-visible	yazi	18.13	#121618	#FFFFFF	Border#Root > Panel > ContentPresenter#PART_ContentPresenter > TextBlock @Button#BtnReplay	Start Buffer
ana-kaydedici	dinlenik	yazi	18.14	#121618	#FFFFFF	Border#Root > Panel > ContentPresenter#PART_ContentPresenter > TextBlock @Button#BtnPause	Pause
ana-kaydedici	dinlenik	yazi	18.14	#141619	#FFFFFF	Border#Root > Panel > ContentPresenter#PART_ContentPresenter > TextBlock @Button#BtnToMp4	Save as MP4
ana-kaydedici	focus-visible	yazi	18.14	#121618	#FFFFFF	Border#Root > Panel > ContentPresenter#PART_ContentPresenter > TextBlock @Button#BtnPause	Pause
ana-kaydedici	focus-visible	yazi	18.14	#141619	#FFFFFF	Border#Root > Panel > ContentPresenter#PART_ContentPresenter > TextBlock @Button#BtnToMp4	Save as MP4
ana-ayarlar	dinlenik	yazi	18.16	#141619	#FFFFFF	Border#Root > Panel > ContentPresenter#PART_ContentPresenter > TextBlock @Button#BtnResetOutputName	Default
ana-ayarlar	focus-visible	yazi	18.16	#141619	#FFFFFF	Border#Root > Panel > ContentPresenter#PART_ContentPresenter > TextBlock @Button#BtnResetOutputName	Default
ana-kucult	dinlenik	yazi	18.20	#151519	#FFFFFF	Grid > ScrollContentPresenter#PART_ContentPresenter > StackPanel#PlanBody > TextBlock#TxtPlanEmpty @ScrollViewer#PlanScroll	Load a file and every decision the engin…
ana-kucult	dinlenik	simge	18.21	#131618	#FFFFFF	Border#Root > Panel > ContentPresenter#PART_ContentPresenter > Path#GlyphPlayPause @Button#PlayPause	GlyphPlayPause
ana-kucult	focus-visible	simge	18.21	#131618	#FFFFFF	Border#Root > Panel > ContentPresenter#PART_ContentPresenter > Path#GlyphPlayPause @Button#PlayPause	GlyphPlayPause
ana-kucult	dinlenik	yazi	18.23	#141518	#FFFFFF	ContentPresenter#PART_ContentPresenter > Border#Bar > Grid > TextBlock#TimeText @ControlStrip#Strip	--:-- / --:--
ana-kaydedici	dinlenik	yazi	18.27	#141518	#FFFFFF	Border#PanelOptions > StackPanel > StackPanel#PanelAutoResult > TextBlock#TxtAutoSummary @ScrollViewer#PageRecorder	Örnek 0.9
ana-kaydedici	dinlenik	yazi	18.27	#141518	#FFFFFF	Border#Root > Panel > ContentPresenter#PART_ContentPresenter > TextBlock @Button#BtnBrowse	Browse…
ana-kaydedici	focus-visible	yazi	18.27	#141518	#FFFFFF	Border#Root > Panel > ContentPresenter#PART_ContentPresenter > TextBlock @Button#BtnBrowse	Browse…
ana-ayarlar	dinlenik	yazi	18.27	#141518	#FFFFFF	RadioButton#RbOutputBesideSource > Grid > ContentPresenter#PART_ContentPresenter > TextBlock @RadioButton#RbOutputBesideSource	Next to the Source File
ana-kucult	dinlenik	yazi	18.28	#141518	#FFFFFF	StackPanel > Panel#DropZone > StackPanel > TextBlock#TxtDropHint @ScrollViewer#PageShrink	Any format FFmpeg can open
ana-kucult	dinlenik	yazi	18.28	#141518	#FFFFFF	Grid > Grid#Stage > StackPanel#EmptyState > TextBlock#EmptyHint @ComparisonPanel#Preview	Load a file to see the two sides
ana-kaydedici	dinlenik	yazi	18.28	#141518	#FFFFFF	Grid > SutunIzgara#StripStats > StackPanel > TextBlock#TxtElapsed @ScrollViewer#PageRecorder	00:00
ana-kaydedici	dinlenik	yazi	18.28	#141518	#FFFFFF	Border#Root > Panel > ContentPresenter#PART_ContentPresenter > TextBlock @Button#BtnWindowRefresh	Refresh
ana-kaydedici	focus-visible	yazi	18.28	#141518	#FFFFFF	Border#Root > Panel > ContentPresenter#PART_ContentPresenter > TextBlock @Button#BtnWindowRefresh	Refresh
ana-kucult	dinlenik	yazi	18.29	#141518	#FFFFFF	Border#Root > Panel > ContentPresenter#PART_ContentPresenter > TextBlock @Button#BtnBrowseEmpty	Browse
ana-kucult	dinlenik	yazi	18.29	#141518	#FFFFFF	Border#Root > Panel > ContentPresenter#PART_ContentPresenter > TextBlock @Button#Chip134	134
ana-kucult	dinlenik	yazi	18.29	#141518	#FFFFFF	Border#Root > Panel > ContentPresenter#PART_ContentPresenter > TextBlock @Button#BtnShareCopy	Copy
ana-kucult	focus-visible	yazi	18.29	#141518	#FFFFFF	Border#Root > Panel > ContentPresenter#PART_ContentPresenter > TextBlock @Button#BtnShareCopy	Copy
ana-kaydedici	dinlenik	yazi	18.29	#121518	#FFFFFF	Border#Root > Panel > ContentPresenter#PART_ContentPresenter > TextBlock @Button#BtnCountdownCancel	Cancel
ana-kaydedici	focus-visible	yazi	18.29	#121518	#FFFFFF	Border#Root > Panel > ContentPresenter#PART_ContentPresenter > TextBlock @Button#BtnCountdownCancel	Cancel
ana-gelismis	dinlenik	simge	18.29	#141518	#FFFFFF	Border#Root > Panel > ContentPresenter#PART_ContentPresenter > Path#GlyphPerformance @Button#BtnPerformanceExpand	GlyphPerformance
ana-gelismis	focus-visible	simge	18.29	#141518	#FFFFFF	Border#Root > Panel > ContentPresenter#PART_ContentPresenter > Path#GlyphPerformance @Button#BtnPerformanceExpand	GlyphPerformance
ana-kaydedici	dinlenik	yazi	18.30	#141518	#FFFFFF	StackPanel > Border#Strip > Grid > TextBlock#TxtState @ScrollViewer#PageRecorder	Idle
ana-kucult	dinlenik	yazi	18.31	#141418	#FFFFFF	StackPanel > Panel#DropZone > StackPanel > TextBlock#TxtDropHint @ScrollViewer#PageShrink	Any format FFmpeg can open
ana-kaydedici	dinlenik	yazi	18.31	#141518	#FFFFFF	Border#Root > Panel > ContentPresenter#PART_ContentPresenter > TextBlock @Button#BtnAudioRefresh	Refresh the List
ana-kaydedici	focus-visible	yazi	18.31	#141518	#FFFFFF	Border#Root > Panel > ContentPresenter#PART_ContentPresenter > TextBlock @Button#BtnAudioRefresh	Refresh the List
ana-ayarlar	dinlenik	yazi	18.31	#141518	#FFFFFF	CheckBox#ChkFollowRecording > Grid > ContentPresenter#PART_ContentPresenter > TextBlock @CheckBox#ChkFollowRecording	Follow the Recording in Every Tab
ana-ayarlar	dinlenik	yazi	18.31	#141518	#FFFFFF	Border#GeneralSettingsPanel > StackPanel > StackPanel > TextBlock @ScrollViewer#PageSettings	When a recording stops, Shrink and Playe…
ana-ayarlar	dinlenik	yazi	18.31	#141518	#FFFFFF	StackPanel > Grid#LanguageThemeRow > StackPanel > TextBlock @ScrollViewer#PageSettings	Changes the interface language and is re…
ana-kucult	dinlenik	yazi	18.32	#141418	#FFFFFF	Border#Root > Panel > ContentPresenter#PART_ContentPresenter > TextBlock @Button#ChipArchive	Archive
ana-kucult	dinlenik	yazi	18.32	#131518	#FFFFFF	StackPanel > StackPanel > StackPanel > TextBlock#TxtEstimateValue @ScrollViewer#PageShrink	-
ana-donustur	dinlenik	yazi	18.32	#141418	#FFFFFF	Border#Root > Panel > ContentPresenter#PART_ContentPresenter > TextBlock @ScrollViewer#PageConvert	Browse Source
ana-donustur	focus-visible	yazi	18.32	#141418	#FFFFFF	Border#Root > Panel > ContentPresenter#PART_ContentPresenter > TextBlock @ScrollViewer#PageConvert	Browse Source
ana-kucult	dinlenik	yazi	18.34	#141418	#FFFFFF	Border#Root > Panel > ContentPresenter#PART_ContentPresenter > TextBlock @Button#ChipHalf	Half
ana-kucult	dinlenik	yazi	18.34	#141418	#FFFFFF	Border#Root > Panel > ContentPresenter#PART_ContentPresenter > TextBlock @Button#Chip180	180
ana-kaydedici	dinlenik	yazi	18.34	#141418	#FFFFFF	Border#Root > Panel > ContentPresenter#PART_ContentPresenter > TextBlock @Button#BtnAudioRefresh	Refresh the List
ana-ayarlar	dinlenik	yazi	18.34	#111517	#FFFFFF	Border#Root > Panel > ContentPresenter#PART_ContentPresenter > TextBlock @Button#BtnOpenSubtitlesSignIn	Sign in
ana-ayarlar	dinlenik	yazi	18.34	#121517	#FFFFFF	Border#Root > Panel > ContentPresenter#PART_ContentPresenter > TextBlock @Button#BtnOpenSubtitlesSignOut	Sign Out
ana-kaydedici	dinlenik	yazi	18.35	#121517	#FFFFFF	Grid > SutunIzgara#StripStats > StackPanel > TextBlock#TxtDropped @ScrollViewer#PageRecorder	0
ana-kucult	dinlenik	yazi	18.38	#121417	#FFFFFF	StackPanel > SutunIzgara#InfoGrid > StackPanel > TextBlock#TxtHdr @ScrollViewer#PageShrink	Örnek 0.9
ana-kaydedici	dinlenik	yazi	18.38	#121517	#FFFFFF	Border#Root > Panel > ContentPresenter#PART_ContentPresenter > TextBlock @Button#BtnReplaySave	Save Last 30 s
ana-kaydedici	dinlenik	yazi	18.38	#121517	#FFFFFF	Border#Root > Panel > ContentPresenter#PART_ContentPresenter > TextBlock @Button#BtnResume	Resume
ana-kaydedici	focus-visible	yazi	18.38	#121517	#FFFFFF	Border#Root > Panel > ContentPresenter#PART_ContentPresenter > TextBlock @Button#BtnReplaySave	Save Last 30 s
ana-kaydedici	focus-visible	yazi	18.38	#121517	#FFFFFF	Border#Root > Panel > ContentPresenter#PART_ContentPresenter > TextBlock @Button#BtnResume	Resume
ana-ayarlar	dinlenik	yazi	18.38	#141418	#FFFFFF	StackPanel > Grid > StackPanel > TextBlock @ScrollViewer#PageSettings	Sets the target size the Shrink tab open…
ana-kucult	dinlenik	yazi	18.39	#141418	#FFFFFF	Border#Root > Panel > ContentPresenter#PART_ContentPresenter > TextBlock @Button#BtnShare	Share the File
ana-kucult	focus-visible	yazi	18.39	#141418	#FFFFFF	Border#Root > Panel > ContentPresenter#PART_ContentPresenter > TextBlock @Button#BtnShare	Share the File
ana-kucult	dinlenik	yazi	18.41	#121417	#FFFFFF	StackPanel > SutunIzgara#OutputFacts > StackPanel > TextBlock#TxtOutSize @ScrollViewer#PageShrink	-
ana-kaydedici	dinlenik	yazi	18.41	#131417	#FFFFFF	CheckBox#ChkCursor > Grid > ContentPresenter#PART_ContentPresenter > TextBlock @CheckBox#ChkCursor	Show the mouse cursor
ana-kaydedici	dinlenik	yazi	18.41	#131417	#FFFFFF	CheckBox#ChkOpenFolder > Grid > ContentPresenter#PART_ContentPresenter > TextBlock @CheckBox#ChkOpenFolder	Open the folder when recording ends
ana-kaydedici	dinlenik	yazi	18.41	#131417	#FFFFFF	CheckBox#ChkNoiseSuppression > Grid > ContentPresenter#PART_ContentPresenter > TextBlock @CheckBox#ChkNoiseSuppression	Noise Suppression
ana-kaydedici	pointerover	yazi	18.41	#131417	#FFFFFF	CheckBox#ChkCursor > Grid > ContentPresenter#PART_ContentPresenter > TextBlock @CheckBox#ChkCursor	Show the mouse cursor
ana-kaydedici	pressed	yazi	18.41	#131417	#FFFFFF	CheckBox#ChkCursor > Grid > ContentPresenter#PART_ContentPresenter > TextBlock @CheckBox#ChkCursor	Show the mouse cursor
ana-kaydedici	focus-visible	yazi	18.41	#131417	#FFFFFF	CheckBox#ChkCursor > Grid > ContentPresenter#PART_ContentPresenter > TextBlock @CheckBox#ChkCursor	Show the mouse cursor
ana-kaydedici	checked	yazi	18.41	#131417	#FFFFFF	CheckBox#ChkCursor > Grid > ContentPresenter#PART_ContentPresenter > TextBlock @CheckBox#ChkCursor	Show the mouse cursor
ana-kaydedici	pointerover	yazi	18.41	#131417	#FFFFFF	CheckBox#ChkOpenFolder > Grid > ContentPresenter#PART_ContentPresenter > TextBlock @CheckBox#ChkOpenFolder	Open the folder when recording ends
ana-kaydedici	pressed	yazi	18.41	#131417	#FFFFFF	CheckBox#ChkOpenFolder > Grid > ContentPresenter#PART_ContentPresenter > TextBlock @CheckBox#ChkOpenFolder	Open the folder when recording ends
ana-kaydedici	focus-visible	yazi	18.41	#131417	#FFFFFF	CheckBox#ChkOpenFolder > Grid > ContentPresenter#PART_ContentPresenter > TextBlock @CheckBox#ChkOpenFolder	Open the folder when recording ends
ana-kaydedici	checked	yazi	18.41	#131417	#FFFFFF	CheckBox#ChkOpenFolder > Grid > ContentPresenter#PART_ContentPresenter > TextBlock @CheckBox#ChkOpenFolder	Open the folder when recording ends
ana-kaydedici	pointerover	yazi	18.41	#131417	#FFFFFF	CheckBox#ChkNoiseSuppression > Grid > ContentPresenter#PART_ContentPresenter > TextBlock @CheckBox#ChkNoiseSuppression	Noise Suppression
ana-kaydedici	pressed	yazi	18.41	#131417	#FFFFFF	CheckBox#ChkNoiseSuppression > Grid > ContentPresenter#PART_ContentPresenter > TextBlock @CheckBox#ChkNoiseSuppression	Noise Suppression
ana-kaydedici	focus-visible	yazi	18.41	#131417	#FFFFFF	CheckBox#ChkNoiseSuppression > Grid > ContentPresenter#PART_ContentPresenter > TextBlock @CheckBox#ChkNoiseSuppression	Noise Suppression
ana-kaydedici	checked	yazi	18.41	#131417	#FFFFFF	CheckBox#ChkNoiseSuppression > Grid > ContentPresenter#PART_ContentPresenter > TextBlock @CheckBox#ChkNoiseSuppression	Noise Suppression
ana-ayarlar	dinlenik	yazi	18.41	#131417	#FFFFFF	Border#GeneralSettingsPanel > StackPanel > StackPanel > TextBlock @ScrollViewer#PageSettings	The password is only sent to OpenSubtitl…
ana-ayarlar	dinlenik	yazi	18.41	#131417	#FFFFFF	CheckBox#ChkShellMenuOpen > Grid > ContentPresenter#PART_ContentPresenter > TextBlock @CheckBox#ChkShellMenuOpen	Open this video with VidShrink
ana-ayarlar	dinlenik	yazi	18.41	#131417	#FFFFFF	CheckBox#ChkShellMenuShrink > Grid > ContentPresenter#PART_ContentPresenter > TextBlock @CheckBox#ChkShellMenuShrink	Shrink with VidShrink
ana-ayarlar	dinlenik	yazi	18.41	#131417	#FFFFFF	CheckBox > Grid > ContentPresenter#PART_ContentPresenter > TextBlock @PlayerAdvancedPanel#PlayerAdvancedPanel	Deinterlace
ana-ayarlar	pointerover	yazi	18.41	#131417	#FFFFFF	CheckBox#ChkShellMenuOpen > Grid > ContentPresenter#PART_ContentPresenter > TextBlock @CheckBox#ChkShellMenuOpen	Open this video with VidShrink
ana-ayarlar	pressed	yazi	18.41	#131417	#FFFFFF	CheckBox#ChkShellMenuOpen > Grid > ContentPresenter#PART_ContentPresenter > TextBlock @CheckBox#ChkShellMenuOpen	Open this video with VidShrink
ana-ayarlar	focus-visible	yazi	18.41	#131417	#FFFFFF	CheckBox#ChkShellMenuOpen > Grid > ContentPresenter#PART_ContentPresenter > TextBlock @CheckBox#ChkShellMenuOpen	Open this video with VidShrink
ana-ayarlar	checked	yazi	18.41	#131417	#FFFFFF	CheckBox#ChkShellMenuOpen > Grid > ContentPresenter#PART_ContentPresenter > TextBlock @CheckBox#ChkShellMenuOpen	Open this video with VidShrink
ana-ayarlar	pointerover	yazi	18.41	#131417	#FFFFFF	CheckBox#ChkShellMenuShrink > Grid > ContentPresenter#PART_ContentPresenter > TextBlock @CheckBox#ChkShellMenuShrink	Shrink with VidShrink
ana-ayarlar	pressed	yazi	18.41	#131417	#FFFFFF	CheckBox#ChkShellMenuShrink > Grid > ContentPresenter#PART_ContentPresenter > TextBlock @CheckBox#ChkShellMenuShrink	Shrink with VidShrink
ana-ayarlar	focus-visible	yazi	18.41	#131417	#FFFFFF	CheckBox#ChkShellMenuShrink > Grid > ContentPresenter#PART_ContentPresenter > TextBlock @CheckBox#ChkShellMenuShrink	Shrink with VidShrink
ana-ayarlar	checked	yazi	18.41	#131417	#FFFFFF	CheckBox#ChkShellMenuShrink > Grid > ContentPresenter#PART_ContentPresenter > TextBlock @CheckBox#ChkShellMenuShrink	Shrink with VidShrink
ana-ayarlar	pointerover	yazi	18.41	#131417	#FFFFFF	CheckBox > Grid > ContentPresenter#PART_ContentPresenter > TextBlock @PlayerAdvancedPanel#PlayerAdvancedPanel	Deinterlace
ana-ayarlar	pressed	yazi	18.41	#131417	#FFFFFF	CheckBox > Grid > ContentPresenter#PART_ContentPresenter > TextBlock @PlayerAdvancedPanel#PlayerAdvancedPanel	Deinterlace
ana-ayarlar	focus-visible	yazi	18.41	#131417	#FFFFFF	CheckBox > Grid > ContentPresenter#PART_ContentPresenter > TextBlock @PlayerAdvancedPanel#PlayerAdvancedPanel	Deinterlace
ana-ayarlar	checked	yazi	18.41	#131417	#FFFFFF	CheckBox > Grid > ContentPresenter#PART_ContentPresenter > TextBlock @PlayerAdvancedPanel#PlayerAdvancedPanel	Deinterlace
ana-donustur	dinlenik	yazi	18.42	#131417	#FFFFFF	StackPanel > Border > StackPanel > TextBlock#TxtConvertStage @ScrollViewer#PageConvert	Idle
ana-donustur	dinlenik	yazi	18.42	#121417	#FFFFFF	StackPanel > Border > StackPanel > TextBlock#TxtConvertResult @ScrollViewer#PageConvert	Örnek 0.9
ana-donustur	dinlenik	yazi	18.43	#131417	#FFFFFF	Grid > Border > StackPanel > TextBlock#TxtConvertSource @ScrollViewer#PageConvert	Load a source in Shrink or browse here.
ana-kaydedici	dinlenik	yazi	18.43	#121417	#FFFFFF	Border#Root > Panel > ContentPresenter#PART_ContentPresenter > TextBlock @Button#BtnSnapshot	Snapshot
ana-kaydedici	focus-visible	yazi	18.43	#121417	#FFFFFF	Border#Root > Panel > ContentPresenter#PART_ContentPresenter > TextBlock @Button#BtnSnapshot	Snapshot
ana-gelismis	dinlenik	yazi	18.43	#131417	#FFFFFF	StackPanel > StackPanel#PerformanceDetails > StackPanel#PerformanceLines > TextBlock @ScrollViewer#PageAdvanced	There is not enough measured here to ans…
ana-ayarlar	dinlenik	yazi	18.43	#121417	#FFFFFF	Border#Root > Panel > ContentPresenter#PART_ContentPresenter > TextBlock @Button#BtnBrowseFfmpegPath	Browse…
ana-ayarlar	focus-visible	yazi	18.43	#121417	#FFFFFF	Border#Root > Panel > ContentPresenter#PART_ContentPresenter > TextBlock @Button#BtnBrowseFfmpegPath	Browse…
ana-kucult	dinlenik	yazi	18.44	#121417	#FFFFFF	StackPanel > SutunIzgara#InfoGrid > StackPanel > TextBlock#TxtAudio @ScrollViewer#PageShrink	Örnek 0.9
ana-kucult	dinlenik	yazi	18.44	#121417	#FFFFFF	Border#Root > Panel > ContentPresenter#PART_ContentPresenter > TextBlock @Button#Chip100	100
ana-kucult	focus-visible	yazi	18.44	#121417	#FFFFFF	Border#Root > Panel > ContentPresenter#PART_ContentPresenter > TextBlock @Button#Chip100	100
ana-kucult	dinlenik	yazi	18.45	#131417	#FFFFFF	Border#Root > Panel > ContentPresenter#PART_ContentPresenter > TextBlock @Button#BtnBrowseEmpty	Browse
ana-kucult	focus-visible	yazi	18.45	#131417	#FFFFFF	Border#Root > Panel > ContentPresenter#PART_ContentPresenter > TextBlock @Button#BtnBrowseEmpty	Browse
ana-kaydedici	dinlenik	yazi	18.45	#131417	#FFFFFF	CheckBox#ChkShowKeys > Grid > ContentPresenter#PART_ContentPresenter > TextBlock @CheckBox#ChkShowKeys	Show Pressed Keys
ana-kaydedici	pointerover	yazi	18.45	#131417	#FFFFFF	CheckBox#ChkShowKeys > Grid > ContentPresenter#PART_ContentPresenter > TextBlock @CheckBox#ChkShowKeys	Show Pressed Keys
ana-kaydedici	pressed	yazi	18.45	#131417	#FFFFFF	CheckBox#ChkShowKeys > Grid > ContentPresenter#PART_ContentPresenter > TextBlock @CheckBox#ChkShowKeys	Show Pressed Keys
ana-kaydedici	focus-visible	yazi	18.45	#131417	#FFFFFF	CheckBox#ChkShowKeys > Grid > ContentPresenter#PART_ContentPresenter > TextBlock @CheckBox#ChkShowKeys	Show Pressed Keys
ana-kaydedici	checked	yazi	18.45	#131417	#FFFFFF	CheckBox#ChkShowKeys > Grid > ContentPresenter#PART_ContentPresenter > TextBlock @CheckBox#ChkShowKeys	Show Pressed Keys
ana-gelismis	dinlenik	yazi	18.46	#131417	#FFFFFF	Border#AiPanel > StackPanel > Grid > TextBlock#TxtAiHint @ScrollViewer#PageAdvanced	• This step is optional. • Copy a prompt…
ana-kucult	dinlenik	yazi	18.47	#131417	#FFFFFF	Border#Root > Panel > ContentPresenter#PART_ContentPresenter > TextBlock @Button#Chip8	8
ana-kucult	dinlenik	yazi	18.47	#131417	#FFFFFF	Border#Root > Panel > ContentPresenter#PART_ContentPresenter > TextBlock @Button#ChipAddPreset	+
ana-kaydedici	dinlenik	yazi	18.47	#131417	#FFFFFF	StackPanel > Border#PanelWebcam > StackPanel > TextBlock @ScrollViewer#PageRecorder	The camera picture is placed in the chos…
ana-kaydedici	dinlenik	yazi	18.47	#131417	#FFFFFF	Grid > Border#PanelTarget > StackPanel > TextBlock @ScrollViewer#PageRecorder	Width and height both have to be even nu…
ana-kaydedici	dinlenik	yazi	18.47	#131417	#FFFFFF	Grid > Border#PanelOptions > StackPanel > TextBlock#TxtBudgetNote @ScrollViewer#PageRecorder	Örnek 0.9
ana-kaydedici	dinlenik	yazi	18.47	#131417	#FFFFFF	RadioButton#RadManual > Grid > ContentPresenter#PART_ContentPresenter > TextBlock @RadioButton#RadManual	I will pick the settings myself
ana-kaydedici	dinlenik	yazi	18.47	#131417	#FFFFFF	StackPanel > Border > StackPanel > TextBlock @ScrollViewer#PageRecorder	Choosing both records two inputs and mix…
ana-kaydedici	pointerover	yazi	18.47	#131417	#FFFFFF	RadioButton#RadManual > Grid > ContentPresenter#PART_ContentPresenter > TextBlock @RadioButton#RadManual	I will pick the settings myself
ana-kaydedici	pressed	yazi	18.47	#131417	#FFFFFF	RadioButton#RadManual > Grid > ContentPresenter#PART_ContentPresenter > TextBlock @RadioButton#RadManual	I will pick the settings myself
ana-kaydedici	focus-visible	yazi	18.47	#131417	#FFFFFF	RadioButton#RadManual > Grid > ContentPresenter#PART_ContentPresenter > TextBlock @RadioButton#RadManual	I will pick the settings myself
ana-kaydedici	checked	yazi	18.47	#131417	#FFFFFF	RadioButton#RadManual > Grid > ContentPresenter#PART_ContentPresenter > TextBlock @RadioButton#RadManual	I will pick the settings myself
ana-ayarlar	dinlenik	yazi	18.47	#131417	#FFFFFF	Border#ShellMenuPanel > StackPanel > StackPanel > TextBlock @ScrollViewer#PageSettings	Add VidShrink entries to the Windows rig…
ana-ayarlar	dinlenik	yazi	18.47	#131417	#FFFFFF	StackPanel > Border#UpdatePanel > StackPanel > TextBlock#TxtAutoUpdateEffect @ScrollViewer#PageSettings	Off by default: a new version is announc…
ana-ayarlar	dinlenik	yazi	18.47	#131417	#FFFFFF	ContentPresenter#PART_ContentPresenter > Border#Root > StackPanel > TextBlock @PlayerShortcutsPanel#PlayerShortcutsPanel	The player tab, its menu and this list a…
ana-ayarlar	dinlenik	yazi	18.47	#131417	#FFFFFF	Border#Root > StackPanel > Grid#Rows > TextBlock @PlayerShortcutsPanel#PlayerShortcutsPanel	Volume ±5
ana-ayarlar	dinlenik	yazi	18.47	#131417	#FFFFFF	StackPanel > Border#DiagnosticLogPanel > StackPanel > TextBlock @ScrollViewer#PageSettings	Every run is recorded here. File paths a…
ana-ayarlar	dinlenik	yazi	18.47	#131417	#FFFFFF	Border#AboutPanel > StackPanel > StackPanel#AboutStatus > TextBlock#TxtPlatforms @ScrollViewer#PageSettings	Windows x64  ← This install Windows ARM6…
ana-ayarlar	dinlenik	yazi	18.47	#131417	#FFFFFF	Border#GeneralSettingsPanel > StackPanel > StackPanel > TextBlock#LblOpenSubtitlesStatus @ScrollViewer#PageSettings	Not signed in — subtitle downloads need …
ana-ayarlar	dinlenik	yazi	18.47	#131417	#FFFFFF	Border#ShellMenuPanel > StackPanel > StackPanel > TextBlock#TxtShellMenuStatus @ScrollViewer#PageSettings	Örnek 0.9
ana-ayarlar	dinlenik	yazi	18.47	#131417	#FFFFFF	Border#SharePanel > StackPanel > Grid > TextBlock#TxtShareCeiling @ScrollViewer#PageSettings	Örnek 0.9
ana-ayarlar	dinlenik	yazi	18.47	#131417	#FFFFFF	StackPanel > Grid > StackPanel > TextBlock#TxtShareRetentionFixed @ScrollViewer#PageSettings	Örnek 0.9
ana-ayarlar	dinlenik	yazi	18.47	#131417	#FFFFFF	Border#SharePanel > StackPanel > Grid > TextBlock#TxtShareDeleteNote @ScrollViewer#PageSettings	Örnek 0.9
ana-ayarlar	dinlenik	yazi	18.47	#131417	#FFFFFF	Border > StackPanel > StackPanel#Body > TextBlock @PlayerAdvancedPanel#PlayerAdvancedPanel	Picture, sound and subtitle styling are …
ana-ayarlar	dinlenik	yazi	18.47	#131417	#FFFFFF	Border#AboutPanel > StackPanel > StackPanel#AboutBody > TextBlock @ScrollViewer#PageSettings	• VidShrink is an offline tool for targe…
ana-ayarlar	dinlenik	yazi	18.47	#131417	#FFFFFF	Border#AboutPanel > StackPanel > StackPanel#AboutStatus > TextBlock#TxtSystemStatus @ScrollViewer#PageSettings	Örnek 0.9
ana-ayarlar	dinlenik	yazi	18.47	#131417	#FFFFFF	Border#ResetSettingsPanel > StackPanel > StackPanel#ResetSettingsConfirm > TextBlock#TxtResetSettingsConfirm @ScrollViewer#PageSettings	Reset every saved setting and restore th…
ana-kucult	dinlenik	yazi	18.49	#121417	#FFFFFF	StackPanel > SutunIzgara#InfoGrid > StackPanel > TextBlock#TxtSize @ScrollViewer#PageShrink	Örnek 0.9
ana-kucult	dinlenik	yazi	18.49	#131317	#FFFFFF	Border#OutputPanel > StackPanel > StackPanel > TextBlock#TxtShareStatus @ScrollViewer#PageShrink	Örnek 0.9
ana-ayarlar	dinlenik	yazi	18.51	#121416	#FFFFFF	RadioButton#RbFfmpegManual > Grid > ContentPresenter#PART_ContentPresenter > TextBlock @RadioButton#RbFfmpegManual	Manual
ana-kucult	dinlenik	simge	18.52	#131317	#FFFFFF	Border#Root > Panel > ContentPresenter#PART_ContentPresenter > Path#GlyphPlanReasons @Button#BtnPlanReasons	GlyphPlanReasons
ana-kucult	focus-visible	simge	18.52	#131317	#FFFFFF	Border#Root > Panel > ContentPresenter#PART_ContentPresenter > Path#GlyphPlanReasons @Button#BtnPlanReasons	GlyphPlanReasons
ana-ayarlar	dinlenik	yazi	18.52	#121317	#FFFFFF	StackPanel > Grid > StackPanel > TextBlock @ScrollViewer#PageSettings	Opens the advanced section automatically…
ana-kucult	dinlenik	yazi	18.54	#121316	#FFFFFF	StackPanel > SutunIzgara#InfoGrid > StackPanel > TextBlock#TxtFps @ScrollViewer#PageShrink	Örnek 0.9
ana-kucult	dinlenik	yazi	18.54	#121316	#FFFFFF	Border#Root > Panel > ContentPresenter#PART_ContentPresenter > TextBlock @Button#Chip25	25
ana-kucult	focus-visible	yazi	18.54	#121316	#FFFFFF	Border#Root > Panel > ContentPresenter#PART_ContentPresenter > TextBlock @Button#Chip25	25
ana-kaydedici	dinlenik	yazi	18.55	#121316	#FFFFFF	Grid > SutunIzgara#StripStats > StackPanel > TextBlock#TxtFrames @ScrollViewer#PageRecorder	0
ana-ayarlar	dinlenik	yazi	18.55	#121316	#FFFFFF	Border#Root > Panel > ContentPresenter#PART_ContentPresenter > TextBlock @Button#BtnBrowseOutputFolder	Browse…
ana-ayarlar	focus-visible	yazi	18.55	#121316	#FFFFFF	Border#Root > Panel > ContentPresenter#PART_ContentPresenter > TextBlock @Button#BtnBrowseOutputFolder	Browse…
ana-kucult	dinlenik	simge	18.56	#121316	#FFFFFF	Panel > ContentPresenter#PART_ContentPresenter > Grid > Path#GlyphQuality @Button#BtnQualityToggle	GlyphQuality
ana-kucult	dinlenik	yazi	18.56	#121316	#FFFFFF	StackPanel > SutunIzgara#InfoGrid > StackPanel > TextBlock#TxtVideoCodec @ScrollViewer#PageShrink	Örnek 0.9
ana-kaydedici	dinlenik	yazi	18.56	#131316	#FFFFFF	Grid > SutunIzgara#StripStats > StackPanel > TextBlock#TxtFrames @ScrollViewer#PageRecorder	0
ana-kaydedici	dinlenik	yazi	18.56	#131316	#FFFFFF	Border#Root > Panel > ContentPresenter#PART_ContentPresenter > TextBlock @Button#BtnAutoMeasure	Measure Again
ana-kaydedici	focus-visible	yazi	18.56	#131316	#FFFFFF	Border#Root > Panel > ContentPresenter#PART_ContentPresenter > TextBlock @Button#BtnAutoMeasure	Measure Again
ana-ayarlar	dinlenik	yazi	18.56	#131316	#FFFFFF	RadioButton#RbOutputFixed > Grid > ContentPresenter#PART_ContentPresenter > TextBlock @RadioButton#RbOutputFixed	Fixed Folder
ana-gelismis	dinlenik	yazi	18.57	#121316	#FFFFFF	Border#Root > Panel > ContentPresenter#PART_ContentPresenter > TextBlock @ScrollViewer#PageAdvanced	Apply Pasted JSON
ana-gelismis	focus-visible	yazi	18.57	#121316	#FFFFFF	Border#Root > Panel > ContentPresenter#PART_ContentPresenter > TextBlock @ScrollViewer#PageAdvanced	Apply Pasted JSON
ana-kucult	dinlenik	yazi	18.58	#111316	#FFFFFF	Grid > Grid#Stage > StackPanel#EmptyState > TextBlock#EmptyHint @ComparisonPanel#Preview	Load a file to see the two sides
ana-kaydedici	dinlenik	yazi	18.58	#121316	#FFFFFF	StackPanel > Border#ResultPanel > StackPanel > TextBlock#TxtRecShareStatus @ScrollViewer#PageRecorder	Örnek 0.9
ana-gelismis	dinlenik	yazi	18.58	#121316	#FFFFFF	Border#AiPanel > StackPanel > StackPanel#AiDetails > TextBlock#TxtAiStatus @ScrollViewer#PageAdvanced	Örnek 0.9
ana-kaydedici	dinlenik	yazi	18.59	#121316	#FFFFFF	Border#Root > Panel > ContentPresenter#PART_ContentPresenter > TextBlock @Button#BtnRecShareCopy	Copy
ana-kaydedici	focus-visible	yazi	18.59	#121316	#FFFFFF	Border#Root > Panel > ContentPresenter#PART_ContentPresenter > TextBlock @Button#BtnRecShareCopy	Copy
ana-kucult	dinlenik	yazi	18.60	#121316	#FFFFFF	Panel > ContentPresenter#PART_ContentPresenter > Grid > TextBlock#TxtQualitySummary @Button#BtnQualityToggle	Automatic · Fill Target
ana-kucult	dinlenik	yazi	18.60	#111316	#FFFFFF	Border#Root > Panel > ContentPresenter#PART_ContentPresenter > TextBlock @Button#ChipWhatsApp	16
ana-kucult	focus-visible	yazi	18.60	#111316	#FFFFFF	Border#Root > Panel > ContentPresenter#PART_ContentPresenter > TextBlock @Button#ChipWhatsApp	16
ana-gelismis	dinlenik	yazi	18.60	#121316	#FFFFFF	Border#Root > Panel > ContentPresenter#PART_ContentPresenter > TextBlock @Button#BtnRevert	Back to automatic
ana-gelismis	focus-visible	yazi	18.60	#121316	#FFFFFF	Border#Root > Panel > ContentPresenter#PART_ContentPresenter > TextBlock @Button#BtnRevert	Back to automatic
ana-kucult	dinlenik	yazi	18.61	#121316	#FFFFFF	Panel > ContentPresenter#PART_ContentPresenter > Grid > TextBlock#TxtAudioSummary @Button#BtnAudioToggle	Automatic · Automatic · Automatic
ana-kucult	dinlenik	yazi	18.61	#121316	#FFFFFF	Border#Root > Panel > ContentPresenter#PART_ContentPresenter > TextBlock @Button#Chip8	8
ana-kucult	focus-visible	yazi	18.61	#121316	#FFFFFF	Border#Root > Panel > ContentPresenter#PART_ContentPresenter > TextBlock @Button#Chip8	8
ana-donustur	dinlenik	yazi	18.61	#121316	#FFFFFF	Border#Root > Panel > ContentPresenter#PART_ContentPresenter > TextBlock @ScrollViewer#PageConvert	Browse Source
ana-ayarlar	dinlenik	yazi	18.61	#111316	#FFFFFF	RadioButton#RbFfmpegManual > Grid > ContentPresenter#PART_ContentPresenter > TextBlock @RadioButton#RbFfmpegManual	Manual
ana-ayarlar	pointerover	yazi	18.61	#111316	#FFFFFF	RadioButton#RbFfmpegManual > Grid > ContentPresenter#PART_ContentPresenter > TextBlock @RadioButton#RbFfmpegManual	Manual
ana-ayarlar	pressed	yazi	18.61	#111316	#FFFFFF	RadioButton#RbFfmpegManual > Grid > ContentPresenter#PART_ContentPresenter > TextBlock @RadioButton#RbFfmpegManual	Manual
ana-ayarlar	focus-visible	yazi	18.61	#111316	#FFFFFF	RadioButton#RbFfmpegManual > Grid > ContentPresenter#PART_ContentPresenter > TextBlock @RadioButton#RbFfmpegManual	Manual
ana-ayarlar	checked	yazi	18.61	#111316	#FFFFFF	RadioButton#RbFfmpegManual > Grid > ContentPresenter#PART_ContentPresenter > TextBlock @RadioButton#RbFfmpegManual	Manual
ana-kucult	dinlenik	simge	18.62	#121316	#FFFFFF	Panel > ContentPresenter#PART_ContentPresenter > Grid > Path#GlyphAudio @Button#BtnAudioToggle	GlyphAudio
ana-kucult	dinlenik	yazi	18.62	#121316	#FFFFFF	RadioButton#RbCodecSmallest > Grid > ContentPresenter#PART_ContentPresenter > TextBlock @RadioButton#RbCodecSmallest	AV1 (Smallest)
ana-kucult	dinlenik	yazi	18.62	#121316	#FFFFFF	Grid > WrapPanel > StackPanel > TextBlock @ScrollViewer#PageShrink	Gain
ana-kucult	dinlenik	yazi	18.62	#121316	#FFFFFF	RadioButton#RbFixed480 > Grid > ContentPresenter#PART_ContentPresenter > TextBlock @RadioButton#RbFixed480	480p
ana-kucult	dinlenik	yazi	18.62	#121316	#FFFFFF	StackPanel#AdvancedBody > Grid > WrapPanel > TextBlock#TxtAdvModeNow @ScrollViewer#PageShrink	Örnek 0.9
ana-kucult	dinlenik	yazi	18.62	#121316	#FFFFFF	StackPanel#AdvancedBody > Grid > WrapPanel > TextBlock#TxtAdvEncoderPathNow @ScrollViewer#PageShrink	Örnek 0.9
ana-kucult	dinlenik	yazi	18.62	#121316	#FFFFFF	StackPanel > WrapPanel#FilterPanel > StackPanel > TextBlock @ScrollViewer#PageShrink	Sharpen
ana-kucult	pointerover	yazi	18.62	#121316	#FFFFFF	RadioButton#RbCodecSmallest > Grid > ContentPresenter#PART_ContentPresenter > TextBlock @RadioButton#RbCodecSmallest	AV1 (Smallest)
ana-kucult	pressed	yazi	18.62	#121316	#FFFFFF	RadioButton#RbCodecSmallest > Grid > ContentPresenter#PART_ContentPresenter > TextBlock @RadioButton#RbCodecSmallest	AV1 (Smallest)
ana-kucult	focus-visible	yazi	18.62	#121316	#FFFFFF	RadioButton#RbCodecSmallest > Grid > ContentPresenter#PART_ContentPresenter > TextBlock @RadioButton#RbCodecSmallest	AV1 (Smallest)
ana-kucult	checked	yazi	18.62	#121316	#FFFFFF	RadioButton#RbCodecSmallest > Grid > ContentPresenter#PART_ContentPresenter > TextBlock @RadioButton#RbCodecSmallest	AV1 (Smallest)
ana-kucult	pointerover	yazi	18.62	#121316	#FFFFFF	RadioButton#RbFixed480 > Grid > ContentPresenter#PART_ContentPresenter > TextBlock @RadioButton#RbFixed480	480p
ana-kucult	pressed	yazi	18.62	#121316	#FFFFFF	RadioButton#RbFixed480 > Grid > ContentPresenter#PART_ContentPresenter > TextBlock @RadioButton#RbFixed480	480p
ana-kucult	focus-visible	yazi	18.62	#121316	#FFFFFF	RadioButton#RbFixed480 > Grid > ContentPresenter#PART_ContentPresenter > TextBlock @RadioButton#RbFixed480	480p
ana-kucult	checked	yazi	18.62	#121316	#FFFFFF	RadioButton#RbFixed480 > Grid > ContentPresenter#PART_ContentPresenter > TextBlock @RadioButton#RbFixed480	480p
ana-kaydedici	dinlenik	yazi	18.62	#121316	#FFFFFF	StackPanel > Border#Strip > Grid > TextBlock#TxtState @ScrollViewer#PageRecorder	Idle
ana-ayarlar	dinlenik	yazi	18.62	#121316	#FFFFFF	StackPanel > Grid#LanguageThemeRow > StackPanel > TextBlock @ScrollViewer#PageSettings	Changes the interface language and is re…
ana-kucult	dinlenik	yazi	18.63	#121316	#FFFFFF	Border#Root > Panel > ContentPresenter#PART_ContentPresenter > TextBlock @Button#ChipHalf	Half
ana-kucult	dinlenik	yazi	18.63	#121316	#FFFFFF	StackPanel > StackPanel > StackPanel > TextBlock#TxtChipDerivation @ScrollViewer#PageShrink	Target 16 MB · Automatic · Fill Target
ana-kucult	dinlenik	yazi	18.63	#121316	#FFFFFF	Border#TargetPanel > StackPanel > StackPanel > TextBlock#TxtQualityTargetNotice @ScrollViewer#PageShrink	Load a video; a quality target can only …
ana-kucult	dinlenik	yazi	18.63	#121316	#FFFFFF	Border#TargetPanel > StackPanel > Grid > TextBlock#TxtOutcomeSummary @ScrollViewer#PageShrink	Örnek 0.9
ana-kucult	dinlenik	yazi	18.63	#121316	#FFFFFF	RadioButton#RbCodecCompatible > Grid > ContentPresenter#PART_ContentPresenter > TextBlock @RadioButton#RbCodecCompatible	H.264 (Compatible)
ana-kucult	dinlenik	yazi	18.63	#121316	#FFFFFF	RadioButton#RbFillCeiling > Grid > ContentPresenter#PART_ContentPresenter > TextBlock @RadioButton#RbFillCeiling	Stay at Quality Ceiling
ana-kucult	dinlenik	yazi	18.63	#121316	#FFFFFF	RadioButton#RbHdrSdr > Grid > ContentPresenter#PART_ContentPresenter > TextBlock @RadioButton#RbHdrSdr	Convert to SDR
ana-kucult	dinlenik	yazi	18.63	#121316	#FFFFFF	CheckBox#ChkAdvKeepTracks > Grid > ContentPresenter#PART_ContentPresenter > TextBlock @CheckBox#ChkAdvKeepTracks	Keep All Tracks (MKV)
ana-kucult	dinlenik	yazi	18.63	#121316	#FFFFFF	Panel > ContentPresenter#PART_ContentPresenter > Grid > TextBlock#TxtFrameSummary @Button#BtnFrameToggle	May Lower Resolution · May Lower Frame R…
ana-kucult	dinlenik	yazi	18.63	#121316	#FFFFFF	CheckBox#ChkFps > Grid > ContentPresenter#PART_ContentPresenter > TextBlock @CheckBox#ChkFps	May Lower Frame Rate
ana-kucult	dinlenik	yazi	18.63	#121316	#FFFFFF	RadioButton#RbAdvModeTwoPass > Grid > ContentPresenter#PART_ContentPresenter > TextBlock @RadioButton#RbAdvModeTwoPass	Two-pass
ana-kucult	dinlenik	yazi	18.63	#121316	#FFFFFF	StackPanel#AdvancedBody > Grid > WrapPanel > TextBlock @ScrollViewer#PageShrink	Edges are rounded down to a multiple of …
ana-kucult	dinlenik	yazi	18.63	#121316	#FFFFFF	RadioButton#RbAdvPathHardware > Grid > ContentPresenter#PART_ContentPresenter > TextBlock @RadioButton#RbAdvPathHardware	Hardware
ana-kucult	dinlenik	yazi	18.63	#121316	#FFFFFF	CheckBox#ChkFltDetelecine > Grid > ContentPresenter#PART_ContentPresenter > TextBlock @CheckBox#ChkFltDetelecine	Detelecine
ana-kucult	dinlenik	yazi	18.63	#121316	#FFFFFF	CheckBox#ChkFltDeblock > Grid > ContentPresenter#PART_ContentPresenter > TextBlock @CheckBox#ChkFltDeblock	Deblock
ana-kucult	dinlenik	yazi	18.63	#121316	#FFFFFF	CheckBox#ChkFltDeband > Grid > ContentPresenter#PART_ContentPresenter > TextBlock @CheckBox#ChkFltDeband	Deband
ana-kucult	dinlenik	yazi	18.63	#121316	#FFFFFF	CheckBox#ChkFltGray > Grid > ContentPresenter#PART_ContentPresenter > TextBlock @CheckBox#ChkFltGray	Grayscale
ana-kucult	dinlenik	yazi	18.63	#121316	#FFFFFF	CheckBox#ChkFltAutoCrop > Grid > ContentPresenter#PART_ContentPresenter > TextBlock @CheckBox#ChkFltAutoCrop	Crop Black Bars
ana-kucult	dinlenik	yazi	18.63	#121316	#FFFFFF	Grid > StackPanel > StackPanel > TextBlock @ScrollViewer#PageShrink	Specification (crop, pad and the rest)
ana-kucult	dinlenik	yazi	18.63	#121316	#FFFFFF	Grid > StackPanel > StackPanel > TextBlock#TxtAdvFiltersNow @ScrollViewer#PageShrink	Örnek 0.9
ana-kucult	dinlenik	yazi	18.63	#121316	#FFFFFF	StackPanel#AdvancedBody > Grid > StackPanel > TextBlock @ScrollViewer#PageShrink	crop=W:H:X:Y, Denoise=hqdn3d, Sharpen=me…
ana-kucult	focus-visible	yazi	18.63	#121316	#FFFFFF	Border#Root > Panel > ContentPresenter#PART_ContentPresenter > TextBlock @Button#ChipHalf	Half
ana-kucult	pointerover	yazi	18.63	#121316	#FFFFFF	RadioButton#RbCodecCompatible > Grid > ContentPresenter#PART_ContentPresenter > TextBlock @RadioButton#RbCodecCompatible	H.264 (Compatible)
ana-kucult	pressed	yazi	18.63	#121316	#FFFFFF	RadioButton#RbCodecCompatible > Grid > ContentPresenter#PART_ContentPresenter > TextBlock @RadioButton#RbCodecCompatible	H.264 (Compatible)
ana-kucult	focus-visible	yazi	18.63	#121316	#FFFFFF	RadioButton#RbCodecCompatible > Grid > ContentPresenter#PART_ContentPresenter > TextBlock @RadioButton#RbCodecCompatible	H.264 (Compatible)
ana-kucult	checked	yazi	18.63	#121316	#FFFFFF	RadioButton#RbCodecCompatible > Grid > ContentPresenter#PART_ContentPresenter > TextBlock @RadioButton#RbCodecCompatible	H.264 (Compatible)
ana-kucult	pointerover	yazi	18.63	#121316	#FFFFFF	RadioButton#RbFillCeiling > Grid > ContentPresenter#PART_ContentPresenter > TextBlock @RadioButton#RbFillCeiling	Stay at Quality Ceiling
ana-kucult	pressed	yazi	18.63	#121316	#FFFFFF	RadioButton#RbFillCeiling > Grid > ContentPresenter#PART_ContentPresenter > TextBlock @RadioButton#RbFillCeiling	Stay at Quality Ceiling
ana-kucult	focus-visible	yazi	18.63	#121316	#FFFFFF	RadioButton#RbFillCeiling > Grid > ContentPresenter#PART_ContentPresenter > TextBlock @RadioButton#RbFillCeiling	Stay at Quality Ceiling
ana-kucult	checked	yazi	18.63	#121316	#FFFFFF	RadioButton#RbFillCeiling > Grid > ContentPresenter#PART_ContentPresenter > TextBlock @RadioButton#RbFillCeiling	Stay at Quality Ceiling
ana-kucult	pointerover	yazi	18.63	#121316	#FFFFFF	RadioButton#RbHdrSdr > Grid > ContentPresenter#PART_ContentPresenter > TextBlock @RadioButton#RbHdrSdr	Convert to SDR
ana-kucult	pressed	yazi	18.63	#121316	#FFFFFF	RadioButton#RbHdrSdr > Grid > ContentPresenter#PART_ContentPresenter > TextBlock @RadioButton#RbHdrSdr	Convert to SDR
ana-kucult	focus-visible	yazi	18.63	#121316	#FFFFFF	RadioButton#RbHdrSdr > Grid > ContentPresenter#PART_ContentPresenter > TextBlock @RadioButton#RbHdrSdr	Convert to SDR
ana-kucult	checked	yazi	18.63	#121316	#FFFFFF	RadioButton#RbHdrSdr > Grid > ContentPresenter#PART_ContentPresenter > TextBlock @RadioButton#RbHdrSdr	Convert to SDR
ana-kucult	pointerover	yazi	18.63	#121316	#FFFFFF	CheckBox#ChkAdvKeepTracks > Grid > ContentPresenter#PART_ContentPresenter > TextBlock @CheckBox#ChkAdvKeepTracks	Keep All Tracks (MKV)
ana-kucult	pressed	yazi	18.63	#121316	#FFFFFF	CheckBox#ChkAdvKeepTracks > Grid > ContentPresenter#PART_ContentPresenter > TextBlock @CheckBox#ChkAdvKeepTracks	Keep All Tracks (MKV)
ana-kucult	focus-visible	yazi	18.63	#121316	#FFFFFF	CheckBox#ChkAdvKeepTracks > Grid > ContentPresenter#PART_ContentPresenter > TextBlock @CheckBox#ChkAdvKeepTracks	Keep All Tracks (MKV)
ana-kucult	checked	yazi	18.63	#121316	#FFFFFF	CheckBox#ChkAdvKeepTracks > Grid > ContentPresenter#PART_ContentPresenter > TextBlock @CheckBox#ChkAdvKeepTracks	Keep All Tracks (MKV)
ana-kucult	pointerover	yazi	18.63	#121316	#FFFFFF	Panel > ContentPresenter#PART_ContentPresenter > Grid > TextBlock#TxtFrameSummary @Button#BtnFrameToggle	May Lower Resolution · May Lower Frame R…
ana-kucult	focus-visible	yazi	18.63	#121316	#FFFFFF	Panel > ContentPresenter#PART_ContentPresenter > Grid > TextBlock#TxtFrameSummary @Button#BtnFrameToggle	May Lower Resolution · May Lower Frame R…
ana-kucult	edilgen	yazi	18.63	#121316	#FFFFFF	Panel > ContentPresenter#PART_ContentPresenter > Grid > TextBlock#TxtFrameSummary @Button#BtnFrameToggle	May Lower Resolution · May Lower Frame R…
ana-kucult	pointerover	yazi	18.63	#121316	#FFFFFF	CheckBox#ChkFps > Grid > ContentPresenter#PART_ContentPresenter > TextBlock @CheckBox#ChkFps	May Lower Frame Rate
ana-kucult	pressed	yazi	18.63	#121316	#FFFFFF	CheckBox#ChkFps > Grid > ContentPresenter#PART_ContentPresenter > TextBlock @CheckBox#ChkFps	May Lower Frame Rate
ana-kucult	focus-visible	yazi	18.63	#121316	#FFFFFF	CheckBox#ChkFps > Grid > ContentPresenter#PART_ContentPresenter > TextBlock @CheckBox#ChkFps	May Lower Frame Rate
ana-kucult	checked	yazi	18.63	#121316	#FFFFFF	CheckBox#ChkFps > Grid > ContentPresenter#PART_ContentPresenter > TextBlock @CheckBox#ChkFps	May Lower Frame Rate
ana-kucult	pointerover	yazi	18.63	#121316	#FFFFFF	RadioButton#RbAdvModeTwoPass > Grid > ContentPresenter#PART_ContentPresenter > TextBlock @RadioButton#RbAdvModeTwoPass	Two-pass
ana-kucult	pressed	yazi	18.63	#121316	#FFFFFF	RadioButton#RbAdvModeTwoPass > Grid > ContentPresenter#PART_ContentPresenter > TextBlock @RadioButton#RbAdvModeTwoPass	Two-pass
ana-kucult	focus-visible	yazi	18.63	#121316	#FFFFFF	RadioButton#RbAdvModeTwoPass > Grid > ContentPresenter#PART_ContentPresenter > TextBlock @RadioButton#RbAdvModeTwoPass	Two-pass
ana-kucult	checked	yazi	18.63	#121316	#FFFFFF	RadioButton#RbAdvModeTwoPass > Grid > ContentPresenter#PART_ContentPresenter > TextBlock @RadioButton#RbAdvModeTwoPass	Two-pass
ana-kucult	pointerover	yazi	18.63	#121316	#FFFFFF	RadioButton#RbAdvPathHardware > Grid > ContentPresenter#PART_ContentPresenter > TextBlock @RadioButton#RbAdvPathHardware	Hardware
ana-kucult	pressed	yazi	18.63	#121316	#FFFFFF	RadioButton#RbAdvPathHardware > Grid > ContentPresenter#PART_ContentPresenter > TextBlock @RadioButton#RbAdvPathHardware	Hardware
ana-kucult	focus-visible	yazi	18.63	#121316	#FFFFFF	RadioButton#RbAdvPathHardware > Grid > ContentPresenter#PART_ContentPresenter > TextBlock @RadioButton#RbAdvPathHardware	Hardware
ana-kucult	checked	yazi	18.63	#121316	#FFFFFF	RadioButton#RbAdvPathHardware > Grid > ContentPresenter#PART_ContentPresenter > TextBlock @RadioButton#RbAdvPathHardware	Hardware
ana-kucult	pointerover	yazi	18.63	#121316	#FFFFFF	CheckBox#ChkFltDetelecine > Grid > ContentPresenter#PART_ContentPresenter > TextBlock @CheckBox#ChkFltDetelecine	Detelecine
ana-kucult	pressed	yazi	18.63	#121316	#FFFFFF	CheckBox#ChkFltDetelecine > Grid > ContentPresenter#PART_ContentPresenter > TextBlock @CheckBox#ChkFltDetelecine	Detelecine
ana-kucult	focus-visible	yazi	18.63	#121316	#FFFFFF	CheckBox#ChkFltDetelecine > Grid > ContentPresenter#PART_ContentPresenter > TextBlock @CheckBox#ChkFltDetelecine	Detelecine
ana-kucult	checked	yazi	18.63	#121316	#FFFFFF	CheckBox#ChkFltDetelecine > Grid > ContentPresenter#PART_ContentPresenter > TextBlock @CheckBox#ChkFltDetelecine	Detelecine
ana-kucult	pointerover	yazi	18.63	#121316	#FFFFFF	CheckBox#ChkFltDeblock > Grid > ContentPresenter#PART_ContentPresenter > TextBlock @CheckBox#ChkFltDeblock	Deblock
ana-kucult	pressed	yazi	18.63	#121316	#FFFFFF	CheckBox#ChkFltDeblock > Grid > ContentPresenter#PART_ContentPresenter > TextBlock @CheckBox#ChkFltDeblock	Deblock
ana-kucult	focus-visible	yazi	18.63	#121316	#FFFFFF	CheckBox#ChkFltDeblock > Grid > ContentPresenter#PART_ContentPresenter > TextBlock @CheckBox#ChkFltDeblock	Deblock
ana-kucult	checked	yazi	18.63	#121316	#FFFFFF	CheckBox#ChkFltDeblock > Grid > ContentPresenter#PART_ContentPresenter > TextBlock @CheckBox#ChkFltDeblock	Deblock
ana-kucult	pointerover	yazi	18.63	#121316	#FFFFFF	CheckBox#ChkFltDeband > Grid > ContentPresenter#PART_ContentPresenter > TextBlock @CheckBox#ChkFltDeband	Deband
ana-kucult	pressed	yazi	18.63	#121316	#FFFFFF	CheckBox#ChkFltDeband > Grid > ContentPresenter#PART_ContentPresenter > TextBlock @CheckBox#ChkFltDeband	Deband
ana-kucult	focus-visible	yazi	18.63	#121316	#FFFFFF	CheckBox#ChkFltDeband > Grid > ContentPresenter#PART_ContentPresenter > TextBlock @CheckBox#ChkFltDeband	Deband
ana-kucult	checked	yazi	18.63	#121316	#FFFFFF	CheckBox#ChkFltDeband > Grid > ContentPresenter#PART_ContentPresenter > TextBlock @CheckBox#ChkFltDeband	Deband
ana-kucult	pointerover	yazi	18.63	#121316	#FFFFFF	CheckBox#ChkFltGray > Grid > ContentPresenter#PART_ContentPresenter > TextBlock @CheckBox#ChkFltGray	Grayscale
ana-kucult	pressed	yazi	18.63	#121316	#FFFFFF	CheckBox#ChkFltGray > Grid > ContentPresenter#PART_ContentPresenter > TextBlock @CheckBox#ChkFltGray	Grayscale
ana-kucult	focus-visible	yazi	18.63	#121316	#FFFFFF	CheckBox#ChkFltGray > Grid > ContentPresenter#PART_ContentPresenter > TextBlock @CheckBox#ChkFltGray	Grayscale
ana-kucult	checked	yazi	18.63	#121316	#FFFFFF	CheckBox#ChkFltGray > Grid > ContentPresenter#PART_ContentPresenter > TextBlock @CheckBox#ChkFltGray	Grayscale
ana-kucult	pointerover	yazi	18.63	#121316	#FFFFFF	CheckBox#ChkFltAutoCrop > Grid > ContentPresenter#PART_ContentPresenter > TextBlock @CheckBox#ChkFltAutoCrop	Crop Black Bars
ana-kucult	pressed	yazi	18.63	#121316	#FFFFFF	CheckBox#ChkFltAutoCrop > Grid > ContentPresenter#PART_ContentPresenter > TextBlock @CheckBox#ChkFltAutoCrop	Crop Black Bars
ana-kucult	focus-visible	yazi	18.63	#121316	#FFFFFF	CheckBox#ChkFltAutoCrop > Grid > ContentPresenter#PART_ContentPresenter > TextBlock @CheckBox#ChkFltAutoCrop	Crop Black Bars
ana-kucult	checked	yazi	18.63	#121316	#FFFFFF	CheckBox#ChkFltAutoCrop > Grid > ContentPresenter#PART_ContentPresenter > TextBlock @CheckBox#ChkFltAutoCrop	Crop Black Bars
ana-kaydedici	dinlenik	yazi	18.63	#121316	#FFFFFF	StackPanel > Border > StackPanel > TextBlock @ScrollViewer#PageRecorder	Choosing both records two inputs and mix…
ana-kaydedici	dinlenik	yazi	18.63	#121316	#FFFFFF	CheckBox#ChkMagnifier > Grid > ContentPresenter#PART_ContentPresenter > TextBlock @CheckBox#ChkMagnifier	Cursor Magnifier
ana-kaydedici	pointerover	yazi	18.63	#121316	#FFFFFF	CheckBox#ChkMagnifier > Grid > ContentPresenter#PART_ContentPresenter > TextBlock @CheckBox#ChkMagnifier	Cursor Magnifier
ana-kaydedici	pressed	yazi	18.63	#121316	#FFFFFF	CheckBox#ChkMagnifier > Grid > ContentPresenter#PART_ContentPresenter > TextBlock @CheckBox#ChkMagnifier	Cursor Magnifier
ana-kaydedici	focus-visible	yazi	18.63	#121316	#FFFFFF	CheckBox#ChkMagnifier > Grid > ContentPresenter#PART_ContentPresenter > TextBlock @CheckBox#ChkMagnifier	Cursor Magnifier
ana-kaydedici	checked	yazi	18.63	#121316	#FFFFFF	CheckBox#ChkMagnifier > Grid > ContentPresenter#PART_ContentPresenter > TextBlock @CheckBox#ChkMagnifier	Cursor Magnifier
ana-ayarlar	dinlenik	yazi	18.63	#121316	#FFFFFF	RadioButton#RbFfmpegAuto > Grid > ContentPresenter#PART_ContentPresenter > TextBlock @RadioButton#RbFfmpegAuto	Automatic
ana-ayarlar	dinlenik	yazi	18.63	#121316	#FFFFFF	Border#GeneralSettingsPanel > StackPanel > StackPanel > TextBlock @ScrollViewer#PageSettings	Subtitle download in the player uses you…
ana-ayarlar	dinlenik	yazi	18.63	#121316	#FFFFFF	Border#GeneralSettingsPanel > StackPanel > StackPanel > TextBlock#LblOutputNamePreview @ScrollViewer#PageSettings	The name cannot be empty.
ana-kucult	dinlenik	yazi	18.64	#121216	#FFFFFF	Border#Root > Panel > ContentPresenter#PART_ContentPresenter > TextBlock @Button#ChipWhatsApp	16
ana-kucult	dinlenik	yazi	18.64	#121316	#FFFFFF	Panel > ContentPresenter#PART_ContentPresenter > Grid > TextBlock#TxtAdvancedSummary @Button#BtnAdvancedToggle	All Automatic
ana-kucult	dinlenik	yazi	18.64	#121216	#FFFFFF	StackPanel > SutunIzgara#InfoGrid > StackPanel > TextBlock#TxtDuration @ScrollViewer#PageShrink	Örnek 0.9
ana-kucult	dinlenik	yazi	18.64	#111316	#FFFFFF	StackPanel > SutunIzgara#InfoGrid > StackPanel > TextBlock#TxtBitrate @ScrollViewer#PageShrink	Örnek 0.9
ana-kucult	dinlenik	yazi	18.64	#121316	#FFFFFF	Border#Root > Panel > ContentPresenter#PART_ContentPresenter > TextBlock @Button#ChipAddPreset	+
ana-kucult	focus-visible	yazi	18.64	#121316	#FFFFFF	Border#Root > Panel > ContentPresenter#PART_ContentPresenter > TextBlock @Button#ChipAddPreset	+
ana-kaydedici	dinlenik	yazi	18.64	#111316	#FFFFFF	Border#Root > Panel > ContentPresenter#PART_ContentPresenter > TextBlock @Button#BtnToPlayer	Open in Player
ana-kaydedici	focus-visible	yazi	18.64	#111316	#FFFFFF	Border#Root > Panel > ContentPresenter#PART_ContentPresenter > TextBlock @Button#BtnToPlayer	Open in Player
ana-gelismis	dinlenik	simge	18.64	#121216	#FFFFFF	Border#Root > Panel > ContentPresenter#PART_ContentPresenter > Path#GlyphAiDetails @Button#BtnAiDetails	GlyphAiDetails
ana-gelismis	dinlenik	yazi	18.64	#121216	#FFFFFF	Border#Root > Panel > ContentPresenter#PART_ContentPresenter > TextBlock @Button#BtnPerformanceRun	Run the Check
ana-gelismis	focus-visible	simge	18.64	#121216	#FFFFFF	Border#Root > Panel > ContentPresenter#PART_ContentPresenter > Path#GlyphAiDetails @Button#BtnAiDetails	GlyphAiDetails
ana-gelismis	focus-visible	yazi	18.64	#121216	#FFFFFF	Border#Root > Panel > ContentPresenter#PART_ContentPresenter > TextBlock @Button#BtnPerformanceRun	Run the Check
ana-kaydedici	dinlenik	yazi	18.65	#121216	#FFFFFF	Border#Root > Panel > ContentPresenter#PART_ContentPresenter > TextBlock @Button#BtnReveal	Show in Folder
ana-kaydedici	focus-visible	yazi	18.65	#121216	#FFFFFF	Border#Root > Panel > ContentPresenter#PART_ContentPresenter > TextBlock @Button#BtnReveal	Show in Folder
ana-ayarlar	dinlenik	yazi	18.65	#111316	#FFFFFF	CheckBox#ChkAdvancedDefaultOpen > Grid > ContentPresenter#PART_ContentPresenter > TextBlock @CheckBox#ChkAdvancedDefaultOpen	Show Advanced Options Expanded by Defaul…
ana-kucult	dinlenik	simge	18.66	#121216	#FFFFFF	Panel > ContentPresenter#PART_ContentPresenter > Grid > Path#GlyphFrame @Button#BtnFrameToggle	GlyphFrame
ana-kucult	dinlenik	yazi	18.66	#121216	#FFFFFF	Panel > ContentPresenter#PART_ContentPresenter > Grid > TextBlock#TxtFrameSummary @Button#BtnFrameToggle	May Lower Resolution · May Lower Frame R…
ana-gelismis	dinlenik	yazi	18.66	#121216	#FFFFFF	Border#PerformancePanel > StackPanel > StackPanel#PerformanceDetails > TextBlock#TxtPerformanceStatus @ScrollViewer#PageAdvanced	Örnek 0.9
ana-ayarlar	dinlenik	yazi	18.66	#121216	#FFFFFF	RadioButton#RbFfmpegAuto > Grid > ContentPresenter#PART_ContentPresenter > TextBlock @RadioButton#RbFfmpegAuto	Automatic
ana-ayarlar	pointerover	yazi	18.66	#121216	#FFFFFF	RadioButton#RbFfmpegAuto > Grid > ContentPresenter#PART_ContentPresenter > TextBlock @RadioButton#RbFfmpegAuto	Automatic
ana-ayarlar	pressed	yazi	18.66	#121216	#FFFFFF	RadioButton#RbFfmpegAuto > Grid > ContentPresenter#PART_ContentPresenter > TextBlock @RadioButton#RbFfmpegAuto	Automatic
ana-ayarlar	focus-visible	yazi	18.66	#121216	#FFFFFF	RadioButton#RbFfmpegAuto > Grid > ContentPresenter#PART_ContentPresenter > TextBlock @RadioButton#RbFfmpegAuto	Automatic
ana-ayarlar	checked	yazi	18.66	#121216	#FFFFFF	RadioButton#RbFfmpegAuto > Grid > ContentPresenter#PART_ContentPresenter > TextBlock @RadioButton#RbFfmpegAuto	Automatic
ana-kucult	dinlenik	yazi	18.67	#111216	#FFFFFF	StackPanel > SutunIzgara#InfoGrid > StackPanel > TextBlock#TxtResolution @ScrollViewer#PageShrink	Örnek 0.9
ana-kucult	dinlenik	yazi	18.67	#111216	#FFFFFF	Panel > ContentPresenter#PART_ContentPresenter > Grid > TextBlock#TxtQualitySummary @Button#BtnQualityToggle	Automatic · Fill Target
ana-kucult	dinlenik	yazi	18.67	#111216	#FFFFFF	CheckBox#ChkAudioLoudnorm > Grid > ContentPresenter#PART_ContentPresenter > TextBlock @CheckBox#ChkAudioLoudnorm	Normalize Loudness (EBU R128)
ana-kucult	dinlenik	yazi	18.67	#111216	#FFFFFF	RadioButton#RbFixed720 > Grid > ContentPresenter#PART_ContentPresenter > TextBlock @RadioButton#RbFixed720	720p
ana-kucult	dinlenik	yazi	18.67	#111216	#FFFFFF	StackPanel > WrapPanel#FilterPanel > StackPanel > TextBlock @ScrollViewer#PageShrink	Denoise
ana-kucult	dinlenik	yazi	18.67	#111216	#FFFFFF	RadioButton#RbFltDenoiseHq > Grid > ContentPresenter#PART_ContentPresenter > TextBlock @RadioButton#RbFltDenoiseHq	hqdn3d
ana-kucult	pointerover	yazi	18.67	#111216	#FFFFFF	Panel > ContentPresenter#PART_ContentPresenter > Grid > TextBlock#TxtQualitySummary @Button#BtnQualityToggle	Automatic · Fill Target
ana-kucult	focus-visible	yazi	18.67	#111216	#FFFFFF	Panel > ContentPresenter#PART_ContentPresenter > Grid > TextBlock#TxtQualitySummary @Button#BtnQualityToggle	Automatic · Fill Target
ana-kucult	edilgen	yazi	18.67	#111216	#FFFFFF	Panel > ContentPresenter#PART_ContentPresenter > Grid > TextBlock#TxtQualitySummary @Button#BtnQualityToggle	Automatic · Fill Target
ana-kucult	pointerover	yazi	18.67	#111216	#FFFFFF	CheckBox#ChkAudioLoudnorm > Grid > ContentPresenter#PART_ContentPresenter > TextBlock @CheckBox#ChkAudioLoudnorm	Normalize Loudness (EBU R128)
ana-kucult	pressed	yazi	18.67	#111216	#FFFFFF	CheckBox#ChkAudioLoudnorm > Grid > ContentPresenter#PART_ContentPresenter > TextBlock @CheckBox#ChkAudioLoudnorm	Normalize Loudness (EBU R128)
ana-kucult	focus-visible	yazi	18.67	#111216	#FFFFFF	CheckBox#ChkAudioLoudnorm > Grid > ContentPresenter#PART_ContentPresenter > TextBlock @CheckBox#ChkAudioLoudnorm	Normalize Loudness (EBU R128)
ana-kucult	checked	yazi	18.67	#111216	#FFFFFF	CheckBox#ChkAudioLoudnorm > Grid > ContentPresenter#PART_ContentPresenter > TextBlock @CheckBox#ChkAudioLoudnorm	Normalize Loudness (EBU R128)
ana-kucult	pointerover	yazi	18.67	#111216	#FFFFFF	RadioButton#RbFixed720 > Grid > ContentPresenter#PART_ContentPresenter > TextBlock @RadioButton#RbFixed720	720p
ana-kucult	pressed	yazi	18.67	#111216	#FFFFFF	RadioButton#RbFixed720 > Grid > ContentPresenter#PART_ContentPresenter > TextBlock @RadioButton#RbFixed720	720p
ana-kucult	focus-visible	yazi	18.67	#111216	#FFFFFF	RadioButton#RbFixed720 > Grid > ContentPresenter#PART_ContentPresenter > TextBlock @RadioButton#RbFixed720	720p
ana-kucult	checked	yazi	18.67	#111216	#FFFFFF	RadioButton#RbFixed720 > Grid > ContentPresenter#PART_ContentPresenter > TextBlock @RadioButton#RbFixed720	720p
ana-kucult	pointerover	yazi	18.67	#111216	#FFFFFF	RadioButton#RbFltDenoiseHq > Grid > ContentPresenter#PART_ContentPresenter > TextBlock @RadioButton#RbFltDenoiseHq	hqdn3d
ana-kucult	pressed	yazi	18.67	#111216	#FFFFFF	RadioButton#RbFltDenoiseHq > Grid > ContentPresenter#PART_ContentPresenter > TextBlock @RadioButton#RbFltDenoiseHq	hqdn3d
ana-kucult	focus-visible	yazi	18.67	#111216	#FFFFFF	RadioButton#RbFltDenoiseHq > Grid > ContentPresenter#PART_ContentPresenter > TextBlock @RadioButton#RbFltDenoiseHq	hqdn3d
ana-kucult	checked	yazi	18.67	#111216	#FFFFFF	RadioButton#RbFltDenoiseHq > Grid > ContentPresenter#PART_ContentPresenter > TextBlock @RadioButton#RbFltDenoiseHq	hqdn3d
ana-kucult	dinlenik	yazi	18.68	#121216	#FFFFFF	StackPanel > StackPanel > StackPanel > TextBlock#TxtTargetCrfLockedNotice @ScrollViewer#PageShrink	CRF is fixed from the advanced settings;…
ana-ayarlar	dinlenik	yazi	18.68	#111216	#FFFFFF	RadioButton#RbOutputFixed > Grid > ContentPresenter#PART_ContentPresenter > TextBlock @RadioButton#RbOutputFixed	Fixed Folder
ana-ayarlar	dinlenik	yazi	18.68	#111216	#FFFFFF	Border#Root > Panel > ContentPresenter#PART_ContentPresenter > TextBlock @Button#BtnOpenSubtitlesKey	Get a Key
ana-ayarlar	dinlenik	yazi	18.68	#111216	#FFFFFF	Border#Root > Panel > ContentPresenter#PART_ContentPresenter > TextBlock @Button#BtnOpenSubtitlesSignIn	Sign in
ana-ayarlar	pointerover	yazi	18.68	#111216	#FFFFFF	RadioButton#RbOutputFixed > Grid > ContentPresenter#PART_ContentPresenter > TextBlock @RadioButton#RbOutputFixed	Fixed Folder
ana-ayarlar	pressed	yazi	18.68	#111216	#FFFFFF	RadioButton#RbOutputFixed > Grid > ContentPresenter#PART_ContentPresenter > TextBlock @RadioButton#RbOutputFixed	Fixed Folder
ana-ayarlar	focus-visible	yazi	18.68	#111216	#FFFFFF	RadioButton#RbOutputFixed > Grid > ContentPresenter#PART_ContentPresenter > TextBlock @RadioButton#RbOutputFixed	Fixed Folder
ana-ayarlar	checked	yazi	18.68	#111216	#FFFFFF	RadioButton#RbOutputFixed > Grid > ContentPresenter#PART_ContentPresenter > TextBlock @RadioButton#RbOutputFixed	Fixed Folder
ana-ayarlar	focus-visible	yazi	18.68	#111216	#FFFFFF	Border#Root > Panel > ContentPresenter#PART_ContentPresenter > TextBlock @Button#BtnOpenSubtitlesKey	Get a Key
ana-ayarlar	focus-visible	yazi	18.68	#111216	#FFFFFF	Border#Root > Panel > ContentPresenter#PART_ContentPresenter > TextBlock @Button#BtnOpenSubtitlesSignIn	Sign in
ana-oynatici	dinlenik	yazi	18.69	#121216	#FFFFFF	Border#AppliedNotice > Grid > WrapPanel#AppliedNoticeText > TextBlock#TxtAppliedLead @TabControl#Tabs	Updated to a new version
ana-oynatici	dinlenik	yazi	18.69	#121216	#FFFFFF	Border#Root > Panel > ContentPresenter#PART_ContentPresenter > TextBlock @Button#BtnAppliedDismiss	×
ana-oynatici	dinlenik	yazi	18.69	#121216	#FFFFFF	StackPanel > Grid > WrapPanel#UpdateNoticeText > TextBlock#TxtNoticeLead @TabControl#Tabs	A new version is available
ana-oynatici	dinlenik	yazi	18.69	#121216	#FFFFFF	Border#Root > Panel > ContentPresenter#PART_ContentPresenter > TextBlock @Button#BtnNoticeDismiss	×
ana-oynatici	focus-visible	yazi	18.69	#121216	#FFFFFF	Border#Root > Panel > ContentPresenter#PART_ContentPresenter > TextBlock @Button#BtnAppliedDismiss	×
ana-oynatici	focus-visible	yazi	18.69	#121216	#FFFFFF	Border#Root > Panel > ContentPresenter#PART_ContentPresenter > TextBlock @Button#BtnNoticeDismiss	×
ana-kucult	dinlenik	yazi	18.69	#121216	#FFFFFF	Grid > ContentControl#SelectionBox > ContentPresenter#PART_ContentPresenter > TextBlock @ContentControl#SelectionBox	Automatic
ana-kucult	dinlenik	yazi	18.69	#121216	#FFFFFF	ContentPresenter#PART_ContentPresenter > Grid#Root > Border#Placeholder > TextBlock#PlaceholderText @ComparisonPanel#Preview	The panel moved to the front
ana-kucult	dinlenik	yazi	18.69	#121216	#FFFFFF	Border#AppliedNotice > Grid > WrapPanel#AppliedNoticeText > TextBlock#TxtAppliedLead @TabControl#Tabs	Updated to a new version
ana-kucult	dinlenik	yazi	18.69	#121216	#FFFFFF	Border#Root > Panel > ContentPresenter#PART_ContentPresenter > TextBlock @Button#BtnAppliedDismiss	×
ana-kucult	dinlenik	yazi	18.69	#121216	#FFFFFF	StackPanel > Grid > WrapPanel#UpdateNoticeText > TextBlock#TxtNoticeLead @TabControl#Tabs	A new version is available
ana-kucult	dinlenik	yazi	18.69	#121216	#FFFFFF	Border#Root > Panel > ContentPresenter#PART_ContentPresenter > TextBlock @Button#BtnNoticeDismiss	×
ana-kucult	pointerover	yazi	18.69	#121216	#FFFFFF	Grid > ContentControl#SelectionBox > ContentPresenter#PART_ContentPresenter > TextBlock @ContentControl#SelectionBox	Automatic
ana-kucult	pressed	yazi	18.69	#121216	#FFFFFF	Grid > ContentControl#SelectionBox > ContentPresenter#PART_ContentPresenter > TextBlock @ContentControl#SelectionBox	Automatic
ana-kucult	focus-visible	yazi	18.69	#121216	#FFFFFF	Grid > ContentControl#SelectionBox > ContentPresenter#PART_ContentPresenter > TextBlock @ContentControl#SelectionBox	Automatic
ana-kucult	focus-visible	yazi	18.69	#121216	#FFFFFF	Border#Root > Panel > ContentPresenter#PART_ContentPresenter > TextBlock @Button#BtnAppliedDismiss	×
ana-kucult	focus-visible	yazi	18.69	#121216	#FFFFFF	Border#Root > Panel > ContentPresenter#PART_ContentPresenter > TextBlock @Button#BtnNoticeDismiss	×
ana-donustur	dinlenik	yazi	18.69	#121216	#FFFFFF	Grid > ContentControl#SelectionBox > ContentPresenter#PART_ContentPresenter > TextBlock @ContentControl#SelectionBox	MP4
ana-donustur	dinlenik	yazi	18.69	#121216	#FFFFFF	ScrollViewer#PART_ScrollViewer > Grid > ScrollContentPresenter#PART_ContentPresenter > TextPresenter#PART_TextPresenter @ScrollViewer#PART_ScrollViewer	1280x720
ana-donustur	dinlenik	yazi	18.69	#121216	#FFFFFF	Border#AppliedNotice > Grid > WrapPanel#AppliedNoticeText > TextBlock#TxtAppliedLead @TabControl#Tabs	Updated to a new version
ana-donustur	dinlenik	yazi	18.69	#121216	#FFFFFF	Border#Root > Panel > ContentPresenter#PART_ContentPresenter > TextBlock @Button#BtnAppliedDismiss	×
ana-donustur	dinlenik	yazi	18.69	#121216	#FFFFFF	StackPanel > Grid > WrapPanel#UpdateNoticeText > TextBlock#TxtNoticeLead @TabControl#Tabs	A new version is available
ana-donustur	dinlenik	yazi	18.69	#121216	#FFFFFF	Border#Root > Panel > ContentPresenter#PART_ContentPresenter > TextBlock @Button#BtnNoticeDismiss	×
ana-donustur	pointerover	yazi	18.69	#121216	#FFFFFF	Grid > ContentControl#SelectionBox > ContentPresenter#PART_ContentPresenter > TextBlock @ContentControl#SelectionBox	MP4
ana-donustur	pressed	yazi	18.69	#121216	#FFFFFF	Grid > ContentControl#SelectionBox > ContentPresenter#PART_ContentPresenter > TextBlock @ContentControl#SelectionBox	MP4
ana-donustur	focus-visible	yazi	18.69	#121216	#FFFFFF	Grid > ContentControl#SelectionBox > ContentPresenter#PART_ContentPresenter > TextBlock @ContentControl#SelectionBox	MP4
ana-donustur	pointerover	yazi	18.69	#121216	#FFFFFF	ScrollViewer#PART_ScrollViewer > Grid > ScrollContentPresenter#PART_ContentPresenter > TextPresenter#PART_TextPresenter @ScrollViewer#PART_ScrollViewer	1280x720
ana-donustur	pressed	yazi	18.69	#121216	#FFFFFF	ScrollViewer#PART_ScrollViewer > Grid > ScrollContentPresenter#PART_ContentPresenter > TextPresenter#PART_TextPresenter @ScrollViewer#PART_ScrollViewer	1280x720
ana-donustur	focus-visible	yazi	18.69	#121216	#FFFFFF	ScrollViewer#PART_ScrollViewer > Grid > ScrollContentPresenter#PART_ContentPresenter > TextPresenter#PART_TextPresenter @ScrollViewer#PART_ScrollViewer	1280x720
ana-donustur	focus-visible	yazi	18.69	#121216	#FFFFFF	Border#Root > Panel > ContentPresenter#PART_ContentPresenter > TextBlock @Button#BtnAppliedDismiss	×
ana-donustur	focus-visible	yazi	18.69	#121216	#FFFFFF	Border#Root > Panel > ContentPresenter#PART_ContentPresenter > TextBlock @Button#BtnNoticeDismiss	×
ana-kaydedici	dinlenik	yazi	18.69	#121216	#FFFFFF	Grid > ContentControl#SelectionBox > ContentPresenter#PART_ContentPresenter > TextBlock @ContentControl#SelectionBox	Whole Screen
ana-kaydedici	dinlenik	yazi	18.69	#121216	#FFFFFF	ScrollViewer#PART_ScrollViewer > Grid > ScrollContentPresenter#PART_ContentPresenter > TextPresenter#PART_TextPresenter @ScrollViewer#PART_ScrollViewer	0
ana-kaydedici	dinlenik	yazi	18.69	#121216	#FFFFFF	Border#AppliedNotice > Grid > WrapPanel#AppliedNoticeText > TextBlock#TxtAppliedLead @TabControl#Tabs	Updated to a new version
ana-kaydedici	dinlenik	yazi	18.69	#121216	#FFFFFF	Border#Root > Panel > ContentPresenter#PART_ContentPresenter > TextBlock @Button#BtnAppliedDismiss	×
ana-kaydedici	dinlenik	yazi	18.69	#121216	#FFFFFF	StackPanel > Grid > WrapPanel#UpdateNoticeText > TextBlock#TxtNoticeLead @TabControl#Tabs	A new version is available
ana-kaydedici	dinlenik	yazi	18.69	#121216	#FFFFFF	Border#Root > Panel > ContentPresenter#PART_ContentPresenter > TextBlock @Button#BtnNoticeDismiss	×
ana-kaydedici	pointerover	yazi	18.69	#121216	#FFFFFF	Grid > ContentControl#SelectionBox > ContentPresenter#PART_ContentPresenter > TextBlock @ContentControl#SelectionBox	Whole Screen
ana-kaydedici	pressed	yazi	18.69	#121216	#FFFFFF	Grid > ContentControl#SelectionBox > ContentPresenter#PART_ContentPresenter > TextBlock @ContentControl#SelectionBox	Whole Screen
ana-kaydedici	focus-visible	yazi	18.69	#121216	#FFFFFF	Grid > ContentControl#SelectionBox > ContentPresenter#PART_ContentPresenter > TextBlock @ContentControl#SelectionBox	Whole Screen
ana-kaydedici	pointerover	yazi	18.69	#121216	#FFFFFF	ScrollViewer#PART_ScrollViewer > Grid > ScrollContentPresenter#PART_ContentPresenter > TextPresenter#PART_TextPresenter @ScrollViewer#PART_ScrollViewer	0
ana-kaydedici	pressed	yazi	18.69	#121216	#FFFFFF	ScrollViewer#PART_ScrollViewer > Grid > ScrollContentPresenter#PART_ContentPresenter > TextPresenter#PART_TextPresenter @ScrollViewer#PART_ScrollViewer	0
ana-kaydedici	focus-visible	yazi	18.69	#121216	#FFFFFF	ScrollViewer#PART_ScrollViewer > Grid > ScrollContentPresenter#PART_ContentPresenter > TextPresenter#PART_TextPresenter @ScrollViewer#PART_ScrollViewer	0
ana-kaydedici	focus-visible	yazi	18.69	#121216	#FFFFFF	Border#Root > Panel > ContentPresenter#PART_ContentPresenter > TextBlock @Button#BtnAppliedDismiss	×
ana-kaydedici	focus-visible	yazi	18.69	#121216	#FFFFFF	Border#Root > Panel > ContentPresenter#PART_ContentPresenter > TextBlock @Button#BtnNoticeDismiss	×
ana-gelismis	dinlenik	yazi	18.69	#121216	#FFFFFF	Border#AppliedNotice > Grid > WrapPanel#AppliedNoticeText > TextBlock#TxtAppliedLead @TabControl#Tabs	Updated to a new version
ana-gelismis	dinlenik	yazi	18.69	#121216	#FFFFFF	Border#Root > Panel > ContentPresenter#PART_ContentPresenter > TextBlock @Button#BtnAppliedDismiss	×
ana-gelismis	dinlenik	yazi	18.69	#121216	#FFFFFF	StackPanel > Grid > WrapPanel#UpdateNoticeText > TextBlock#TxtNoticeLead @TabControl#Tabs	A new version is available
ana-gelismis	dinlenik	yazi	18.69	#121216	#FFFFFF	Border#Root > Panel > ContentPresenter#PART_ContentPresenter > TextBlock @Button#BtnNoticeDismiss	×
ana-gelismis	focus-visible	yazi	18.69	#121216	#FFFFFF	Border#Root > Panel > ContentPresenter#PART_ContentPresenter > TextBlock @Button#BtnAppliedDismiss	×
ana-gelismis	focus-visible	yazi	18.69	#121216	#FFFFFF	Border#Root > Panel > ContentPresenter#PART_ContentPresenter > TextBlock @Button#BtnNoticeDismiss	×
ana-ayarlar	dinlenik	yazi	18.69	#121216	#FFFFFF	Grid > ContentControl#SelectionBox > ContentPresenter#PART_ContentPresenter > TextBlock @ContentControl#SelectionBox	English
ana-ayarlar	dinlenik	yazi	18.69	#111216	#FFFFFF	Border#Root > Panel > ContentPresenter#PART_ContentPresenter > TextBlock @Button#BtnResetOutputName	Default
ana-ayarlar	dinlenik	yazi	18.69	#121216	#FFFFFF	Border#AppliedNotice > Grid > WrapPanel#AppliedNoticeText > TextBlock#TxtAppliedLead @TabControl#Tabs	Updated to a new version
ana-ayarlar	dinlenik	yazi	18.69	#121216	#FFFFFF	Border#Root > Panel > ContentPresenter#PART_ContentPresenter > TextBlock @Button#BtnAppliedDismiss	×
ana-ayarlar	dinlenik	yazi	18.69	#121216	#FFFFFF	StackPanel > Grid > WrapPanel#UpdateNoticeText > TextBlock#TxtNoticeLead @TabControl#Tabs	A new version is available
ana-ayarlar	dinlenik	yazi	18.69	#121216	#FFFFFF	Border#Root > Panel > ContentPresenter#PART_ContentPresenter > TextBlock @Button#BtnNoticeDismiss	×
ana-ayarlar	pointerover	yazi	18.69	#121216	#FFFFFF	Grid > ContentControl#SelectionBox > ContentPresenter#PART_ContentPresenter > TextBlock @ContentControl#SelectionBox	English
ana-ayarlar	pressed	yazi	18.69	#121216	#FFFFFF	Grid > ContentControl#SelectionBox > ContentPresenter#PART_ContentPresenter > TextBlock @ContentControl#SelectionBox	English
ana-ayarlar	focus-visible	yazi	18.69	#121216	#FFFFFF	Grid > ContentControl#SelectionBox > ContentPresenter#PART_ContentPresenter > TextBlock @ContentControl#SelectionBox	English
ana-ayarlar	focus-visible	yazi	18.69	#121216	#FFFFFF	Border#Root > Panel > ContentPresenter#PART_ContentPresenter > TextBlock @Button#BtnAppliedDismiss	×
ana-ayarlar	focus-visible	yazi	18.69	#121216	#FFFFFF	Border#Root > Panel > ContentPresenter#PART_ContentPresenter > TextBlock @Button#BtnNoticeDismiss	×
kucultme-isi	dinlenik	yazi	18.69	#121216	#FFFFFF	Grid > ContentControl#SelectionBox > ContentPresenter#PART_ContentPresenter > TextBlock @ContentControl#SelectionBox	Hiçbir Şey Yapma
kucultme-isi	pointerover	yazi	18.69	#121216	#FFFFFF	Grid > ContentControl#SelectionBox > ContentPresenter#PART_ContentPresenter > TextBlock @ContentControl#SelectionBox	Hiçbir Şey Yapma
kucultme-isi	pressed	yazi	18.69	#121216	#FFFFFF	Grid > ContentControl#SelectionBox > ContentPresenter#PART_ContentPresenter > TextBlock @ContentControl#SelectionBox	Hiçbir Şey Yapma
kucultme-isi	focus-visible	yazi	18.69	#121216	#FFFFFF	Grid > ContentControl#SelectionBox > ContentPresenter#PART_ContentPresenter > TextBlock @ContentControl#SelectionBox	Hiçbir Şey Yapma
acilir-liste	dinlenik	yazi	18.69	#121216	#FFFFFF	ComboBoxItem > Border#ItemBorder > ContentPresenter#PART_ContentPresenter > TextBlock	Örnek seçenek
acilir-liste	dinlenik	yazi	18.69	#121216	#FFFFFF	ToolTip > Border > ContentPresenter#PART_ContentPresenter > TextBlock	İpucu metni
acilir-liste	dinlenik	yazi	18.69	#121216	#FFFFFF	FlyoutPresenter > Border > ContentPresenter#PART_ContentPresenter > TextBlock	Açılır kutu metni
acilir-liste	pressed	yazi	18.69	#121216	#FFFFFF	ComboBoxItem > Border#ItemBorder > ContentPresenter#PART_ContentPresenter > TextBlock	Örnek seçenek
acilir-liste	focus-visible	yazi	18.69	#121216	#FFFFFF	ComboBoxItem > Border#ItemBorder > ContentPresenter#PART_ContentPresenter > TextBlock	Örnek seçenek
ana-donustur	dinlenik	yazi	18.70	#111215	#FFFFFF	StackPanel > Border > StackPanel > TextBlock#TxtConvertValidation @ScrollViewer#PageConvert	Örnek 0.9
ana-kucult	dinlenik	yazi	18.71	#111215	#FFFFFF	Border#Root > Panel > ContentPresenter#PART_ContentPresenter > TextBlock @ScrollViewer#PageShrink	Browse
ana-kucult	focus-visible	yazi	18.71	#111215	#FFFFFF	Border#Root > Panel > ContentPresenter#PART_ContentPresenter > TextBlock @ScrollViewer#PageShrink	Browse
ana-gelismis	dinlenik	simge	18.71	#121216	#FFFFFF	Border#Root > Panel > ContentPresenter#PART_ContentPresenter > Path#GlyphPerformance @Button#BtnPerformanceExpand	GlyphPerformance
ana-donustur	dinlenik	yazi	18.74	#111215	#FFFFFF	StackPanel > Border > StackPanel > TextBlock#TxtConvertStage @ScrollViewer#PageConvert	Idle
ana-kucult	dinlenik	yazi	18.75	#111215	#FFFFFF	Border#Root > Panel > ContentPresenter#PART_ContentPresenter > TextBlock @Button#Chip100	100
ana-kucult	dinlenik	yazi	18.75	#111215	#FFFFFF	Border#TargetPanel > StackPanel > StackPanel > TextBlock#TxtQualityTargetNotice @ScrollViewer#PageShrink	Load a video; a quality target can only …
ana-kaydedici	dinlenik	simge	18.76	#111215	#FFFFFF	Border#Root > Panel > ContentPresenter#PART_ContentPresenter > Path @Button#BtnMini	Path
ana-kaydedici	pointerover	simge	18.76	#111215	#FFFFFF	Border#Root > Panel > ContentPresenter#PART_ContentPresenter > Path @Button#BtnMini	Path
ana-kaydedici	focus-visible	simge	18.76	#111215	#FFFFFF	Border#Root > Panel > ContentPresenter#PART_ContentPresenter > Path @Button#BtnMini	Path
ana-kaydedici	edilgen	simge	18.76	#111215	#FFFFFF	Border#Root > Panel > ContentPresenter#PART_ContentPresenter > Path @Button#BtnMini	Path
ana-kucult	dinlenik	yazi	18.77	#111215	#FFFFFF	StackPanel > SutunIzgara#OutputFacts > StackPanel > TextBlock#TxtRemaining @ScrollViewer#PageShrink	-
ana-kucult	dinlenik	yazi	18.77	#111215	#FFFFFF	CheckBox#ChkWhatsAppCompatible > Grid > ContentPresenter#PART_ContentPresenter > TextBlock @CheckBox#ChkWhatsAppCompatible	WhatsApp Compatible (H.264)
ana-kucult	dinlenik	yazi	18.77	#111215	#FFFFFF	Panel > ContentPresenter#PART_ContentPresenter > Grid > TextBlock#TxtAudioSummary @Button#BtnAudioToggle	Automatic · Automatic · Automatic
ana-kucult	dinlenik	yazi	18.77	#111215	#FFFFFF	StackPanel > WrapPanel#FilterPanel > StackPanel > TextBlock @ScrollViewer#PageShrink	Color Matrix
ana-kucult	dinlenik	yazi	18.77	#111215	#FFFFFF	RadioButton#RbFltColor601 > Grid > ContentPresenter#PART_ContentPresenter > TextBlock @RadioButton#RbFltColor601	BT.601
ana-kucult	pointerover	yazi	18.77	#111215	#FFFFFF	CheckBox#ChkWhatsAppCompatible > Grid > ContentPresenter#PART_ContentPresenter > TextBlock @CheckBox#ChkWhatsAppCompatible	WhatsApp Compatible (H.264)
ana-kucult	pressed	yazi	18.77	#111215	#FFFFFF	CheckBox#ChkWhatsAppCompatible > Grid > ContentPresenter#PART_ContentPresenter > TextBlock @CheckBox#ChkWhatsAppCompatible	WhatsApp Compatible (H.264)
ana-kucult	focus-visible	yazi	18.77	#111215	#FFFFFF	CheckBox#ChkWhatsAppCompatible > Grid > ContentPresenter#PART_ContentPresenter > TextBlock @CheckBox#ChkWhatsAppCompatible	WhatsApp Compatible (H.264)
ana-kucult	checked	yazi	18.77	#111215	#FFFFFF	CheckBox#ChkWhatsAppCompatible > Grid > ContentPresenter#PART_ContentPresenter > TextBlock @CheckBox#ChkWhatsAppCompatible	WhatsApp Compatible (H.264)
ana-kucult	pointerover	yazi	18.77	#111215	#FFFFFF	Panel > ContentPresenter#PART_ContentPresenter > Grid > TextBlock#TxtAudioSummary @Button#BtnAudioToggle	Automatic · Automatic · Automatic
ana-kucult	focus-visible	yazi	18.77	#111215	#FFFFFF	Panel > ContentPresenter#PART_ContentPresenter > Grid > TextBlock#TxtAudioSummary @Button#BtnAudioToggle	Automatic · Automatic · Automatic
ana-kucult	edilgen	yazi	18.77	#111215	#FFFFFF	Panel > ContentPresenter#PART_ContentPresenter > Grid > TextBlock#TxtAudioSummary @Button#BtnAudioToggle	Automatic · Automatic · Automatic
ana-kucult	pointerover	yazi	18.77	#111215	#FFFFFF	RadioButton#RbFltColor601 > Grid > ContentPresenter#PART_ContentPresenter > TextBlock @RadioButton#RbFltColor601	BT.601
ana-kucult	pressed	yazi	18.77	#111215	#FFFFFF	RadioButton#RbFltColor601 > Grid > ContentPresenter#PART_ContentPresenter > TextBlock @RadioButton#RbFltColor601	BT.601
ana-kucult	focus-visible	yazi	18.77	#111215	#FFFFFF	RadioButton#RbFltColor601 > Grid > ContentPresenter#PART_ContentPresenter > TextBlock @RadioButton#RbFltColor601	BT.601
ana-kucult	checked	yazi	18.77	#111215	#FFFFFF	RadioButton#RbFltColor601 > Grid > ContentPresenter#PART_ContentPresenter > TextBlock @RadioButton#RbFltColor601	BT.601
ana-kucult	dinlenik	yazi	18.79	#111115	#FFFFFF	StackPanel > StackPanel > StackPanel > TextBlock#TxtChipDerivation @ScrollViewer#PageShrink	Target 16 MB · Automatic · Fill Target
ana-kaydedici	dinlenik	yazi	18.79	#111115	#FFFFFF	Border#ResultPanel > StackPanel > Grid#WarningRow > TextBlock#TxtWarning @ScrollViewer#PageRecorder	Örnek 0.9
ana-gelismis	dinlenik	yazi	18.79	#111115	#FFFFFF	Border#AiPanel > StackPanel > StackPanel#AiDetails > TextBlock @ScrollViewer#PageAdvanced	• This step is optional. • Copy a prompt…
ana-ayarlar	dinlenik	yazi	18.79	#111215	#FFFFFF	Border#GeneralSettingsPanel > StackPanel > StackPanel > TextBlock @ScrollViewer#PageSettings	Manual uses the FFmpeg you choose instea…
ana-ayarlar	dinlenik	yazi	18.79	#111115	#FFFFFF	CheckBox#ChkFollowRecording > Grid > ContentPresenter#PART_ContentPresenter > TextBlock @CheckBox#ChkFollowRecording	Follow the Recording in Every Tab
ana-ayarlar	pointerover	yazi	18.79	#111115	#FFFFFF	CheckBox#ChkFollowRecording > Grid > ContentPresenter#PART_ContentPresenter > TextBlock @CheckBox#ChkFollowRecording	Follow the Recording in Every Tab
ana-ayarlar	pressed	yazi	18.79	#111115	#FFFFFF	CheckBox#ChkFollowRecording > Grid > ContentPresenter#PART_ContentPresenter > TextBlock @CheckBox#ChkFollowRecording	Follow the Recording in Every Tab
ana-ayarlar	focus-visible	yazi	18.79	#111115	#FFFFFF	CheckBox#ChkFollowRecording > Grid > ContentPresenter#PART_ContentPresenter > TextBlock @CheckBox#ChkFollowRecording	Follow the Recording in Every Tab
ana-ayarlar	checked	yazi	18.79	#111115	#FFFFFF	CheckBox#ChkFollowRecording > Grid > ContentPresenter#PART_ContentPresenter > TextBlock @CheckBox#ChkFollowRecording	Follow the Recording in Every Tab
ana-kaydedici	dinlenik	yazi	18.80	#111115	#FFFFFF	CheckBox#ChkShowClicks > Grid > ContentPresenter#PART_ContentPresenter > TextBlock @CheckBox#ChkShowClicks	Show clicks with a ring
ana-kaydedici	pointerover	yazi	18.80	#111115	#FFFFFF	CheckBox#ChkShowClicks > Grid > ContentPresenter#PART_ContentPresenter > TextBlock @CheckBox#ChkShowClicks	Show clicks with a ring
ana-kaydedici	pressed	yazi	18.80	#111115	#FFFFFF	CheckBox#ChkShowClicks > Grid > ContentPresenter#PART_ContentPresenter > TextBlock @CheckBox#ChkShowClicks	Show clicks with a ring
ana-kaydedici	focus-visible	yazi	18.80	#111115	#FFFFFF	CheckBox#ChkShowClicks > Grid > ContentPresenter#PART_ContentPresenter > TextBlock @CheckBox#ChkShowClicks	Show clicks with a ring
ana-kaydedici	checked	yazi	18.80	#111115	#FFFFFF	CheckBox#ChkShowClicks > Grid > ContentPresenter#PART_ContentPresenter > TextBlock @CheckBox#ChkShowClicks	Show clicks with a ring
ana-kucult	dinlenik	yazi	18.81	#111115	#FFFFFF	Border#Root > Panel > ContentPresenter#PART_ContentPresenter > TextBlock @Button#Chip25	25
ana-kucult	dinlenik	yazi	18.81	#111115	#FFFFFF	StackPanel > SutunIzgara#OutputFacts > StackPanel > TextBlock#TxtDurationValue @ScrollViewer#PageShrink	-
ana-kucult	dinlenik	yazi	18.81	#111115	#FFFFFF	Border#SourcePanel > StackPanel > Grid#SourceCard > TextBlock#TxtFileName @ScrollViewer#PageShrink	Drop any media file here, or browse.
ana-ayarlar	dinlenik	yazi	18.81	#111115	#FFFFFF	Border#GeneralSettingsPanel > StackPanel > StackPanel > TextBlock @ScrollViewer#PageSettings	Fixed folder sends every output to the s…
ana-ayarlar	dinlenik	yazi	18.81	#111115	#FFFFFF	StackPanel > Grid > StackPanel > TextBlock @ScrollViewer#PageSettings	Sets the target size the Shrink tab open…
ana-kucult	dinlenik	yazi	18.82	#111115	#FFFFFF	StackPanel > WrapPanel#FilterPanel > StackPanel > TextBlock @ScrollViewer#PageShrink	Deinterlace
ana-kucult	dinlenik	yazi	18.82	#111115	#FFFFFF	RadioButton#RbFltDeintOn > Grid > ContentPresenter#PART_ContentPresenter > TextBlock @RadioButton#RbFltDeintOn	On
ana-kucult	pointerover	yazi	18.82	#111115	#FFFFFF	RadioButton#RbFltDeintOn > Grid > ContentPresenter#PART_ContentPresenter > TextBlock @RadioButton#RbFltDeintOn	On
ana-kucult	pressed	yazi	18.82	#111115	#FFFFFF	RadioButton#RbFltDeintOn > Grid > ContentPresenter#PART_ContentPresenter > TextBlock @RadioButton#RbFltDeintOn	On
ana-kucult	focus-visible	yazi	18.82	#111115	#FFFFFF	RadioButton#RbFltDeintOn > Grid > ContentPresenter#PART_ContentPresenter > TextBlock @RadioButton#RbFltDeintOn	On
ana-kucult	checked	yazi	18.82	#111115	#FFFFFF	RadioButton#RbFltDeintOn > Grid > ContentPresenter#PART_ContentPresenter > TextBlock @RadioButton#RbFltDeintOn	On
ana-ayarlar	dinlenik	yazi	18.82	#111115	#FFFFFF	StackPanel > Grid#LanguageThemeRow > StackPanel > TextBlock @ScrollViewer#PageSettings	Changes every colour in the program and …
ana-ayarlar	dinlenik	yazi	18.82	#111115	#FFFFFF	Border#GeneralSettingsPanel > StackPanel > StackPanel > TextBlock#LblOpenSubtitlesStatus @ScrollViewer#PageSettings	Not signed in — subtitle downloads need …
ana-gelismis	dinlenik	yazi	18.84	#111115	#FFFFFF	Border#AiPanel > StackPanel > Grid > TextBlock#TxtAiHint @ScrollViewer#PageAdvanced	• This step is optional. • Copy a prompt…
ana-kucult	dinlenik	yazi	18.86	#101114	#FFFFFF	Border#Root > Panel > ContentPresenter#PART_ContentPresenter > TextBlock @Button#BtnShareCancel	Cancel the Upload
ana-kucult	focus-visible	yazi	18.86	#101114	#FFFFFF	Border#Root > Panel > ContentPresenter#PART_ContentPresenter > TextBlock @Button#BtnShareCancel	Cancel the Upload
ana-kaydedici	dinlenik	yazi	18.86	#101114	#FFFFFF	Grid > SutunIzgara#StripStats > StackPanel > TextBlock#TxtDropped @ScrollViewer#PageRecorder	0
ana-kucult	dinlenik	simge	18.87	#101114	#FFFFFF	Panel > ContentPresenter#PART_ContentPresenter > Grid > Path#GlyphAdvanced @Button#BtnAdvancedToggle	GlyphAdvanced
ana-kucult	dinlenik	yazi	18.87	#101114	#FFFFFF	Border#Root > Panel > ContentPresenter#PART_ContentPresenter > TextBlock @Button#ChipArchive	Archive
ana-kucult	dinlenik	yazi	18.87	#101114	#FFFFFF	Border#Root > Panel > ContentPresenter#PART_ContentPresenter > TextBlock @Button#Chip134	134
ana-kucult	dinlenik	yazi	18.87	#101114	#FFFFFF	Border#Root > Panel > ContentPresenter#PART_ContentPresenter > TextBlock @Button#Chip180	180
ana-kucult	dinlenik	yazi	18.87	#101114	#FFFFFF	StackPanel > StackPanel > StackPanel#PresetUndoBar > TextBlock#TxtPresetUndo @ScrollViewer#PageShrink	Örnek 0.9
ana-kucult	dinlenik	yazi	18.87	#101114	#FFFFFF	Border#Root > Panel > ContentPresenter#PART_ContentPresenter > TextBlock @Button#BtnPresetUndo	Undo
ana-kucult	dinlenik	simge	18.87	#101114	#FFFFFF	Panel > ContentPresenter#PART_ContentPresenter > Grid > Path#GlyphQuality @Button#BtnQualityToggle	GlyphQuality
ana-kucult	dinlenik	yazi	18.87	#101114	#FFFFFF	RadioButton#RbCodecAuto > Grid > ContentPresenter#PART_ContentPresenter > TextBlock @RadioButton#RbCodecAuto	Automatic
ana-kucult	dinlenik	yazi	18.87	#101114	#FFFFFF	RadioButton#RbFillTarget > Grid > ContentPresenter#PART_ContentPresenter > TextBlock @RadioButton#RbFillTarget	Fill Target
ana-kucult	dinlenik	yazi	18.87	#101114	#FFFFFF	RadioButton#RbHdrPreserve > Grid > ContentPresenter#PART_ContentPresenter > TextBlock @RadioButton#RbHdrPreserve	Preserve HDR
ana-kucult	dinlenik	simge	18.87	#101114	#FFFFFF	Panel > ContentPresenter#PART_ContentPresenter > Grid > Path#GlyphAudio @Button#BtnAudioToggle	GlyphAudio
ana-kucult	dinlenik	yazi	18.87	#101114	#FFFFFF	StackPanel#AudioBody > Grid > WrapPanel > TextBlock#TxtAdvAudioKbpsNow @ScrollViewer#PageShrink	Örnek 0.9
ana-kucult	dinlenik	yazi	18.87	#101114	#FFFFFF	StackPanel#AudioBody > Grid > WrapPanel > TextBlock#TxtAdvAudioChannelsNow @ScrollViewer#PageShrink	Örnek 0.9
ana-kucult	dinlenik	yazi	18.87	#101114	#FFFFFF	StackPanel#AudioBody > Grid > WrapPanel > TextBlock#TxtAdvAudioCodecNow @ScrollViewer#PageShrink	Örnek 0.9
ana-kucult	dinlenik	yazi	18.87	#101114	#FFFFFF	Border#Root > Panel > ContentPresenter#PART_ContentPresenter > TextBlock @Button#BtnAddSubtitle	Add Subtitle File
ana-kucult	dinlenik	simge	18.87	#101114	#FFFFFF	Panel > ContentPresenter#PART_ContentPresenter > Grid > Path#GlyphFrame @Button#BtnFrameToggle	GlyphFrame
ana-kucult	dinlenik	yazi	18.87	#101114	#FFFFFF	CheckBox#ChkResolution > Grid > ContentPresenter#PART_ContentPresenter > TextBlock @CheckBox#ChkResolution	May Lower Resolution
ana-kucult	dinlenik	yazi	18.87	#101114	#FFFFFF	RadioButton#RbFixedSource > Grid > ContentPresenter#PART_ContentPresenter > TextBlock @RadioButton#RbFixedSource	Source
ana-kucult	dinlenik	yazi	18.87	#101114	#FFFFFF	RadioButton#RbFixed1080 > Grid > ContentPresenter#PART_ContentPresenter > TextBlock @RadioButton#RbFixed1080	1080p
ana-kucult	dinlenik	yazi	18.87	#101114	#FFFFFF	StackPanel#FrameBody > Grid > WrapPanel > TextBlock#TxtAdvMinResolutionNow @ScrollViewer#PageShrink	Örnek 0.9
ana-kucult	dinlenik	yazi	18.87	#101114	#FFFFFF	StackPanel#FrameBody > Grid > WrapPanel > TextBlock#TxtAdvMinFpsNow @ScrollViewer#PageShrink	Örnek 0.9
ana-kucult	dinlenik	yazi	18.87	#101114	#FFFFFF	Panel > ContentPresenter#PART_ContentPresenter > Grid > TextBlock#TxtAdvancedSummary @Button#BtnAdvancedToggle	All Automatic
ana-kucult	dinlenik	yazi	18.87	#101114	#FFFFFF	RadioButton#RbAdvModeAuto > Grid > ContentPresenter#PART_ContentPresenter > TextBlock @RadioButton#RbAdvModeAuto	Automatic
ana-kucult	dinlenik	yazi	18.87	#101114	#FFFFFF	RadioButton#RbAdvModeCrf > Grid > ContentPresenter#PART_ContentPresenter > TextBlock @RadioButton#RbAdvModeCrf	CRF
ana-kucult	dinlenik	yazi	18.87	#101114	#FFFFFF	StackPanel#AdvancedBody > Grid > WrapPanel > TextBlock#TxtAdvCrfNow @ScrollViewer#PageShrink	Örnek 0.9
ana-kucult	dinlenik	yazi	18.87	#101114	#FFFFFF	StackPanel#AdvancedBody > Grid > WrapPanel > TextBlock#TxtAdvPresetNow @ScrollViewer#PageShrink	Örnek 0.9
ana-kucult	dinlenik	yazi	18.87	#101114	#FFFFFF	StackPanel#AdvancedBody > Grid > WrapPanel > TextBlock#TxtAdvTuneNow @ScrollViewer#PageShrink	Örnek 0.9
ana-kucult	dinlenik	yazi	18.87	#101114	#FFFFFF	RadioButton#RbAdvPathAuto > Grid > ContentPresenter#PART_ContentPresenter > TextBlock @RadioButton#RbAdvPathAuto	Automatic
ana-kucult	dinlenik	yazi	18.87	#101114	#FFFFFF	RadioButton#RbAdvPathSoftware > Grid > ContentPresenter#PART_ContentPresenter > TextBlock @RadioButton#RbAdvPathSoftware	Software
ana-kucult	dinlenik	yazi	18.87	#101114	#FFFFFF	StackPanel#AdvancedBody > Grid > WrapPanel > TextBlock#TxtAdvCodecLockNow @ScrollViewer#PageShrink	Örnek 0.9
ana-kucult	dinlenik	yazi	18.87	#101114	#FFFFFF	RadioButton#RbFltDeintAuto > Grid > ContentPresenter#PART_ContentPresenter > TextBlock @RadioButton#RbFltDeintAuto	Automatic
ana-kucult	dinlenik	yazi	18.87	#101114	#FFFFFF	RadioButton#RbFltDeintOff > Grid > ContentPresenter#PART_ContentPresenter > TextBlock @RadioButton#RbFltDeintOff	Off
ana-kucult	dinlenik	yazi	18.87	#101114	#FFFFFF	RadioButton#RbFltDenoiseOff > Grid > ContentPresenter#PART_ContentPresenter > TextBlock @RadioButton#RbFltDenoiseOff	Off
ana-kucult	dinlenik	yazi	18.87	#101114	#FFFFFF	RadioButton#RbFltDenoiseNlm > Grid > ContentPresenter#PART_ContentPresenter > TextBlock @RadioButton#RbFltDenoiseNlm	NLMeans
ana-kucult	dinlenik	yazi	18.87	#101114	#FFFFFF	RadioButton#RbFltColorKeep > Grid > ContentPresenter#PART_ContentPresenter > TextBlock @RadioButton#RbFltColorKeep	Keep
ana-kucult	dinlenik	yazi	18.87	#101114	#FFFFFF	RadioButton#RbFltColor709 > Grid > ContentPresenter#PART_ContentPresenter > TextBlock @RadioButton#RbFltColor709	BT.709
ana-kucult	dinlenik	yazi	18.87	#101114	#FFFFFF	Border#Root > Panel > ContentPresenter#PART_ContentPresenter > TextBlock @Button#BtnReveal	Show in Folder
ana-kucult	focus-visible	yazi	18.87	#101114	#FFFFFF	Border#Root > Panel > ContentPresenter#PART_ContentPresenter > TextBlock @Button#ChipArchive	Archive
ana-kucult	focus-visible	yazi	18.87	#101114	#FFFFFF	Border#Root > Panel > ContentPresenter#PART_ContentPresenter > TextBlock @Button#Chip134	134
ana-kucult	focus-visible	yazi	18.87	#101114	#FFFFFF	Border#Root > Panel > ContentPresenter#PART_ContentPresenter > TextBlock @Button#Chip180	180
ana-kucult	focus-visible	yazi	18.87	#101114	#FFFFFF	Border#Root > Panel > ContentPresenter#PART_ContentPresenter > TextBlock @Button#BtnPresetUndo	Undo
ana-kucult	focus-visible	simge	18.87	#101114	#FFFFFF	Panel > ContentPresenter#PART_ContentPresenter > Grid > Path#GlyphQuality @Button#BtnQualityToggle	GlyphQuality
ana-kucult	pointerover	yazi	18.87	#101114	#FFFFFF	RadioButton#RbCodecAuto > Grid > ContentPresenter#PART_ContentPresenter > TextBlock @RadioButton#RbCodecAuto	Automatic
ana-kucult	pressed	yazi	18.87	#101114	#FFFFFF	RadioButton#RbCodecAuto > Grid > ContentPresenter#PART_ContentPresenter > TextBlock @RadioButton#RbCodecAuto	Automatic
ana-kucult	focus-visible	yazi	18.87	#101114	#FFFFFF	RadioButton#RbCodecAuto > Grid > ContentPresenter#PART_ContentPresenter > TextBlock @RadioButton#RbCodecAuto	Automatic
ana-kucult	checked	yazi	18.87	#101114	#FFFFFF	RadioButton#RbCodecAuto > Grid > ContentPresenter#PART_ContentPresenter > TextBlock @RadioButton#RbCodecAuto	Automatic
ana-kucult	pointerover	yazi	18.87	#101114	#FFFFFF	RadioButton#RbFillTarget > Grid > ContentPresenter#PART_ContentPresenter > TextBlock @RadioButton#RbFillTarget	Fill Target
ana-kucult	pressed	yazi	18.87	#101114	#FFFFFF	RadioButton#RbFillTarget > Grid > ContentPresenter#PART_ContentPresenter > TextBlock @RadioButton#RbFillTarget	Fill Target
ana-kucult	focus-visible	yazi	18.87	#101114	#FFFFFF	RadioButton#RbFillTarget > Grid > ContentPresenter#PART_ContentPresenter > TextBlock @RadioButton#RbFillTarget	Fill Target
ana-kucult	checked	yazi	18.87	#101114	#FFFFFF	RadioButton#RbFillTarget > Grid > ContentPresenter#PART_ContentPresenter > TextBlock @RadioButton#RbFillTarget	Fill Target
ana-kucult	pointerover	yazi	18.87	#101114	#FFFFFF	RadioButton#RbHdrPreserve > Grid > ContentPresenter#PART_ContentPresenter > TextBlock @RadioButton#RbHdrPreserve	Preserve HDR
ana-kucult	pressed	yazi	18.87	#101114	#FFFFFF	RadioButton#RbHdrPreserve > Grid > ContentPresenter#PART_ContentPresenter > TextBlock @RadioButton#RbHdrPreserve	Preserve HDR
ana-kucult	focus-visible	yazi	18.87	#101114	#FFFFFF	RadioButton#RbHdrPreserve > Grid > ContentPresenter#PART_ContentPresenter > TextBlock @RadioButton#RbHdrPreserve	Preserve HDR
ana-kucult	checked	yazi	18.87	#101114	#FFFFFF	RadioButton#RbHdrPreserve > Grid > ContentPresenter#PART_ContentPresenter > TextBlock @RadioButton#RbHdrPreserve	Preserve HDR
ana-kucult	focus-visible	simge	18.87	#101114	#FFFFFF	Panel > ContentPresenter#PART_ContentPresenter > Grid > Path#GlyphAudio @Button#BtnAudioToggle	GlyphAudio
ana-kucult	focus-visible	yazi	18.87	#101114	#FFFFFF	Border#Root > Panel > ContentPresenter#PART_ContentPresenter > TextBlock @Button#BtnAddSubtitle	Add Subtitle File
ana-kucult	focus-visible	simge	18.87	#101114	#FFFFFF	Panel > ContentPresenter#PART_ContentPresenter > Grid > Path#GlyphFrame @Button#BtnFrameToggle	GlyphFrame
ana-kucult	pointerover	yazi	18.87	#101114	#FFFFFF	CheckBox#ChkResolution > Grid > ContentPresenter#PART_ContentPresenter > TextBlock @CheckBox#ChkResolution	May Lower Resolution
ana-kucult	pressed	yazi	18.87	#101114	#FFFFFF	CheckBox#ChkResolution > Grid > ContentPresenter#PART_ContentPresenter > TextBlock @CheckBox#ChkResolution	May Lower Resolution
ana-kucult	focus-visible	yazi	18.87	#101114	#FFFFFF	CheckBox#ChkResolution > Grid > ContentPresenter#PART_ContentPresenter > TextBlock @CheckBox#ChkResolution	May Lower Resolution
ana-kucult	checked	yazi	18.87	#101114	#FFFFFF	CheckBox#ChkResolution > Grid > ContentPresenter#PART_ContentPresenter > TextBlock @CheckBox#ChkResolution	May Lower Resolution
ana-kucult	pointerover	yazi	18.87	#101114	#FFFFFF	RadioButton#RbFixedSource > Grid > ContentPresenter#PART_ContentPresenter > TextBlock @RadioButton#RbFixedSource	Source
ana-kucult	pressed	yazi	18.87	#101114	#FFFFFF	RadioButton#RbFixedSource > Grid > ContentPresenter#PART_ContentPresenter > TextBlock @RadioButton#RbFixedSource	Source
ana-kucult	focus-visible	yazi	18.87	#101114	#FFFFFF	RadioButton#RbFixedSource > Grid > ContentPresenter#PART_ContentPresenter > TextBlock @RadioButton#RbFixedSource	Source
ana-kucult	checked	yazi	18.87	#101114	#FFFFFF	RadioButton#RbFixedSource > Grid > ContentPresenter#PART_ContentPresenter > TextBlock @RadioButton#RbFixedSource	Source
ana-kucult	pointerover	yazi	18.87	#101114	#FFFFFF	RadioButton#RbFixed1080 > Grid > ContentPresenter#PART_ContentPresenter > TextBlock @RadioButton#RbFixed1080	1080p
ana-kucult	pressed	yazi	18.87	#101114	#FFFFFF	RadioButton#RbFixed1080 > Grid > ContentPresenter#PART_ContentPresenter > TextBlock @RadioButton#RbFixed1080	1080p
ana-kucult	focus-visible	yazi	18.87	#101114	#FFFFFF	RadioButton#RbFixed1080 > Grid > ContentPresenter#PART_ContentPresenter > TextBlock @RadioButton#RbFixed1080	1080p
ana-kucult	checked	yazi	18.87	#101114	#FFFFFF	RadioButton#RbFixed1080 > Grid > ContentPresenter#PART_ContentPresenter > TextBlock @RadioButton#RbFixed1080	1080p
ana-kucult	pointerover	yazi	18.87	#101114	#FFFFFF	Panel > ContentPresenter#PART_ContentPresenter > Grid > TextBlock#TxtAdvancedSummary @Button#BtnAdvancedToggle	All Automatic
ana-kucult	focus-visible	simge	18.87	#101114	#FFFFFF	Panel > ContentPresenter#PART_ContentPresenter > Grid > Path#GlyphAdvanced @Button#BtnAdvancedToggle	GlyphAdvanced
ana-kucult	focus-visible	yazi	18.87	#101114	#FFFFFF	Panel > ContentPresenter#PART_ContentPresenter > Grid > TextBlock#TxtAdvancedSummary @Button#BtnAdvancedToggle	All Automatic
ana-kucult	edilgen	yazi	18.87	#101114	#FFFFFF	Panel > ContentPresenter#PART_ContentPresenter > Grid > TextBlock#TxtAdvancedSummary @Button#BtnAdvancedToggle	All Automatic
ana-kucult	pointerover	yazi	18.87	#101114	#FFFFFF	RadioButton#RbAdvModeAuto > Grid > ContentPresenter#PART_ContentPresenter > TextBlock @RadioButton#RbAdvModeAuto	Automatic
ana-kucult	pressed	yazi	18.87	#101114	#FFFFFF	RadioButton#RbAdvModeAuto > Grid > ContentPresenter#PART_ContentPresenter > TextBlock @RadioButton#RbAdvModeAuto	Automatic
ana-kucult	focus-visible	yazi	18.87	#101114	#FFFFFF	RadioButton#RbAdvModeAuto > Grid > ContentPresenter#PART_ContentPresenter > TextBlock @RadioButton#RbAdvModeAuto	Automatic
ana-kucult	checked	yazi	18.87	#101114	#FFFFFF	RadioButton#RbAdvModeAuto > Grid > ContentPresenter#PART_ContentPresenter > TextBlock @RadioButton#RbAdvModeAuto	Automatic
ana-kucult	pointerover	yazi	18.87	#101114	#FFFFFF	RadioButton#RbAdvModeCrf > Grid > ContentPresenter#PART_ContentPresenter > TextBlock @RadioButton#RbAdvModeCrf	CRF
ana-kucult	pressed	yazi	18.87	#101114	#FFFFFF	RadioButton#RbAdvModeCrf > Grid > ContentPresenter#PART_ContentPresenter > TextBlock @RadioButton#RbAdvModeCrf	CRF
ana-kucult	focus-visible	yazi	18.87	#101114	#FFFFFF	RadioButton#RbAdvModeCrf > Grid > ContentPresenter#PART_ContentPresenter > TextBlock @RadioButton#RbAdvModeCrf	CRF
ana-kucult	checked	yazi	18.87	#101114	#FFFFFF	RadioButton#RbAdvModeCrf > Grid > ContentPresenter#PART_ContentPresenter > TextBlock @RadioButton#RbAdvModeCrf	CRF
ana-kucult	pointerover	yazi	18.87	#101114	#FFFFFF	RadioButton#RbAdvPathAuto > Grid > ContentPresenter#PART_ContentPresenter > TextBlock @RadioButton#RbAdvPathAuto	Automatic
ana-kucult	pressed	yazi	18.87	#101114	#FFFFFF	RadioButton#RbAdvPathAuto > Grid > ContentPresenter#PART_ContentPresenter > TextBlock @RadioButton#RbAdvPathAuto	Automatic
ana-kucult	focus-visible	yazi	18.87	#101114	#FFFFFF	RadioButton#RbAdvPathAuto > Grid > ContentPresenter#PART_ContentPresenter > TextBlock @RadioButton#RbAdvPathAuto	Automatic
ana-kucult	checked	yazi	18.87	#101114	#FFFFFF	RadioButton#RbAdvPathAuto > Grid > ContentPresenter#PART_ContentPresenter > TextBlock @RadioButton#RbAdvPathAuto	Automatic
ana-kucult	pointerover	yazi	18.87	#101114	#FFFFFF	RadioButton#RbAdvPathSoftware > Grid > ContentPresenter#PART_ContentPresenter > TextBlock @RadioButton#RbAdvPathSoftware	Software
ana-kucult	pressed	yazi	18.87	#101114	#FFFFFF	RadioButton#RbAdvPathSoftware > Grid > ContentPresenter#PART_ContentPresenter > TextBlock @RadioButton#RbAdvPathSoftware	Software
ana-kucult	focus-visible	yazi	18.87	#101114	#FFFFFF	RadioButton#RbAdvPathSoftware > Grid > ContentPresenter#PART_ContentPresenter > TextBlock @RadioButton#RbAdvPathSoftware	Software
ana-kucult	checked	yazi	18.87	#101114	#FFFFFF	RadioButton#RbAdvPathSoftware > Grid > ContentPresenter#PART_ContentPresenter > TextBlock @RadioButton#RbAdvPathSoftware	Software
ana-kucult	pointerover	yazi	18.87	#101114	#FFFFFF	RadioButton#RbFltDeintAuto > Grid > ContentPresenter#PART_ContentPresenter > TextBlock @RadioButton#RbFltDeintAuto	Automatic
ana-kucult	pressed	yazi	18.87	#101114	#FFFFFF	RadioButton#RbFltDeintAuto > Grid > ContentPresenter#PART_ContentPresenter > TextBlock @RadioButton#RbFltDeintAuto	Automatic
ana-kucult	focus-visible	yazi	18.87	#101114	#FFFFFF	RadioButton#RbFltDeintAuto > Grid > ContentPresenter#PART_ContentPresenter > TextBlock @RadioButton#RbFltDeintAuto	Automatic
ana-kucult	checked	yazi	18.87	#101114	#FFFFFF	RadioButton#RbFltDeintAuto > Grid > ContentPresenter#PART_ContentPresenter > TextBlock @RadioButton#RbFltDeintAuto	Automatic
ana-kucult	pointerover	yazi	18.87	#101114	#FFFFFF	RadioButton#RbFltDeintOff > Grid > ContentPresenter#PART_ContentPresenter > TextBlock @RadioButton#RbFltDeintOff	Off
ana-kucult	pressed	yazi	18.87	#101114	#FFFFFF	RadioButton#RbFltDeintOff > Grid > ContentPresenter#PART_ContentPresenter > TextBlock @RadioButton#RbFltDeintOff	Off
ana-kucult	focus-visible	yazi	18.87	#101114	#FFFFFF	RadioButton#RbFltDeintOff > Grid > ContentPresenter#PART_ContentPresenter > TextBlock @RadioButton#RbFltDeintOff	Off
ana-kucult	checked	yazi	18.87	#101114	#FFFFFF	RadioButton#RbFltDeintOff > Grid > ContentPresenter#PART_ContentPresenter > TextBlock @RadioButton#RbFltDeintOff	Off
ana-kucult	pointerover	yazi	18.87	#101114	#FFFFFF	RadioButton#RbFltDenoiseOff > Grid > ContentPresenter#PART_ContentPresenter > TextBlock @RadioButton#RbFltDenoiseOff	Off
ana-kucult	pressed	yazi	18.87	#101114	#FFFFFF	RadioButton#RbFltDenoiseOff > Grid > ContentPresenter#PART_ContentPresenter > TextBlock @RadioButton#RbFltDenoiseOff	Off
ana-kucult	focus-visible	yazi	18.87	#101114	#FFFFFF	RadioButton#RbFltDenoiseOff > Grid > ContentPresenter#PART_ContentPresenter > TextBlock @RadioButton#RbFltDenoiseOff	Off
ana-kucult	checked	yazi	18.87	#101114	#FFFFFF	RadioButton#RbFltDenoiseOff > Grid > ContentPresenter#PART_ContentPresenter > TextBlock @RadioButton#RbFltDenoiseOff	Off
ana-kucult	pointerover	yazi	18.87	#101114	#FFFFFF	RadioButton#RbFltDenoiseNlm > Grid > ContentPresenter#PART_ContentPresenter > TextBlock @RadioButton#RbFltDenoiseNlm	NLMeans
ana-kucult	pressed	yazi	18.87	#101114	#FFFFFF	RadioButton#RbFltDenoiseNlm > Grid > ContentPresenter#PART_ContentPresenter > TextBlock @RadioButton#RbFltDenoiseNlm	NLMeans
ana-kucult	focus-visible	yazi	18.87	#101114	#FFFFFF	RadioButton#RbFltDenoiseNlm > Grid > ContentPresenter#PART_ContentPresenter > TextBlock @RadioButton#RbFltDenoiseNlm	NLMeans
ana-kucult	checked	yazi	18.87	#101114	#FFFFFF	RadioButton#RbFltDenoiseNlm > Grid > ContentPresenter#PART_ContentPresenter > TextBlock @RadioButton#RbFltDenoiseNlm	NLMeans
ana-kucult	pointerover	yazi	18.87	#101114	#FFFFFF	RadioButton#RbFltColorKeep > Grid > ContentPresenter#PART_ContentPresenter > TextBlock @RadioButton#RbFltColorKeep	Keep
ana-kucult	pressed	yazi	18.87	#101114	#FFFFFF	RadioButton#RbFltColorKeep > Grid > ContentPresenter#PART_ContentPresenter > TextBlock @RadioButton#RbFltColorKeep	Keep
ana-kucult	focus-visible	yazi	18.87	#101114	#FFFFFF	RadioButton#RbFltColorKeep > Grid > ContentPresenter#PART_ContentPresenter > TextBlock @RadioButton#RbFltColorKeep	Keep
ana-kucult	checked	yazi	18.87	#101114	#FFFFFF	RadioButton#RbFltColorKeep > Grid > ContentPresenter#PART_ContentPresenter > TextBlock @RadioButton#RbFltColorKeep	Keep
ana-kucult	pointerover	yazi	18.87	#101114	#FFFFFF	RadioButton#RbFltColor709 > Grid > ContentPresenter#PART_ContentPresenter > TextBlock @RadioButton#RbFltColor709	BT.709
ana-kucult	pressed	yazi	18.87	#101114	#FFFFFF	RadioButton#RbFltColor709 > Grid > ContentPresenter#PART_ContentPresenter > TextBlock @RadioButton#RbFltColor709	BT.709
ana-kucult	focus-visible	yazi	18.87	#101114	#FFFFFF	RadioButton#RbFltColor709 > Grid > ContentPresenter#PART_ContentPresenter > TextBlock @RadioButton#RbFltColor709	BT.709
ana-kucult	checked	yazi	18.87	#101114	#FFFFFF	RadioButton#RbFltColor709 > Grid > ContentPresenter#PART_ContentPresenter > TextBlock @RadioButton#RbFltColor709	BT.709
ana-kucult	focus-visible	yazi	18.87	#101114	#FFFFFF	Border#Root > Panel > ContentPresenter#PART_ContentPresenter > TextBlock @Button#BtnReveal	Show in Folder
ana-donustur	dinlenik	yazi	18.87	#101114	#FFFFFF	Grid > Border > StackPanel > TextBlock#TxtConvertSource @ScrollViewer#PageConvert	Load a source in Shrink or browse here.
ana-kaydedici	dinlenik	yazi	18.87	#101114	#FFFFFF	Grid > Border#PanelTarget > StackPanel > TextBlock @ScrollViewer#PageRecorder	Width and height both have to be even nu…
ana-kaydedici	dinlenik	yazi	18.87	#101114	#FFFFFF	RadioButton#RadAuto > Grid > ContentPresenter#PART_ContentPresenter > TextBlock @RadioButton#RadAuto	Let the program pick the settings
ana-kaydedici	dinlenik	yazi	18.87	#101114	#FFFFFF	CheckBox#ChkClickSound > Grid > ContentPresenter#PART_ContentPresenter > TextBlock @CheckBox#ChkClickSound	Click Sound
ana-kaydedici	dinlenik	yazi	18.87	#101114	#FFFFFF	CheckBox#ChkLivePreview > Grid > ContentPresenter#PART_ContentPresenter > TextBlock @CheckBox#ChkLivePreview	Live Preview
ana-kaydedici	dinlenik	yazi	18.87	#101114	#FFFFFF	CheckBox#ChkNoiseGate > Grid > ContentPresenter#PART_ContentPresenter > TextBlock @CheckBox#ChkNoiseGate	Noise Gate
ana-kaydedici	pointerover	yazi	18.87	#101114	#FFFFFF	RadioButton#RadAuto > Grid > ContentPresenter#PART_ContentPresenter > TextBlock @RadioButton#RadAuto	Let the program pick the settings
ana-kaydedici	pressed	yazi	18.87	#101114	#FFFFFF	RadioButton#RadAuto > Grid > ContentPresenter#PART_ContentPresenter > TextBlock @RadioButton#RadAuto	Let the program pick the settings
ana-kaydedici	focus-visible	yazi	18.87	#101114	#FFFFFF	RadioButton#RadAuto > Grid > ContentPresenter#PART_ContentPresenter > TextBlock @RadioButton#RadAuto	Let the program pick the settings
ana-kaydedici	checked	yazi	18.87	#101114	#FFFFFF	RadioButton#RadAuto > Grid > ContentPresenter#PART_ContentPresenter > TextBlock @RadioButton#RadAuto	Let the program pick the settings
ana-kaydedici	pointerover	yazi	18.87	#101114	#FFFFFF	CheckBox#ChkClickSound > Grid > ContentPresenter#PART_ContentPresenter > TextBlock @CheckBox#ChkClickSound	Click Sound
ana-kaydedici	pressed	yazi	18.87	#101114	#FFFFFF	CheckBox#ChkClickSound > Grid > ContentPresenter#PART_ContentPresenter > TextBlock @CheckBox#ChkClickSound	Click Sound
ana-kaydedici	focus-visible	yazi	18.87	#101114	#FFFFFF	CheckBox#ChkClickSound > Grid > ContentPresenter#PART_ContentPresenter > TextBlock @CheckBox#ChkClickSound	Click Sound
ana-kaydedici	checked	yazi	18.87	#101114	#FFFFFF	CheckBox#ChkClickSound > Grid > ContentPresenter#PART_ContentPresenter > TextBlock @CheckBox#ChkClickSound	Click Sound
ana-kaydedici	pointerover	yazi	18.87	#101114	#FFFFFF	CheckBox#ChkLivePreview > Grid > ContentPresenter#PART_ContentPresenter > TextBlock @CheckBox#ChkLivePreview	Live Preview
ana-kaydedici	pressed	yazi	18.87	#101114	#FFFFFF	CheckBox#ChkLivePreview > Grid > ContentPresenter#PART_ContentPresenter > TextBlock @CheckBox#ChkLivePreview	Live Preview
ana-kaydedici	focus-visible	yazi	18.87	#101114	#FFFFFF	CheckBox#ChkLivePreview > Grid > ContentPresenter#PART_ContentPresenter > TextBlock @CheckBox#ChkLivePreview	Live Preview
ana-kaydedici	checked	yazi	18.87	#101114	#FFFFFF	CheckBox#ChkLivePreview > Grid > ContentPresenter#PART_ContentPresenter > TextBlock @CheckBox#ChkLivePreview	Live Preview
ana-kaydedici	pointerover	yazi	18.87	#101114	#FFFFFF	CheckBox#ChkNoiseGate > Grid > ContentPresenter#PART_ContentPresenter > TextBlock @CheckBox#ChkNoiseGate	Noise Gate
ana-kaydedici	pressed	yazi	18.87	#101114	#FFFFFF	CheckBox#ChkNoiseGate > Grid > ContentPresenter#PART_ContentPresenter > TextBlock @CheckBox#ChkNoiseGate	Noise Gate
ana-kaydedici	focus-visible	yazi	18.87	#101114	#FFFFFF	CheckBox#ChkNoiseGate > Grid > ContentPresenter#PART_ContentPresenter > TextBlock @CheckBox#ChkNoiseGate	Noise Gate
ana-kaydedici	checked	yazi	18.87	#101114	#FFFFFF	CheckBox#ChkNoiseGate > Grid > ContentPresenter#PART_ContentPresenter > TextBlock @CheckBox#ChkNoiseGate	Noise Gate
ana-gelismis	dinlenik	yazi	18.87	#101114	#FFFFFF	Border#Root > Panel > ContentPresenter#PART_ContentPresenter > TextBlock @ScrollViewer#PageAdvanced	Copy Prompt
ana-gelismis	focus-visible	yazi	18.87	#101114	#FFFFFF	Border#Root > Panel > ContentPresenter#PART_ContentPresenter > TextBlock @ScrollViewer#PageAdvanced	Copy Prompt
ana-ayarlar	dinlenik	yazi	18.87	#101114	#FFFFFF	Border#GeneralSettingsPanel > StackPanel > StackPanel > TextBlock#LblOutputNamePreview @ScrollViewer#PageSettings	The name cannot be empty.
ana-ayarlar	dinlenik	yazi	18.87	#101114	#FFFFFF	Border#GeneralSettingsPanel > StackPanel > StackPanel > TextBlock @ScrollViewer#PageSettings	The output file name is built from this …
ana-ayarlar	dinlenik	yazi	18.87	#101114	#FFFFFF	RadioButton > Grid > ContentPresenter#PART_ContentPresenter > TextBlock @ScrollViewer#PageSettings	storage.to
ana-ayarlar	dinlenik	yazi	18.87	#101114	#FFFFFF	CheckBox#ChkAutoUpdate > Grid > ContentPresenter#PART_ContentPresenter > TextBlock @CheckBox#ChkAutoUpdate	Update Automatically
ana-ayarlar	dinlenik	yazi	18.87	#101114	#FFFFFF	Border#Root > StackPanel > Grid#Rows > TextBlock @PlayerShortcutsPanel#PlayerShortcutsPanel	Wheel
ana-ayarlar	dinlenik	simge	18.87	#101114	#FFFFFF	Panel > ContentPresenter#PART_ContentPresenter > Grid > Path#Glyph @Button#BtnToggle	Glyph
ana-ayarlar	dinlenik	yazi	18.87	#101114	#FFFFFF	Panel > ContentPresenter#PART_ContentPresenter > Grid > TextBlock#TxtSummary @Button#BtnToggle	untouched
ana-ayarlar	dinlenik	yazi	18.87	#101114	#FFFFFF	Border#Root > Panel > ContentPresenter#PART_ContentPresenter > TextBlock @Button#BtnOpenLog	Open the Log
ana-ayarlar	dinlenik	simge	18.87	#101114	#FFFFFF	Panel > ContentPresenter#PART_ContentPresenter > Grid > Path#AboutGlyph @Button#BtnAboutToggle	AboutGlyph
ana-ayarlar	dinlenik	yazi	18.87	#101114	#FFFFFF	Border#Root > Panel > ContentPresenter#PART_ContentPresenter > TextBlock @Button#BtnResetSettings	Reset All Settings
ana-ayarlar	dinlenik	yazi	18.87	#101114	#FFFFFF	RadioButton#RbOutputBesideSource > Grid > ContentPresenter#PART_ContentPresenter > TextBlock @RadioButton#RbOutputBesideSource	Next to the Source File
ana-ayarlar	dinlenik	yazi	18.87	#101114	#FFFFFF	Border#Root > Panel > ContentPresenter#PART_ContentPresenter > TextBlock @Button#BtnOpenSubtitlesSignOut	Sign Out
ana-ayarlar	dinlenik	yazi	18.87	#101114	#FFFFFF	StackPanel > StackPanel#Body > Grid#Rows > TextBlock @PlayerAdvancedPanel#PlayerAdvancedPanel	Brightness 0
ana-ayarlar	dinlenik	yazi	18.87	#101114	#FFFFFF	Border#Root > Panel > ContentPresenter#PART_ContentPresenter > TextBlock @PlayerAdvancedPanel#PlayerAdvancedPanel	-
ana-ayarlar	dinlenik	yazi	18.87	#101114	#FFFFFF	Border#Root > Panel > ContentPresenter#PART_ContentPresenter > TextBlock @Button#BtnReset	Reset Everything
ana-ayarlar	dinlenik	yazi	18.87	#101114	#FFFFFF	Border#Root > Panel > ContentPresenter#PART_ContentPresenter > TextBlock @Button#BtnConfirmResetSettings	Reset Settings
ana-ayarlar	dinlenik	yazi	18.87	#101114	#FFFFFF	Border#Root > Panel > ContentPresenter#PART_ContentPresenter > TextBlock @Button#BtnCancelResetSettings	Cancel
ana-ayarlar	pointerover	yazi	18.87	#101114	#FFFFFF	RadioButton#RbOutputBesideSource > Grid > ContentPresenter#PART_ContentPresenter > TextBlock @RadioButton#RbOutputBesideSource	Next to the Source File
ana-ayarlar	pressed	yazi	18.87	#101114	#FFFFFF	RadioButton#RbOutputBesideSource > Grid > ContentPresenter#PART_ContentPresenter > TextBlock @RadioButton#RbOutputBesideSource	Next to the Source File
ana-ayarlar	focus-visible	yazi	18.87	#101114	#FFFFFF	RadioButton#RbOutputBesideSource > Grid > ContentPresenter#PART_ContentPresenter > TextBlock @RadioButton#RbOutputBesideSource	Next to the Source File
ana-ayarlar	checked	yazi	18.87	#101114	#FFFFFF	RadioButton#RbOutputBesideSource > Grid > ContentPresenter#PART_ContentPresenter > TextBlock @RadioButton#RbOutputBesideSource	Next to the Source File
ana-ayarlar	focus-visible	yazi	18.87	#101114	#FFFFFF	Border#Root > Panel > ContentPresenter#PART_ContentPresenter > TextBlock @Button#BtnOpenSubtitlesSignOut	Sign Out
ana-ayarlar	pointerover	yazi	18.87	#101114	#FFFFFF	RadioButton > Grid > ContentPresenter#PART_ContentPresenter > TextBlock @ScrollViewer#PageSettings	storage.to
ana-ayarlar	pressed	yazi	18.87	#101114	#FFFFFF	RadioButton > Grid > ContentPresenter#PART_ContentPresenter > TextBlock @ScrollViewer#PageSettings	storage.to
ana-ayarlar	focus-visible	yazi	18.87	#101114	#FFFFFF	RadioButton > Grid > ContentPresenter#PART_ContentPresenter > TextBlock @ScrollViewer#PageSettings	storage.to
ana-ayarlar	checked	yazi	18.87	#101114	#FFFFFF	RadioButton > Grid > ContentPresenter#PART_ContentPresenter > TextBlock @ScrollViewer#PageSettings	storage.to
ana-ayarlar	pointerover	yazi	18.87	#101114	#FFFFFF	CheckBox#ChkAutoUpdate > Grid > ContentPresenter#PART_ContentPresenter > TextBlock @CheckBox#ChkAutoUpdate	Update Automatically
ana-ayarlar	pressed	yazi	18.87	#101114	#FFFFFF	CheckBox#ChkAutoUpdate > Grid > ContentPresenter#PART_ContentPresenter > TextBlock @CheckBox#ChkAutoUpdate	Update Automatically
ana-ayarlar	focus-visible	yazi	18.87	#101114	#FFFFFF	CheckBox#ChkAutoUpdate > Grid > ContentPresenter#PART_ContentPresenter > TextBlock @CheckBox#ChkAutoUpdate	Update Automatically
ana-ayarlar	checked	yazi	18.87	#101114	#FFFFFF	CheckBox#ChkAutoUpdate > Grid > ContentPresenter#PART_ContentPresenter > TextBlock @CheckBox#ChkAutoUpdate	Update Automatically
ana-ayarlar	pointerover	yazi	18.87	#101114	#FFFFFF	Panel > ContentPresenter#PART_ContentPresenter > Grid > TextBlock#TxtSummary @Button#BtnToggle	untouched
ana-ayarlar	pressed	simge	18.87	#101114	#FFFFFF	Panel > ContentPresenter#PART_ContentPresenter > Grid > Path#Glyph @Button#BtnToggle	Glyph
ana-ayarlar	pressed	yazi	18.87	#101114	#FFFFFF	Panel > ContentPresenter#PART_ContentPresenter > Grid > TextBlock#TxtSummary @Button#BtnToggle	untouched
ana-ayarlar	focus-visible	simge	18.87	#101114	#FFFFFF	Panel > ContentPresenter#PART_ContentPresenter > Grid > Path#Glyph @Button#BtnToggle	Glyph
ana-ayarlar	focus-visible	yazi	18.87	#101114	#FFFFFF	Panel > ContentPresenter#PART_ContentPresenter > Grid > TextBlock#TxtSummary @Button#BtnToggle	untouched
ana-ayarlar	edilgen	yazi	18.87	#101114	#FFFFFF	Panel > ContentPresenter#PART_ContentPresenter > Grid > TextBlock#TxtSummary @Button#BtnToggle	untouched
ana-ayarlar	focus-visible	yazi	18.87	#101114	#FFFFFF	Border#Root > Panel > ContentPresenter#PART_ContentPresenter > TextBlock @PlayerAdvancedPanel#PlayerAdvancedPanel	-
ana-ayarlar	focus-visible	yazi	18.87	#101114	#FFFFFF	Border#Root > Panel > ContentPresenter#PART_ContentPresenter > TextBlock @Button#BtnReset	Reset Everything
ana-ayarlar	focus-visible	yazi	18.87	#101114	#FFFFFF	Border#Root > Panel > ContentPresenter#PART_ContentPresenter > TextBlock @Button#BtnOpenLog	Open the Log
ana-ayarlar	pressed	simge	18.87	#101114	#FFFFFF	Panel > ContentPresenter#PART_ContentPresenter > Grid > Path#AboutGlyph @Button#BtnAboutToggle	AboutGlyph
ana-ayarlar	focus-visible	simge	18.87	#101114	#FFFFFF	Panel > ContentPresenter#PART_ContentPresenter > Grid > Path#AboutGlyph @Button#BtnAboutToggle	AboutGlyph
ana-ayarlar	focus-visible	yazi	18.87	#101114	#FFFFFF	Border#Root > Panel > ContentPresenter#PART_ContentPresenter > TextBlock @Button#BtnResetSettings	Reset All Settings
ana-ayarlar	focus-visible	yazi	18.87	#101114	#FFFFFF	Border#Root > Panel > ContentPresenter#PART_ContentPresenter > TextBlock @Button#BtnConfirmResetSettings	Reset Settings
ana-ayarlar	focus-visible	yazi	18.87	#101114	#FFFFFF	Border#Root > Panel > ContentPresenter#PART_ContentPresenter > TextBlock @Button#BtnCancelResetSettings	Cancel
ana-kucult	dinlenik	yazi	18.88	#101114	#FFFFFF	StackPanel > SutunIzgara#OutputFacts > StackPanel > TextBlock#TxtStage @ScrollViewer#PageShrink	Idle
ana-kucult	dinlenik	yazi	18.88	#101114	#FFFFFF	StackPanel > SutunIzgara#OutputFacts > StackPanel > TextBlock#TxtOutSize @ScrollViewer#PageShrink	-
ana-kaydedici	dinlenik	yazi	18.88	#101114	#FFFFFF	Border#Root > Panel > ContentPresenter#PART_ContentPresenter > TextBlock @Button#BtnReplay	Start Buffer
ana-kaydedici	dinlenik	simge	18.88	#101114	#FFFFFF	Border#Root > Panel > ContentPresenter#PART_ContentPresenter > Path @Button#BtnMini	Path
ana-gelismis	dinlenik	yazi	18.88	#101114	#FFFFFF	Border#Root > Panel > ContentPresenter#PART_ContentPresenter > TextBlock @Button#BtnHideAdvanced	Close
ana-gelismis	dinlenik	simge	18.88	#101114	#FFFFFF	Border#Root > Panel > ContentPresenter#PART_ContentPresenter > Path#GlyphAiDetails @Button#BtnAiDetails	GlyphAiDetails
ana-gelismis	focus-visible	yazi	18.88	#101114	#FFFFFF	Border#Root > Panel > ContentPresenter#PART_ContentPresenter > TextBlock @Button#BtnHideAdvanced	Close
kucultme-isi	dinlenik	yazi	18.88	#111114	#FFFFFF	ContentPresenter#PART_ContentPresenter > Border#JobShell > StackPanel > TextBlock#TxtHeadline	Kabuk İsteği Bekleniyor
kucultme-isi	dinlenik	yazi	18.88	#111114	#FFFFFF	Border#JobShell > StackPanel > Grid#RowFacts > TextBlock#TxtStage	-
kucultme-isi	dinlenik	yazi	18.88	#111114	#FFFFFF	Border#JobShell > StackPanel > Grid#RowFacts > TextBlock#TxtRemaining	-
kucultme-isi	dinlenik	yazi	18.88	#111114	#FFFFFF	ContentPresenter#PART_ContentPresenter > Border#JobShell > StackPanel > TextBlock#TxtMessage	Örnek 0.9
kucultme-isi	dinlenik	yazi	18.88	#111114	#FFFFFF	Border#JobShell > StackPanel > StackPanel#OvershootPanel > TextBlock	Hedefin Üzerinde
kucultme-isi	dinlenik	yazi	18.88	#111114	#FFFFFF	Border#JobShell > StackPanel > StackPanel#OvershootPanel > TextBlock#TxtOvershoot	Örnek 0.9
kucultme-isi	dinlenik	yazi	18.88	#111114	#FFFFFF	ContentPresenter#PART_ContentPresenter > Border#JobShell > StackPanel > TextBlock#TxtPaused	Duraklatıldı: şimdiki dosya biter, sırad…
kucultme-isi	dinlenik	yazi	18.88	#111114	#FFFFFF	Border#JobShell > StackPanel > Grid#CountdownRow > TextBlock#TxtCountdown	Örnek 0.9
ana-oynatici	dinlenik	yazi	20.28	#020706	#FFFFFF	Border#Root > Panel > ContentPresenter#PART_ContentPresenter > TextBlock	Türkçe
ana-oynatici	dinlenik	simge	20.28	#020706	#FFFFFF	Border#Root > Panel > ContentPresenter#PART_ContentPresenter > Path @Button#BtnClose	Path
ana-oynatici	focus-visible	yazi	20.28	#020706	#FFFFFF	Border#Root > Panel > ContentPresenter#PART_ContentPresenter > TextBlock	Türkçe
ana-oynatici	focus-visible	simge	20.28	#020706	#FFFFFF	Border#Root > Panel > ContentPresenter#PART_ContentPresenter > Path @Button#BtnClose	Path
ana-oynatici	edilgen	simge	20.28	#020706	#FFFFFF	Border#Root > Panel > ContentPresenter#PART_ContentPresenter > Path @Button#BtnClose	Path
ana-kucult	dinlenik	yazi	20.28	#020706	#FFFFFF	Border#Root > Panel > ContentPresenter#PART_ContentPresenter > TextBlock	Türkçe
ana-kucult	dinlenik	simge	20.28	#020706	#FFFFFF	Border#Root > Panel > ContentPresenter#PART_ContentPresenter > Path @Button#BtnClose	Path
ana-kucult	focus-visible	yazi	20.28	#020706	#FFFFFF	Border#Root > Panel > ContentPresenter#PART_ContentPresenter > TextBlock	Türkçe
ana-kucult	focus-visible	simge	20.28	#020706	#FFFFFF	Border#Root > Panel > ContentPresenter#PART_ContentPresenter > Path @Button#BtnClose	Path
ana-kucult	edilgen	simge	20.28	#020706	#FFFFFF	Border#Root > Panel > ContentPresenter#PART_ContentPresenter > Path @Button#BtnClose	Path
ana-donustur	dinlenik	yazi	20.28	#020706	#FFFFFF	Border#Root > Panel > ContentPresenter#PART_ContentPresenter > TextBlock	Türkçe
ana-donustur	dinlenik	simge	20.28	#020706	#FFFFFF	Border#Root > Panel > ContentPresenter#PART_ContentPresenter > Path @Button#BtnClose	Path
ana-donustur	focus-visible	yazi	20.28	#020706	#FFFFFF	Border#Root > Panel > ContentPresenter#PART_ContentPresenter > TextBlock	Türkçe
ana-donustur	focus-visible	simge	20.28	#020706	#FFFFFF	Border#Root > Panel > ContentPresenter#PART_ContentPresenter > Path @Button#BtnClose	Path
ana-donustur	edilgen	simge	20.28	#020706	#FFFFFF	Border#Root > Panel > ContentPresenter#PART_ContentPresenter > Path @Button#BtnClose	Path
ana-kaydedici	dinlenik	yazi	20.28	#020706	#FFFFFF	RadioButton#RadSimple > Grid > ContentPresenter#PART_ContentPresenter > TextBlock @RadioButton#RadSimple	Simple
ana-kaydedici	dinlenik	yazi	20.28	#020706	#FFFFFF	Border#Root > Panel > ContentPresenter#PART_ContentPresenter > TextBlock	Türkçe
ana-kaydedici	dinlenik	simge	20.28	#020706	#FFFFFF	Border#Root > Panel > ContentPresenter#PART_ContentPresenter > Path @Button#BtnClose	Path
ana-kaydedici	focus-visible	yazi	20.28	#020706	#FFFFFF	Border#Root > Panel > ContentPresenter#PART_ContentPresenter > TextBlock	Türkçe
ana-kaydedici	focus-visible	simge	20.28	#020706	#FFFFFF	Border#Root > Panel > ContentPresenter#PART_ContentPresenter > Path @Button#BtnClose	Path
ana-kaydedici	edilgen	simge	20.28	#020706	#FFFFFF	Border#Root > Panel > ContentPresenter#PART_ContentPresenter > Path @Button#BtnClose	Path
ana-gelismis	dinlenik	yazi	20.28	#020706	#FFFFFF	Border#Root > Panel > ContentPresenter#PART_ContentPresenter > TextBlock	Türkçe
ana-gelismis	dinlenik	simge	20.28	#020706	#FFFFFF	Border#Root > Panel > ContentPresenter#PART_ContentPresenter > Path @Button#BtnClose	Path
ana-gelismis	focus-visible	yazi	20.28	#020706	#FFFFFF	Border#Root > Panel > ContentPresenter#PART_ContentPresenter > TextBlock	Türkçe
ana-gelismis	focus-visible	simge	20.28	#020706	#FFFFFF	Border#Root > Panel > ContentPresenter#PART_ContentPresenter > Path @Button#BtnClose	Path
ana-gelismis	edilgen	simge	20.28	#020706	#FFFFFF	Border#Root > Panel > ContentPresenter#PART_ContentPresenter > Path @Button#BtnClose	Path
ana-ayarlar	dinlenik	yazi	20.28	#020706	#FFFFFF	Border#Root > Panel > ContentPresenter#PART_ContentPresenter > TextBlock	Türkçe
ana-ayarlar	dinlenik	simge	20.28	#020706	#FFFFFF	Border#Root > Panel > ContentPresenter#PART_ContentPresenter > Path @Button#BtnClose	Path
ana-ayarlar	focus-visible	yazi	20.28	#020706	#FFFFFF	Border#Root > Panel > ContentPresenter#PART_ContentPresenter > TextBlock	Türkçe
ana-ayarlar	focus-visible	simge	20.28	#020706	#FFFFFF	Border#Root > Panel > ContentPresenter#PART_ContentPresenter > Path @Button#BtnClose	Path
ana-ayarlar	edilgen	simge	20.28	#020706	#FFFFFF	Border#Root > Panel > ContentPresenter#PART_ContentPresenter > Path @Button#BtnClose	Path
ana-oynatici	dinlenik	yazi	20.36	#050507	#FFFFFF	Grid > Border#Stage > Panel#Surface > TextBlock#TxtEmpty @PlayerView#Player	No File Loaded
ana-oynatici	dinlenik	yazi	20.36	#050507	#FFFFFF	Grid > Grid > Grid > TextBlock#TxtSeritTime @PlayerView#Player	--:-- / --:--
ana-oynatici	dinlenik	simge	20.36	#050507	#FFFFFF	Border#Root > Panel > ContentPresenter#PART_ContentPresenter > Path#GlyphSeritVolume @Button#BtnSeritMute	GlyphSeritVolume
ana-oynatici	dinlenik	simge	20.36	#050507	#FFFFFF	Panel > ContentPresenter#PART_ContentPresenter > StackPanel > Path @Button#BtnSeritBack	Path
ana-oynatici	dinlenik	yazi	20.36	#050507	#FFFFFF	Panel > ContentPresenter#PART_ContentPresenter > StackPanel > TextBlock#TxtSeritBack @Button#BtnSeritBack	−10
ana-oynatici	dinlenik	simge	20.36	#050507	#FFFFFF	Border#Root > Panel > ContentPresenter#PART_ContentPresenter > Path#GlyphSeritPlay @Button#BtnSeritPlay	GlyphSeritPlay
ana-oynatici	dinlenik	yazi	20.36	#050507	#FFFFFF	Panel > ContentPresenter#PART_ContentPresenter > StackPanel > TextBlock#TxtSeritForward @Button#BtnSeritForward	+10
ana-oynatici	dinlenik	simge	20.36	#050507	#FFFFFF	Panel > ContentPresenter#PART_ContentPresenter > StackPanel > Path @Button#BtnSeritForward	Path
ana-oynatici	dinlenik	simge	20.36	#050507	#FFFFFF	Border#Root > Panel > ContentPresenter#PART_ContentPresenter > Path @Button#BtnSeritSpeedReset	Path
ana-oynatici	dinlenik	simge	20.36	#050507	#FFFFFF	Border#Root > Panel > ContentPresenter#PART_ContentPresenter > Path @Button#BtnSeritFullScreen	Path
ana-oynatici	dinlenik	yazi	20.36	#050507	#FFFFFF	Panel#Surface > StackPanel > Border#InfoPanel > TextBlock#TxtInfo @PlayerView#Player	Örnek 0.9
ana-oynatici	dinlenik	yazi	20.36	#050507	#FFFFFF	StackPanel > Border#DiagPanel > StackPanel > TextBlock#TxtView @PlayerView#Player	Örnek 0.9
ana-oynatici	dinlenik	yazi	20.36	#050507	#FFFFFF	StackPanel > Border#DiagPanel > StackPanel > TextBlock#TxtState @PlayerView#Player	position 0 s - paused - zoom 100%
ana-oynatici	dinlenik	yazi	20.36	#050507	#FFFFFF	StackPanel > Border#DiagPanel > StackPanel > TextBlock#TxtControls @PlayerView#Player	volume 100% - speed 1× - A-B off - bookm…
ana-oynatici	dinlenik	yazi	20.36	#050507	#FFFFFF	Canvas#ThumbLayer > Border#ThumbChip > StackPanel > TextBlock#ThumbTime @PlayerView#Player	Örnek 0.9
ana-oynatici	focus-visible	simge	20.36	#050507	#FFFFFF	Border#Root > Panel > ContentPresenter#PART_ContentPresenter > Path#GlyphSeritVolume @Button#BtnSeritMute	GlyphSeritVolume
ana-oynatici	focus-visible	simge	20.36	#050507	#FFFFFF	Panel > ContentPresenter#PART_ContentPresenter > StackPanel > Path @Button#BtnSeritBack	Path
ana-oynatici	focus-visible	yazi	20.36	#050507	#FFFFFF	Panel > ContentPresenter#PART_ContentPresenter > StackPanel > TextBlock#TxtSeritBack @Button#BtnSeritBack	−10
ana-oynatici	focus-visible	simge	20.36	#050507	#FFFFFF	Border#Root > Panel > ContentPresenter#PART_ContentPresenter > Path#GlyphSeritPlay @Button#BtnSeritPlay	GlyphSeritPlay
ana-oynatici	focus-visible	yazi	20.36	#050507	#FFFFFF	Panel > ContentPresenter#PART_ContentPresenter > StackPanel > TextBlock#TxtSeritForward @Button#BtnSeritForward	+10
ana-oynatici	focus-visible	simge	20.36	#050507	#FFFFFF	Panel > ContentPresenter#PART_ContentPresenter > StackPanel > Path @Button#BtnSeritForward	Path
ana-oynatici	focus-visible	simge	20.36	#050507	#FFFFFF	Border#Root > Panel > ContentPresenter#PART_ContentPresenter > Path @Button#BtnSeritSpeedReset	Path
ana-oynatici	focus-visible	simge	20.36	#050507	#FFFFFF	Border#Root > Panel > ContentPresenter#PART_ContentPresenter > Path @Button#BtnSeritFullScreen	Path
ana-kucult	dinlenik	yazi	20.36	#050507	#FFFFFF	Grid > Grid#Stage > Border#RightCurtain > TextBlock#RightCurtainText @ComparisonPanel#Preview	Örnek 0.9
ana-kaydedici	dinlenik	yazi	20.46	#020505	#FFFFFF	RadioButton#RadAdvanced > Grid > ContentPresenter#PART_ContentPresenter > TextBlock @RadioButton#RadAdvanced	Advanced
